rail,k,L_m,j_A_per_m2,T_L_K,T_R_K,T_m_K,Gamma_m,sigma_T_Pa
0,0,1.000000000e-04,-1.988008894e+09,343.647000,343.695000,0.014199,6.921285402e-06,2.494588e+08
0,1,1.000000000e-04,-5.702175673e+09,343.695000,343.844700,0.116820,6.921285402e-06,2.491985e+08
0,2,1.000000000e-04,4.944396409e+09,343.844700,344.097000,0.087834,6.921285402e-06,2.489538e+08
0,3,1.000000000e-04,1.140893880e+09,344.097000,344.461100,0.004677,6.921285402e-06,2.486250e+08
0,4,1.000000000e-04,-1.233575790e+09,344.461100,344.980000,0.005467,6.921285402e-06,2.480104e+08
0,5,1.000000000e-04,-4.851714499e+09,344.980000,345.680900,0.084572,6.921285402e-06,2.470679e+08
0,6,1.000000000e-04,4.759415319e+09,345.680900,346.681600,0.081385,6.921285402e-06,2.458891e+08
0,7,1.000000000e-04,1.153789845e+09,346.681600,348.082100,0.004783,6.921285402e-06,2.443120e+08
0,8,1.000000000e-04,-1.166987982e+09,348.082100,350.031200,0.004893,6.921285402e-06,2.419839e+08
0,9,1.000000000e-04,-4.746217183e+09,350.031200,352.764500,0.080934,6.921285402e-06,2.386386e+08
0,10,1.000000000e-04,4.733011752e+09,352.764500,355.452700,0.080484,6.921285402e-06,2.348712e+08
0,11,1.000000000e-04,1.155584558e+09,355.452700,357.286600,0.004798,6.921285402e-06,2.318189e+08
0,12,1.000000000e-04,-1.157491295e+09,357.286600,358.463700,0.004814,6.921285402e-06,2.297263e+08
0,13,1.000000000e-04,-4.731105015e+09,358.463700,359.124000,0.080419,6.921285402e-06,2.283587e+08
0,14,1.000000000e-04,4.729082583e+09,359.124000,359.340500,0.080350,6.921285402e-06,2.277494e+08
0,15,1.000000000e-04,1.155745358e+09,359.340500,359.165100,0.004799,6.921285402e-06,2.278114e+08
0,16,1.000000000e-04,-1.156150538e+09,359.165100,358.538400,0.004802,6.921285402e-06,2.283688e+08
0,17,1.000000000e-04,-4.728677403e+09,358.538400,357.402900,0.080337,6.921285402e-06,2.295031e+08
0,18,1.000000000e-04,4.727465996e+09,357.402900,355.617900,0.080296,6.921285402e-06,2.315329e+08
0,19,1.000000000e-04,1.155104868e+09,355.617900,352.963500,0.004794,6.921285402e-06,2.347087e+08
0,20,1.000000000e-04,-1.156084167e+09,352.963500,350.271300,0.004802,6.921285402e-06,2.384246e+08
0,21,1.000000000e-04,-4.726486696e+09,350.271300,348.352400,0.080262,6.921285402e-06,2.415389e+08
0,22,1.000000000e-04,4.719877408e+09,348.352400,346.987300,0.080038,6.921285402e-06,2.438216e+08
0,23,1.000000000e-04,1.150376683e+09,346.987300,346.017900,0.004755,6.921285402e-06,2.455342e+08
0,24,1.000000000e-04,-1.156957618e+09,346.017900,345.329500,0.004809,6.921285402e-06,2.466863e+08
0,25,1.000000000e-04,-4.713296472e+09,345.329500,344.821000,0.079815,6.921285402e-06,2.474283e+08
0,26,1.000000000e-04,4.667308837e+09,344.821000,344.449000,0.078265,6.921285402e-06,2.480421e+08
0,27,1.000000000e-04,1.117221701e+09,344.449000,344.159000,0.004484,6.921285402e-06,2.485906e+08
0,28,1.000000000e-04,-1.163324914e+09,344.159000,343.930000,0.004862,6.921285402e-06,2.489508e+08
0,29,1.000000000e-04,-4.621205624e+09,343.930000,343.742500,0.076726,6.921285402e-06,2.491542e+08
0,30,1.000000000e-04,4.391010614e+09,343.742500,343.579000,0.069273,6.921285402e-06,2.494071e+08
0,31,1.000000000e-04,1.055648556e+09,343.579000,343.442000,0.004004,6.921285402e-06,2.496941e+08
0,32,1.000000000e-04,-1.076352046e+09,343.442000,343.317000,0.004162,6.921285402e-06,2.498760e+08
0,33,1.000000000e-04,-4.370307124e+09,343.317000,343.205000,0.068621,6.921285402e-06,2.499635e+08
0,34,1.000000000e-04,4.421670025e+09,343.205000,343.098500,0.070244,6.921285402e-06,2.501134e+08
0,35,1.000000000e-04,1.120766210e+09,343.098500,343.003000,0.004513,6.921285402e-06,2.503326e+08
0,36,1.000000000e-04,-1.041083766e+09,343.003000,342.916700,0.003894,6.921285402e-06,2.504596e+08
0,37,1.000000000e-04,-4.501352469e+09,342.916700,342.846300,0.072798,6.921285402e-06,2.504860e+08
0,38,1.000000000e-04,5.186282819e+09,342.846300,342.800100,0.096638,6.921285402e-06,2.505385e+08
0,39,1.000000000e-04,1.807852112e+09,342.800100,342.779000,0.011743,6.921285402e-06,2.506870e+08
1,0,1.000000000e-04,-1.988008894e+09,343.647000,343.695000,0.014199,6.921285402e-06,2.494588e+08
1,1,1.000000000e-04,-5.702175673e+09,343.695000,343.844700,0.116820,6.921285402e-06,2.491985e+08
1,2,1.000000000e-04,4.944396409e+09,343.844700,344.097000,0.087834,6.921285402e-06,2.489538e+08
1,3,1.000000000e-04,1.140893880e+09,344.097000,344.461100,0.004677,6.921285402e-06,2.486250e+08
1,4,1.000000000e-04,-1.233575790e+09,344.461100,344.980000,0.005467,6.921285402e-06,2.480104e+08
1,5,1.000000000e-04,-4.851714499e+09,344.980000,345.680900,0.084572,6.921285402e-06,2.470679e+08
1,6,1.000000000e-04,4.759415319e+09,345.680900,346.681600,0.081385,6.921285402e-06,2.458891e+08
1,7,1.000000000e-04,1.153789845e+09,346.681600,348.082100,0.004783,6.921285402e-06,2.443120e+08
1,8,1.000000000e-04,-1.166987982e+09,348.082100,350.031200,0.004893,6.921285402e-06,2.419839e+08
1,9,1.000000000e-04,-4.746217183e+09,350.031200,352.764500,0.080934,6.921285402e-06,2.386386e+08
1,10,1.000000000e-04,4.733011752e+09,352.764500,355.452700,0.080484,6.921285402e-06,2.348712e+08
1,11,1.000000000e-04,1.155584558e+09,355.452700,357.286600,0.004798,6.921285402e-06,2.318189e+08
1,12,1.000000000e-04,-1.157491295e+09,357.286600,358.463700,0.004814,6.921285402e-06,2.297263e+08
1,13,1.000000000e-04,-4.731105015e+09,358.463700,359.124000,0.080419,6.921285402e-06,2.283587e+08
1,14,1.000000000e-04,4.729082583e+09,359.124000,359.340500,0.080350,6.921285402e-06,2.277494e+08
1,15,1.000000000e-04,1.155745358e+09,359.340500,359.165100,0.004799,6.921285402e-06,2.278114e+08
1,16,1.000000000e-04,-1.156150538e+09,359.165100,358.538400,0.004802,6.921285402e-06,2.283688e+08
1,17,1.000000000e-04,-4.728677403e+09,358.538400,357.402900,0.080337,6.921285402e-06,2.295031e+08
1,18,1.000000000e-04,4.727465996e+09,357.402900,355.617900,0.080296,6.921285402e-06,2.315329e+08
1,19,1.000000000e-04,1.155104868e+09,355.617900,352.963500,0.004794,6.921285402e-06,2.347087e+08
1,20,1.000000000e-04,-1.156084167e+09,352.963500,350.271300,0.004802,6.921285402e-06,2.384246e+08
1,21,1.000000000e-04,-4.726486696e+09,350.271300,348.352400,0.080262,6.921285402e-06,2.415389e+08
1,22,1.000000000e-04,4.719877408e+09,348.352400,346.987300,0.080038,6.921285402e-06,2.438216e+08
1,23,1.000000000e-04,1.150376683e+09,346.987300,346.017900,0.004755,6.921285402e-06,2.455342e+08
1,24,1.000000000e-04,-1.156957618e+09,346.017900,345.329500,0.004809,6.921285402e-06,2.466863e+08
1,25,1.000000000e-04,-4.713296472e+09,345.329500,344.821000,0.079815,6.921285402e-06,2.474283e+08
1,26,1.000000000e-04,4.667308837e+09,344.821000,344.449000,0.078265,6.921285402e-06,2.480421e+08
1,27,1.000000000e-04,1.117221701e+09,344.449000,344.159000,0.004484,6.921285402e-06,2.485906e+08
1,28,1.000000000e-04,-1.163324914e+09,344.159000,343.930000,0.004862,6.921285402e-06,2.489508e+08
1,29,1.000000000e-04,-4.621205624e+09,343.930000,343.742500,0.076726,6.921285402e-06,2.491542e+08
1,30,1.000000000e-04,4.391010614e+09,343.742500,343.579000,0.069273,6.921285402e-06,2.494071e+08
1,31,1.000000000e-04,1.055648556e+09,343.579000,343.442000,0.004004,6.921285402e-06,2.496941e+08
1,32,1.000000000e-04,-1.076352046e+09,343.442000,343.317000,0.004162,6.921285402e-06,2.498760e+08
1,33,1.000000000e-04,-4.370307124e+09,343.317000,343.205000,0.068621,6.921285402e-06,2.499635e+08
1,34,1.000000000e-04,4.421670025e+09,343.205000,343.098500,0.070244,6.921285402e-06,2.501134e+08
1,35,1.000000000e-04,1.120766210e+09,343.098500,343.003000,0.004513,6.921285402e-06,2.503326e+08
1,36,1.000000000e-04,-1.041083766e+09,343.003000,342.916700,0.003894,6.921285402e-06,2.504596e+08
1,37,1.000000000e-04,-4.501352469e+09,342.916700,342.846300,0.072798,6.921285402e-06,2.504860e+08
1,38,1.000000000e-04,5.186282819e+09,342.846300,342.800100,0.096638,6.921285402e-06,2.505385e+08
1,39,1.000000000e-04,1.807852112e+09,342.800100,342.779000,0.011743,6.921285402e-06,2.506870e+08
2,0,1.000000000e-04,-1.986688185e+09,343.634000,343.678300,0.014181,6.921285402e-06,2.494795e+08
2,1,1.000000000e-04,-5.698778279e+09,343.678300,343.818900,0.116681,6.921285402e-06,2.492282e+08
2,2,1.000000000e-04,4.941978816e+09,343.818900,344.052000,0.087748,6.921285402e-06,2.490031e+08
2,3,1.000000000e-04,1.140413004e+09,344.052000,344.382300,0.004673,6.921285402e-06,2.487111e+08
2,4,1.000000000e-04,-1.232906687e+09,344.382300,344.846000,0.005461,6.921285402e-06,2.481583e+08
2,5,1.000000000e-04,-4.849485133e+09,344.846000,345.476800,0.084494,6.921285402e-06,2.473030e+08
2,6,1.000000000e-04,4.757440756e+09,345.476800,346.357600,0.081317,6.921285402e-06,2.462562e+08
2,7,1.000000000e-04,1.153320249e+09,346.357600,347.582700,0.004779,6.921285402e-06,2.448843e+08
2,8,1.000000000e-04,-1.166471648e+09,347.582700,349.311700,0.004889,6.921285402e-06,2.428310e+08
2,9,1.000000000e-04,-4.744289357e+09,349.311700,351.765000,0.080868,6.921285402e-06,2.398333e+08
2,10,1.000000000e-04,4.731143802e+09,351.765000,354.182300,0.080421,6.921285402e-06,2.364488e+08
2,11,1.000000000e-04,1.155115954e+09,354.182300,355.789400,0.004794,6.921285402e-06,2.337424e+08
2,12,1.000000000e-04,-1.157011845e+09,355.789400,356.825300,0.004810,6.921285402e-06,2.319055e+08
2,13,1.000000000e-04,-4.729247912e+09,356.825300,357.402900,0.080356,6.921285402e-06,2.306937e+08
2,14,1.000000000e-04,4.727240167e+09,357.402900,357.587000,0.080288,6.921285402e-06,2.301644e+08
2,15,1.000000000e-04,1.155277602e+09,357.587000,357.444900,0.004795,6.921285402e-06,2.302256e+08
2,16,1.000000000e-04,-1.155679530e+09,357.444900,356.906300,0.004799,6.921285402e-06,2.306987e+08
2,17,1.000000000e-04,-4.726838240e+09,356.906300,355.916300,0.080274,6.921285402e-06,2.316707e+08
2,18,1.000000000e-04,4.725633997e+09,355.916300,354.349600,0.080233,6.921285402e-06,2.334476e+08
2,19,1.000000000e-04,1.154639359e+09,354.349600,351.975000,0.004790,6.921285402e-06,2.362772e+08
2,20,1.000000000e-04,-1.155615588e+09,351.975000,349.563700,0.004798,6.921285402e-06,2.396034e+08
2,21,1.000000000e-04,-4.724657768e+09,349.563700,347.873700,0.080200,6.921285402e-06,2.423635e+08
2,22,1.000000000e-04,4.718059723e+09,347.873700,346.684500,0.079976,6.921285402e-06,2.443648e+08
2,23,1.000000000e-04,1.149916098e+09,346.684500,345.835100,0.004751,6.921285402e-06,2.458717e+08
2,24,1.000000000e-04,-1.156491869e+09,345.835100,345.231000,0.004805,6.921285402e-06,2.468818e+08
2,25,1.000000000e-04,-4.711483952e+09,345.231000,344.772600,0.079754,6.921285402e-06,2.475305e+08
2,26,1.000000000e-04,4.665511528e+09,344.772600,344.438000,0.078205,6.921285402e-06,2.480835e+08
2,27,1.000000000e-04,1.116765253e+09,344.438000,344.172000,0.004481,6.921285402e-06,2.485892e+08
2,28,1.000000000e-04,-1.162866461e+09,344.172000,343.959700,0.004858,6.921285402e-06,2.489212e+08
2,29,1.000000000e-04,-4.619410320e+09,343.959700,343.787000,0.076667,6.921285402e-06,2.491027e+08
2,30,1.000000000e-04,4.389196187e+09,343.787000,343.638300,0.069216,6.921285402e-06,2.493350e+08
2,31,1.000000000e-04,1.055170584e+09,343.638300,343.504000,0.004000,6.921285402e-06,2.496098e+08
2,32,1.000000000e-04,-1.075905670e+09,343.504000,343.382000,0.004159,6.921285402e-06,2.497877e+08
2,33,1.000000000e-04,-4.368461101e+09,343.382000,343.270000,0.068563,6.921285402e-06,2.498732e+08
2,34,1.000000000e-04,4.419615471e+09,343.270000,343.170000,0.070178,6.921285402e-06,2.500187e+08
2,35,1.000000000e-04,1.120154525e+09,343.170000,343.074300,0.004508,6.921285402e-06,2.502333e+08
2,36,1.000000000e-04,-1.040638105e+09,343.074300,342.988000,0.003891,6.921285402e-06,2.503605e+08
2,37,1.000000000e-04,-4.499131891e+09,342.988000,342.913100,0.072726,6.921285402e-06,2.503901e+08
2,38,1.000000000e-04,5.183176104e+09,342.913100,342.865700,0.096522,6.921285402e-06,2.504466e+08
2,39,1.000000000e-04,1.806645451e+09,342.865700,342.843000,0.011727,6.921285402e-06,2.505969e+08
3,0,1.000000000e-04,-1.986688185e+09,343.634000,343.678300,0.014181,6.921285402e-06,2.494795e+08
3,1,1.000000000e-04,-5.698778279e+09,343.678300,343.818900,0.116681,6.921285402e-06,2.492282e+08
3,2,1.000000000e-04,4.941978816e+09,343.818900,344.052000,0.087748,6.921285402e-06,2.490031e+08
3,3,1.000000000e-04,1.140413004e+09,344.052000,344.382300,0.004673,6.921285402e-06,2.487111e+08
3,4,1.000000000e-04,-1.232906687e+09,344.382300,344.846000,0.005461,6.921285402e-06,2.481583e+08
3,5,1.000000000e-04,-4.849485133e+09,344.846000,345.476800,0.084494,6.921285402e-06,2.473030e+08
3,6,1.000000000e-04,4.757440756e+09,345.476800,346.357600,0.081317,6.921285402e-06,2.462562e+08
3,7,1.000000000e-04,1.153320249e+09,346.357600,347.582700,0.004779,6.921285402e-06,2.448843e+08
3,8,1.000000000e-04,-1.166471648e+09,347.582700,349.311700,0.004889,6.921285402e-06,2.428310e+08
3,9,1.000000000e-04,-4.744289357e+09,349.311700,351.765000,0.080868,6.921285402e-06,2.398333e+08
3,10,1.000000000e-04,4.731143802e+09,351.765000,354.182300,0.080421,6.921285402e-06,2.364488e+08
3,11,1.000000000e-04,1.155115954e+09,354.182300,355.794300,0.004794,6.921285402e-06,2.337390e+08
3,12,1.000000000e-04,-1.157011845e+09,355.794300,356.825300,0.004810,6.921285402e-06,2.319021e+08
3,13,1.000000000e-04,-4.729247912e+09,356.825300,357.402900,0.080356,6.921285402e-06,2.306937e+08
3,14,1.000000000e-04,4.727240167e+09,357.402900,357.587000,0.080288,6.921285402e-06,2.301644e+08
3,15,1.000000000e-04,1.155277602e+09,357.587000,357.444900,0.004795,6.921285402e-06,2.302256e+08
3,16,1.000000000e-04,-1.155679530e+09,357.444900,356.906300,0.004799,6.921285402e-06,2.306987e+08
3,17,1.000000000e-04,-4.726838240e+09,356.906300,355.916300,0.080274,6.921285402e-06,2.316707e+08
3,18,1.000000000e-04,4.725633997e+09,355.916300,354.349600,0.080233,6.921285402e-06,2.334476e+08
3,19,1.000000000e-04,1.154639359e+09,354.349600,351.975000,0.004790,6.921285402e-06,2.362772e+08
3,20,1.000000000e-04,-1.155615588e+09,351.975000,349.563700,0.004798,6.921285402e-06,2.396034e+08
3,21,1.000000000e-04,-4.724657768e+09,349.563700,347.873700,0.080200,6.921285402e-06,2.423635e+08
3,22,1.000000000e-04,4.718059723e+09,347.873700,346.684500,0.079976,6.921285402e-06,2.443648e+08
3,23,1.000000000e-04,1.149916098e+09,346.684500,345.835100,0.004751,6.921285402e-06,2.458717e+08
3,24,1.000000000e-04,-1.156491869e+09,345.835100,345.231000,0.004805,6.921285402e-06,2.468818e+08
3,25,1.000000000e-04,-4.711483952e+09,345.231000,344.772600,0.079754,6.921285402e-06,2.475305e+08
3,26,1.000000000e-04,4.665511528e+09,344.772600,344.438000,0.078205,6.921285402e-06,2.480835e+08
3,27,1.000000000e-04,1.116765253e+09,344.438000,344.172000,0.004481,6.921285402e-06,2.485892e+08
3,28,1.000000000e-04,-1.162866461e+09,344.172000,343.959700,0.004858,6.921285402e-06,2.489212e+08
3,29,1.000000000e-04,-4.619410320e+09,343.959700,343.787000,0.076667,6.921285402e-06,2.491027e+08
3,30,1.000000000e-04,4.389196187e+09,343.787000,343.638300,0.069216,6.921285402e-06,2.493350e+08
3,31,1.000000000e-04,1.055170584e+09,343.638300,343.504000,0.004000,6.921285402e-06,2.496098e+08
3,32,1.000000000e-04,-1.075905670e+09,343.504000,343.382000,0.004159,6.921285402e-06,2.497877e+08
3,33,1.000000000e-04,-4.368461101e+09,343.382000,343.270000,0.068563,6.921285402e-06,2.498732e+08
3,34,1.000000000e-04,4.419615471e+09,343.270000,343.166500,0.070178,6.921285402e-06,2.500211e+08
3,35,1.000000000e-04,1.120154525e+09,343.166500,343.074300,0.004508,6.921285402e-06,2.502357e+08
3,36,1.000000000e-04,-1.040638105e+09,343.074300,342.988000,0.003891,6.921285402e-06,2.503605e+08
3,37,1.000000000e-04,-4.499131891e+09,342.988000,342.913100,0.072726,6.921285402e-06,2.503901e+08
3,38,1.000000000e-04,5.183176104e+09,342.913100,342.865700,0.096522,6.921285402e-06,2.504466e+08
3,39,1.000000000e-04,1.806645451e+09,342.865700,342.843000,0.011727,6.921285402e-06,2.505969e+08
4,0,1.000000000e-04,-1.993162553e+09,343.390000,343.431500,0.014273,6.921285402e-06,2.498205e+08
4,1,1.000000000e-04,-5.715648610e+09,343.431500,343.549500,0.117372,6.921285402e-06,2.495861e+08
4,2,1.000000000e-04,4.954632412e+09,343.549500,343.740000,0.088198,6.921285402e-06,2.494067e+08
4,3,1.000000000e-04,1.143103478e+09,343.740000,344.011500,0.004695,6.921285402e-06,2.491856e+08
4,4,1.000000000e-04,-1.236331396e+09,344.011500,344.380000,0.005492,6.921285402e-06,2.487398e+08
4,5,1.000000000e-04,-4.861404494e+09,344.380000,344.857500,0.084910,6.921285402e-06,2.480568e+08
4,6,1.000000000e-04,4.768443650e+09,344.857500,345.506500,0.081694,6.921285402e-06,2.472777e+08
4,7,1.000000000e-04,1.156008237e+09,345.506500,346.373500,0.004801,6.921285402e-06,2.463162e+08
4,8,1.000000000e-04,-1.169322559e+09,346.373500,347.527000,0.004913,6.921285402e-06,2.449118e+08
4,9,1.000000000e-04,-4.755129328e+09,347.527000,349.072500,0.081238,6.921285402e-06,2.429446e+08
4,10,1.000000000e-04,4.741769823e+09,349.072500,350.593000,0.080782,6.921285402e-06,2.408142e+08
4,11,1.000000000e-04,1.157797353e+09,350.593000,351.652500,0.004816,6.921285402e-06,2.391121e+08
4,12,1.000000000e-04,-1.159733669e+09,351.652500,352.356000,0.004832,6.921285402e-06,2.378868e+08
4,13,1.000000000e-04,-4.739833507e+09,352.356000,352.764500,0.080716,6.921285402e-06,2.370231e+08
4,14,1.000000000e-04,4.737766867e+09,352.764500,352.900000,0.080646,6.921285402e-06,2.366451e+08
4,15,1.000000000e-04,1.157953186e+09,352.900000,352.801500,0.004817,6.921285402e-06,2.367102e+08
4,16,1.000000000e-04,-1.158369472e+09,352.801500,352.428500,0.004821,6.921285402e-06,2.370379e+08
4,17,1.000000000e-04,-4.737350581e+09,352.428500,351.765000,0.080632,6.921285402e-06,2.376675e+08
4,18,1.000000000e-04,4.736110454e+09,351.765000,350.741000,0.080589,6.921285402e-06,2.388403e+08
4,19,1.000000000e-04,1.157301756e+09,350.741000,349.257500,0.004812,6.921285402e-06,2.406738e+08
4,20,1.000000000e-04,-1.158295281e+09,349.257500,347.744000,0.004820,6.921285402e-06,2.427567e+08
4,21,1.000000000e-04,-4.735116928e+09,347.744000,346.622500,0.080556,6.921285402e-06,2.444973e+08
4,22,1.000000000e-04,4.728450231e+09,346.622500,345.791000,0.080329,6.921285402e-06,2.458549e+08
4,23,1.000000000e-04,1.152546383e+09,345.791000,345.166000,0.004773,6.921285402e-06,2.469577e+08
4,24,1.000000000e-04,-1.159156682e+09,345.166000,344.707500,0.004827,6.921285402e-06,2.477106e+08
4,25,1.000000000e-04,-4.721839931e+09,344.707500,344.351500,0.080105,6.921285402e-06,2.481866e+08
4,26,1.000000000e-04,4.675751900e+09,344.351500,344.076500,0.078548,6.921285402e-06,2.486270e+08
4,27,1.000000000e-04,1.119354744e+09,344.076500,343.854000,0.004502,6.921285402e-06,2.490614e+08
4,28,1.000000000e-04,-1.165488241e+09,343.854000,343.675500,0.004880,6.921285402e-06,2.493397e+08
4,29,1.000000000e-04,-4.629618402e+09,343.675500,343.520000,0.077006,6.921285402e-06,2.494854e+08
4,30,1.000000000e-04,4.399397120e+09,343.520000,343.382000,0.069538,6.921285402e-06,2.496983e+08
4,31,1.000000000e-04,1.057809533e+09,343.382000,343.261000,0.004020,6.921285402e-06,2.499568e+08
4,32,1.000000000e-04,-1.078458886e+09,343.261000,343.150500,0.004179,6.921285402e-06,2.501175e+08
4,33,1.000000000e-04,-4.378747767e+09,343.150500,343.051000,0.068887,6.921285402e-06,2.501860e+08
4,34,1.000000000e-04,4.430601464e+09,343.051000,342.955000,0.070528,6.921285402e-06,2.503199e+08
4,35,1.000000000e-04,1.123284543e+09,342.955000,342.860000,0.004533,6.921285402e-06,2.505316e+08
4,36,1.000000000e-04,-1.043130674e+09,342.860000,342.783500,0.003909,6.921285402e-06,2.506516e+08
4,37,1.000000000e-04,-4.510755333e+09,342.783500,342.714500,0.073103,6.921285402e-06,2.506698e+08
4,38,1.000000000e-04,5.198602684e+09,342.714500,342.667500,0.097097,6.921285402e-06,2.507217e+08
4,39,1.000000000e-04,1.812560216e+09,342.667500,342.650000,0.011804,6.921285402e-06,2.508687e+08
5,0,1.000000000e-04,-1.993162553e+09,343.390000,343.431500,0.014273,6.921285402e-06,2.498205e+08
5,1,1.000000000e-04,-5.715648610e+09,343.431500,343.549500,0.117372,6.921285402e-06,2.495861e+08
5,2,1.000000000e-04,4.954632412e+09,343.549500,343.740000,0.088198,6.921285402e-06,2.494067e+08
5,3,1.000000000e-04,1.143103478e+09,343.740000,344.011500,0.004695,6.921285402e-06,2.491856e+08
5,4,1.000000000e-04,-1.236331396e+09,344.011500,344.380000,0.005492,6.921285402e-06,2.487398e+08
5,5,1.000000000e-04,-4.861404494e+09,344.380000,344.857000,0.084910,6.921285402e-06,2.480571e+08
5,6,1.000000000e-04,4.768443650e+09,344.857000,345.505000,0.081694,6.921285402e-06,2.472791e+08
5,7,1.000000000e-04,1.156008237e+09,345.505000,346.373500,0.004801,6.921285402e-06,2.463172e+08
5,8,1.000000000e-04,-1.169322559e+09,346.373500,347.527000,0.004913,6.921285402e-06,2.449118e+08
5,9,1.000000000e-04,-4.755129328e+09,347.527000,349.072500,0.081238,6.921285402e-06,2.429446e+08
5,10,1.000000000e-04,4.741769823e+09,349.072500,350.593000,0.080782,6.921285402e-06,2.408142e+08
5,11,1.000000000e-04,1.157797353e+09,350.593000,351.652500,0.004816,6.921285402e-06,2.391121e+08
5,12,1.000000000e-04,-1.159733669e+09,351.652500,352.356000,0.004832,6.921285402e-06,2.378868e+08
5,13,1.000000000e-04,-4.739833507e+09,352.356000,352.764500,0.080716,6.921285402e-06,2.370231e+08
5,14,1.000000000e-04,4.737766867e+09,352.764500,352.900000,0.080646,6.921285402e-06,2.366451e+08
5,15,1.000000000e-04,1.157953186e+09,352.900000,352.801500,0.004817,6.921285402e-06,2.367102e+08
5,16,1.000000000e-04,-1.158369472e+09,352.801500,352.428500,0.004821,6.921285402e-06,2.370379e+08
5,17,1.000000000e-04,-4.737350581e+09,352.428500,351.765000,0.080632,6.921285402e-06,2.376675e+08
5,18,1.000000000e-04,4.736110454e+09,351.765000,350.741000,0.080589,6.921285402e-06,2.388403e+08
5,19,1.000000000e-04,1.157301756e+09,350.741000,349.257500,0.004812,6.921285402e-06,2.406738e+08
5,20,1.000000000e-04,-1.158295281e+09,349.257500,347.744000,0.004820,6.921285402e-06,2.427567e+08
5,21,1.000000000e-04,-4.735116928e+09,347.744000,346.622500,0.080556,6.921285402e-06,2.444973e+08
5,22,1.000000000e-04,4.728450231e+09,346.622500,345.791000,0.080329,6.921285402e-06,2.458549e+08
5,23,1.000000000e-04,1.152546383e+09,345.791000,345.166000,0.004773,6.921285402e-06,2.469577e+08
5,24,1.000000000e-04,-1.159156682e+09,345.166000,344.707500,0.004827,6.921285402e-06,2.477106e+08
5,25,1.000000000e-04,-4.721839931e+09,344.707500,344.351500,0.080105,6.921285402e-06,2.481866e+08
5,26,1.000000000e-04,4.675751900e+09,344.351500,344.076500,0.078548,6.921285402e-06,2.486270e+08
5,27,1.000000000e-04,1.119354744e+09,344.076500,343.854000,0.004502,6.921285402e-06,2.490614e+08
5,28,1.000000000e-04,-1.165488241e+09,343.854000,343.675500,0.004880,6.921285402e-06,2.493397e+08
5,29,1.000000000e-04,-4.629618402e+09,343.675500,343.520000,0.077006,6.921285402e-06,2.494854e+08
5,30,1.000000000e-04,4.399397120e+09,343.520000,343.382000,0.069538,6.921285402e-06,2.496983e+08
5,31,1.000000000e-04,1.057809533e+09,343.382000,343.261000,0.004020,6.921285402e-06,2.499568e+08
5,32,1.000000000e-04,-1.078458886e+09,343.261000,343.150500,0.004179,6.921285402e-06,2.501175e+08
5,33,1.000000000e-04,-4.378747767e+09,343.150500,343.051000,0.068887,6.921285402e-06,2.501860e+08
5,34,1.000000000e-04,4.430601464e+09,343.051000,342.955000,0.070528,6.921285402e-06,2.503199e+08
5,35,1.000000000e-04,1.123284543e+09,342.955000,342.860000,0.004533,6.921285402e-06,2.505316e+08
5,36,1.000000000e-04,-1.043130674e+09,342.860000,342.783500,0.003909,6.921285402e-06,2.506516e+08
5,37,1.000000000e-04,-4.510755333e+09,342.783500,342.716000,0.073103,6.921285402e-06,2.506688e+08
5,38,1.000000000e-04,5.198602684e+09,342.716000,342.668000,0.097097,6.921285402e-06,2.507203e+08
5,39,1.000000000e-04,1.812560216e+09,342.668000,342.650000,0.011804,6.921285402e-06,2.508684e+08
6,0,1.000000000e-04,-6.044275564e+08,342.354000,342.365700,0.001313,6.921285402e-06,2.512967e+08
6,1,1.000000000e-04,-1.757068067e+09,342.365700,342.395000,0.011092,6.921285402e-06,2.512565e+08
6,2,1.000000000e-04,1.538095072e+09,342.395000,342.440000,0.008500,6.921285402e-06,2.512080e+08
6,3,1.000000000e-04,3.534640581e+08,342.440000,342.488000,0.000449,6.921285402e-06,2.511530e+08
6,4,1.000000000e-04,-3.812251201e+08,342.488000,342.541000,0.000522,6.921285402e-06,2.510827e+08
6,5,1.000000000e-04,-1.510334010e+09,342.541000,342.594000,0.008196,6.921285402e-06,2.509999e+08
6,6,1.000000000e-04,1.481434142e+09,342.594000,342.649000,0.007885,6.921285402e-06,2.509252e+08
6,7,1.000000000e-04,3.565298320e+08,342.649000,342.700000,0.000457,6.921285402e-06,2.508604e+08
6,8,1.000000000e-04,-3.610099584e+08,342.700000,342.745300,0.000468,6.921285402e-06,2.507935e+08
6,9,1.000000000e-04,-1.476954015e+09,342.745300,342.786000,0.007837,6.921285402e-06,2.507249e+08
6,10,1.000000000e-04,1.472503378e+09,342.786000,342.823700,0.007790,6.921285402e-06,2.506704e+08
6,11,1.000000000e-04,3.572146391e+08,342.823700,342.862000,0.000458,6.921285402e-06,2.506264e+08
6,12,1.000000000e-04,-3.576679212e+08,342.862000,342.894000,0.000460,6.921285402e-06,2.505775e+08
6,13,1.000000000e-04,-1.472050096e+09,342.894000,342.919700,0.007785,6.921285402e-06,2.505287e+08
6,14,1.000000000e-04,1.473151067e+09,342.919700,342.943000,0.007797,6.921285402e-06,2.504946e+08
6,15,1.000000000e-04,3.586160423e+08,342.943000,342.959000,0.000462,6.921285402e-06,2.504761e+08
6,16,1.000000000e-04,-3.569179119e+08,342.959000,342.975000,0.000458,6.921285402e-06,2.504538e+08
6,17,1.000000000e-04,-1.474849197e+09,342.975000,342.988900,0.007815,6.921285402e-06,2.504242e+08
6,18,1.000000000e-04,1.486464218e+09,342.988900,342.997300,0.007939,6.921285402e-06,2.504086e+08
6,19,1.000000000e-04,3.668791333e+08,342.997300,343.004500,0.000484,6.921285402e-06,2.504067e+08
6,20,1.000000000e-04,-3.555539629e+08,343.004500,343.018300,0.000454,6.921285402e-06,2.503921e+08
6,21,1.000000000e-04,-1.497789389e+09,343.018300,343.025900,0.008060,6.921285402e-06,2.503681e+08
6,22,1.000000000e-04,1.570846509e+09,343.025900,343.041900,0.008865,6.921285402e-06,2.503508e+08
6,23,1.000000000e-04,4.181269114e+08,343.041900,343.060000,0.000628,6.921285402e-06,2.503369e+08
6,24,1.000000000e-04,-3.477496010e+08,343.060000,343.096000,0.000434,6.921285402e-06,2.502996e+08
6,25,1.000000000e-04,-1.641223820e+09,343.096000,343.145000,0.009678,6.921285402e-06,2.502294e+08
6,26,1.000000000e-04,2.093690153e+09,343.145000,343.223000,0.015749,6.921285402e-06,2.501339e+08
6,27,1.000000000e-04,7.348066458e+08,343.223000,343.338900,0.001940,6.921285402e-06,2.500157e+08
6,28,1.000000000e-04,-3.000519817e+08,343.338900,343.512000,0.000323,6.921285402e-06,2.498167e+08
6,29,1.000000000e-04,-2.528444817e+09,343.512000,343.802500,0.022969,6.921285402e-06,2.494674e+08
6,30,1.000000000e-04,4.601392670e+09,343.802500,344.092300,0.076070,6.921285402e-06,2.490005e+08
6,31,1.000000000e-04,1.341737797e+09,344.092300,344.250000,0.006468,6.921285402e-06,2.487729e+08
6,32,1.000000000e-04,-1.026349595e+09,344.250000,344.346000,0.003785,6.921285402e-06,2.485997e+08
6,33,1.000000000e-04,-4.916780872e+09,344.346000,344.401000,0.086855,6.921285402e-06,2.483953e+08
6,34,1.000000000e-04,5.328202297e+09,344.401000,344.420500,0.101999,6.921285402e-06,2.483254e+08
6,35,1.000000000e-04,1.378580058e+09,344.420500,344.416000,0.006828,6.921285402e-06,2.484290e+08
6,36,1.000000000e-04,-1.233736673e+09,344.416000,344.400000,0.005469,6.921285402e-06,2.484448e+08
6,37,1.000000000e-04,-5.473045682e+09,344.400000,344.383100,0.107620,6.921285402e-06,2.483454e+08
6,38,1.000000000e-04,6.293498119e+09,344.383100,344.358700,0.142305,6.921285402e-06,2.483325e+08
6,39,1.000000000e-04,2.165657841e+09,344.358700,344.357000,0.016851,6.921285402e-06,2.485009e+08
7,0,1.000000000e-04,-6.044275564e+08,342.354000,342.365700,0.001313,6.921285402e-06,2.512967e+08
7,1,1.000000000e-04,-1.757068067e+09,342.365700,342.395000,0.011092,6.921285402e-06,2.512565e+08
7,2,1.000000000e-04,1.538095072e+09,342.395000,342.440000,0.008500,6.921285402e-06,2.512080e+08
7,3,1.000000000e-04,3.534640581e+08,342.440000,342.488000,0.000449,6.921285402e-06,2.511530e+08
7,4,1.000000000e-04,-3.812251201e+08,342.488000,342.541000,0.000522,6.921285402e-06,2.510827e+08
7,5,1.000000000e-04,-1.510334010e+09,342.541000,342.594000,0.008196,6.921285402e-06,2.509999e+08
7,6,1.000000000e-04,1.481434142e+09,342.594000,342.646900,0.007885,6.921285402e-06,2.509266e+08
7,7,1.000000000e-04,3.565298320e+08,342.646900,342.700000,0.000457,6.921285402e-06,2.508619e+08
7,8,1.000000000e-04,-3.610099584e+08,342.700000,342.745300,0.000468,6.921285402e-06,2.507935e+08
7,9,1.000000000e-04,-1.476954015e+09,342.745300,342.786000,0.007837,6.921285402e-06,2.507249e+08
7,10,1.000000000e-04,1.472503378e+09,342.786000,342.823700,0.007790,6.921285402e-06,2.506704e+08
7,11,1.000000000e-04,3.572146391e+08,342.823700,342.862000,0.000458,6.921285402e-06,2.506264e+08
7,12,1.000000000e-04,-3.576679212e+08,342.862000,342.891900,0.000460,6.921285402e-06,2.505790e+08
7,13,1.000000000e-04,-1.472050096e+09,342.891900,342.919000,0.007785,6.921285402e-06,2.505306e+08
7,14,1.000000000e-04,1.473151067e+09,342.919000,342.943000,0.007797,6.921285402e-06,2.504951e+08
7,15,1.000000000e-04,3.586160423e+08,342.943000,342.959000,0.000462,6.921285402e-06,2.504761e+08
7,16,1.000000000e-04,-3.569179119e+08,342.959000,342.975000,0.000458,6.921285402e-06,2.504538e+08
7,17,1.000000000e-04,-1.474849197e+09,342.975000,342.988900,0.007815,6.921285402e-06,2.504242e+08
7,18,1.000000000e-04,1.486464218e+09,342.988900,342.997300,0.007939,6.921285402e-06,2.504086e+08
7,19,1.000000000e-04,3.668791333e+08,342.997300,343.004500,0.000484,6.921285402e-06,2.504067e+08
7,20,1.000000000e-04,-3.555539629e+08,343.004500,343.012000,0.000454,6.921285402e-06,2.503965e+08
7,21,1.000000000e-04,-1.497789389e+09,343.012000,343.025900,0.008060,6.921285402e-06,2.503725e+08
7,22,1.000000000e-04,1.570846509e+09,343.025900,343.041900,0.008865,6.921285402e-06,2.503508e+08
7,23,1.000000000e-04,4.181269114e+08,343.041900,343.060000,0.000628,6.921285402e-06,2.503369e+08
7,24,1.000000000e-04,-3.477496010e+08,343.060000,343.096000,0.000434,6.921285402e-06,2.502996e+08
7,25,1.000000000e-04,-1.641223820e+09,343.096000,343.145000,0.009678,6.921285402e-06,2.502294e+08
7,26,1.000000000e-04,2.093690153e+09,343.145000,343.223000,0.015749,6.921285402e-06,2.501339e+08
7,27,1.000000000e-04,7.348066458e+08,343.223000,343.338900,0.001940,6.921285402e-06,2.500157e+08
7,28,1.000000000e-04,-3.000519817e+08,343.338900,343.512000,0.000323,6.921285402e-06,2.498167e+08
7,29,1.000000000e-04,-2.528444817e+09,343.512000,343.802500,0.022969,6.921285402e-06,2.494674e+08
7,30,1.000000000e-04,4.601392670e+09,343.802500,344.092300,0.076070,6.921285402e-06,2.490005e+08
7,31,1.000000000e-04,1.341737797e+09,344.092300,344.250000,0.006468,6.921285402e-06,2.487729e+08
7,32,1.000000000e-04,-1.026349595e+09,344.250000,344.346000,0.003785,6.921285402e-06,2.485997e+08
7,33,1.000000000e-04,-4.916780872e+09,344.346000,344.401000,0.086855,6.921285402e-06,2.483953e+08
7,34,1.000000000e-04,5.328202297e+09,344.401000,344.420500,0.101999,6.921285402e-06,2.483254e+08
7,35,1.000000000e-04,1.378580058e+09,344.420500,344.416000,0.006828,6.921285402e-06,2.484290e+08
7,36,1.000000000e-04,-1.233736673e+09,344.416000,344.400000,0.005469,6.921285402e-06,2.484448e+08
7,37,1.000000000e-04,-5.473045682e+09,344.400000,344.383100,0.107620,6.921285402e-06,2.483454e+08
7,38,1.000000000e-04,6.293498119e+09,344.383100,344.358700,0.142305,6.921285402e-06,2.483325e+08
7,39,1.000000000e-04,2.165657841e+09,344.358700,344.357000,0.016851,6.921285402e-06,2.485009e+08
8,0,1.000000000e-04,-2.145881270e+09,342.661000,342.681000,0.016544,6.921285402e-06,2.508460e+08
8,1,1.000000000e-04,-6.238960818e+09,342.681000,342.731100,0.139849,6.921285402e-06,2.506496e+08
8,2,1.000000000e-04,5.462557178e+09,342.731100,342.803000,0.107208,6.921285402e-06,2.506039e+08
8,3,1.000000000e-04,1.255476549e+09,342.803000,342.892000,0.005663,6.921285402e-06,2.506137e+08
8,4,1.000000000e-04,-1.353790059e+09,342.892000,342.991500,0.006585,6.921285402e-06,2.504816e+08
8,5,1.000000000e-04,-5.364243668e+09,342.991500,343.099000,0.103384,6.921285402e-06,2.502218e+08
8,6,1.000000000e-04,5.261864971e+09,343.099000,343.215900,0.099475,6.921285402e-06,2.500705e+08
8,7,1.000000000e-04,1.266270666e+09,343.215900,343.330000,0.005761,6.921285402e-06,2.500222e+08
8,8,1.000000000e-04,-1.282269775e+09,343.330000,343.439300,0.005907,6.921285402e-06,2.498668e+08
8,9,1.000000000e-04,-5.245865862e+09,343.439300,343.549500,0.098871,6.921285402e-06,2.496029e+08
8,10,1.000000000e-04,5.229058284e+09,343.549500,343.645700,0.098239,6.921285402e-06,2.494602e+08
8,11,1.000000000e-04,1.267925625e+09,343.645700,343.732000,0.005776,6.921285402e-06,2.494441e+08
8,12,1.000000000e-04,-1.270587437e+09,343.732000,343.798100,0.005800,6.921285402e-06,2.493381e+08
8,13,1.000000000e-04,-5.226396472e+09,343.798100,343.844700,0.098139,6.921285402e-06,2.491492e+08
8,14,1.000000000e-04,5.223417948e+09,343.844700,343.869000,0.098027,6.921285402e-06,2.491001e+08
8,15,1.000000000e-04,1.268042351e+09,343.869000,343.873300,0.005777,6.921285402e-06,2.491907e+08
8,16,1.000000000e-04,-1.268695109e+09,343.873300,343.857900,0.005783,6.921285402e-06,2.491984e+08
8,17,1.000000000e-04,-5.222765189e+09,343.857900,343.818900,0.098002,6.921285402e-06,2.491258e+08
8,18,1.000000000e-04,5.220886121e+09,343.818900,343.764000,0.097932,6.921285402e-06,2.491911e+08
8,19,1.000000000e-04,1.267088726e+09,343.764000,343.696500,0.005768,6.921285402e-06,2.493865e+08
8,20,1.000000000e-04,-1.268528974e+09,343.696500,343.621000,0.005781,6.921285402e-06,2.494859e+08
8,21,1.000000000e-04,-5.219445872e+09,343.621000,343.536100,0.097878,6.921285402e-06,2.494871e+08
8,22,1.000000000e-04,5.210616495e+09,343.536100,343.451900,0.097547,6.921285402e-06,2.496050e+08
8,23,1.000000000e-04,1.260990573e+09,343.451900,343.358000,0.005713,6.921285402e-06,2.498388e+08
8,24,1.000000000e-04,-1.269360198e+09,343.358000,343.273500,0.005789,6.921285402e-06,2.499627e+08
8,25,1.000000000e-04,-5.202246871e+09,343.273500,343.189300,0.097234,6.921285402e-06,2.499704e+08
8,26,1.000000000e-04,5.148860421e+09,343.189300,343.103000,0.095248,6.921285402e-06,2.500913e+08
8,27,1.000000000e-04,1.223794568e+09,343.103000,343.023000,0.005381,6.921285402e-06,2.503145e+08
8,28,1.000000000e-04,-1.274752998e+09,343.023000,342.943000,0.005838,6.921285402e-06,2.504251e+08
8,29,1.000000000e-04,-5.097901991e+09,342.943000,342.864500,0.093372,6.921285402e-06,2.504305e+08
8,30,1.000000000e-04,4.859881308e+09,342.864500,342.787000,0.084857,6.921285402e-06,2.505491e+08
8,31,1.000000000e-04,1.161016966e+09,342.787000,342.716000,0.004843,6.921285402e-06,2.507481e+08
8,32,1.000000000e-04,-1.183559460e+09,342.716000,342.639000,0.005033,6.921285402e-06,2.508507e+08
8,33,1.000000000e-04,-4.837338814e+09,342.639000,342.566000,0.084071,6.921285402e-06,2.508603e+08
8,34,1.000000000e-04,4.891697957e+09,342.566000,342.501000,0.085971,6.921285402e-06,2.509540e+08
8,35,1.000000000e-04,1.230079198e+09,342.501000,342.430000,0.005436,6.921285402e-06,2.511449e+08
8,36,1.000000000e-04,-1.146635735e+09,342.430000,342.370900,0.004724,6.921285402e-06,2.512362e+08
8,37,1.000000000e-04,-4.975141420e+09,342.370900,342.322900,0.088929,6.921285402e-06,2.512098e+08
8,38,1.000000000e-04,5.675672059e+09,342.322900,342.286000,0.115736,6.921285402e-06,2.512367e+08
8,39,1.000000000e-04,1.951720989e+09,342.286000,342.274000,0.013686,6.921285402e-06,2.513929e+08
9,0,1.000000000e-04,-2.145881270e+09,342.661000,342.681000,0.016544,6.921285402e-06,2.508460e+08
9,1,1.000000000e-04,-6.238960818e+09,342.681000,342.731100,0.139849,6.921285402e-06,2.506496e+08
9,2,1.000000000e-04,5.462557178e+09,342.731100,342.803000,0.107208,6.921285402e-06,2.506039e+08
9,3,1.000000000e-04,1.255476549e+09,342.803000,342.892000,0.005663,6.921285402e-06,2.506137e+08
9,4,1.000000000e-04,-1.353790059e+09,342.892000,342.991500,0.006585,6.921285402e-06,2.504816e+08
9,5,1.000000000e-04,-5.364243668e+09,342.991500,343.099000,0.103384,6.921285402e-06,2.502218e+08
9,6,1.000000000e-04,5.261864971e+09,343.099000,343.215900,0.099475,6.921285402e-06,2.500705e+08
9,7,1.000000000e-04,1.266270666e+09,343.215900,343.330000,0.005761,6.921285402e-06,2.500222e+08
9,8,1.000000000e-04,-1.282269775e+09,343.330000,343.439300,0.005907,6.921285402e-06,2.498668e+08
9,9,1.000000000e-04,-5.245865862e+09,343.439300,343.549500,0.098871,6.921285402e-06,2.496029e+08
9,10,1.000000000e-04,5.229058284e+09,343.549500,343.645700,0.098239,6.921285402e-06,2.494602e+08
9,11,1.000000000e-04,1.267925625e+09,343.645700,343.732000,0.005776,6.921285402e-06,2.494441e+08
9,12,1.000000000e-04,-1.270587437e+09,343.732000,343.798100,0.005800,6.921285402e-06,2.493381e+08
9,13,1.000000000e-04,-5.226396472e+09,343.798100,343.844700,0.098139,6.921285402e-06,2.491492e+08
9,14,1.000000000e-04,5.223417948e+09,343.844700,343.869000,0.098027,6.921285402e-06,2.491001e+08
9,15,1.000000000e-04,1.268042351e+09,343.869000,343.873300,0.005777,6.921285402e-06,2.491907e+08
9,16,1.000000000e-04,-1.268695109e+09,343.873300,343.857900,0.005783,6.921285402e-06,2.491984e+08
9,17,1.000000000e-04,-5.222765189e+09,343.857900,343.818900,0.098002,6.921285402e-06,2.491258e+08
9,18,1.000000000e-04,5.220886121e+09,343.818900,343.764000,0.097932,6.921285402e-06,2.491911e+08
9,19,1.000000000e-04,1.267088726e+09,343.764000,343.696500,0.005768,6.921285402e-06,2.493865e+08
9,20,1.000000000e-04,-1.268528974e+09,343.696500,343.621000,0.005781,6.921285402e-06,2.494859e+08
9,21,1.000000000e-04,-5.219445872e+09,343.621000,343.536100,0.097878,6.921285402e-06,2.494871e+08
9,22,1.000000000e-04,5.210616495e+09,343.536100,343.451900,0.097547,6.921285402e-06,2.496050e+08
9,23,1.000000000e-04,1.260990573e+09,343.451900,343.358000,0.005713,6.921285402e-06,2.498388e+08
9,24,1.000000000e-04,-1.269360198e+09,343.358000,343.273500,0.005789,6.921285402e-06,2.499627e+08
9,25,1.000000000e-04,-5.202246871e+09,343.273500,343.189300,0.097234,6.921285402e-06,2.499704e+08
9,26,1.000000000e-04,5.148860421e+09,343.189300,343.103000,0.095248,6.921285402e-06,2.500913e+08
9,27,1.000000000e-04,1.223794568e+09,343.103000,343.023000,0.005381,6.921285402e-06,2.503145e+08
9,28,1.000000000e-04,-1.274752998e+09,343.023000,342.943000,0.005838,6.921285402e-06,2.504251e+08
9,29,1.000000000e-04,-5.097901991e+09,342.943000,342.864500,0.093372,6.921285402e-06,2.504305e+08
9,30,1.000000000e-04,4.859881308e+09,342.864500,342.786700,0.084857,6.921285402e-06,2.505493e+08
9,31,1.000000000e-04,1.161016966e+09,342.786700,342.715100,0.004843,6.921285402e-06,2.507489e+08
9,32,1.000000000e-04,-1.183559460e+09,342.715100,342.639000,0.005033,6.921285402e-06,2.508514e+08
9,33,1.000000000e-04,-4.837338814e+09,342.639000,342.566000,0.084071,6.921285402e-06,2.508603e+08
9,34,1.000000000e-04,4.891697957e+09,342.566000,342.497500,0.085971,6.921285402e-06,2.509564e+08
9,35,1.000000000e-04,1.230079198e+09,342.497500,342.430000,0.005436,6.921285402e-06,2.511474e+08
9,36,1.000000000e-04,-1.146635735e+09,342.430000,342.370900,0.004724,6.921285402e-06,2.512362e+08
9,37,1.000000000e-04,-4.975141420e+09,342.370900,342.322900,0.088929,6.921285402e-06,2.512098e+08
9,38,1.000000000e-04,5.675672059e+09,342.322900,342.286000,0.115736,6.921285402e-06,2.512367e+08
9,39,1.000000000e-04,1.951720989e+09,342.286000,342.271000,0.013686,6.921285402e-06,2.513950e+08
10,0,1.000000000e-04,-1.983833146e+09,343.402000,343.437300,0.014140,6.921285402e-06,2.498083e+08
10,1,1.000000000e-04,-5.691380157e+09,343.437300,343.536100,0.116378,6.921285402e-06,2.495926e+08
10,2,1.000000000e-04,4.936548710e+09,343.536100,343.692800,0.087555,6.921285402e-06,2.494496e+08
10,3,1.000000000e-04,1.139285898e+09,343.692800,343.900000,0.004663,6.921285402e-06,2.492959e+08
10,4,1.000000000e-04,-1.231426907e+09,343.900000,344.173000,0.005448,6.921285402e-06,2.489612e+08
10,5,1.000000000e-04,-4.844407701e+09,344.173000,344.502200,0.084317,6.921285402e-06,2.484483e+08
10,6,1.000000000e-04,4.752796167e+09,344.502200,344.917400,0.081158,6.921285402e-06,2.479347e+08
10,7,1.000000000e-04,1.152189094e+09,344.917400,345.413200,0.004770,6.921285402e-06,2.473930e+08
10,8,1.000000000e-04,-1.165268305e+09,345.413200,345.990600,0.004879,6.921285402e-06,2.466470e+08
10,9,1.000000000e-04,-4.739716956e+09,345.990600,346.622500,0.080712,6.921285402e-06,2.457157e+08
10,10,1.000000000e-04,4.726652348e+09,346.622500,347.237700,0.080268,6.921285402e-06,2.448495e+08
10,11,1.000000000e-04,1.153979792e+09,347.237700,347.744700,0.004784,6.921285402e-06,2.441600e+08
10,12,1.000000000e-04,-1.155862910e+09,347.744700,348.118600,0.004800,6.921285402e-06,2.435478e+08
10,13,1.000000000e-04,-4.724769230e+09,348.118600,348.352400,0.080204,6.921285402e-06,2.430351e+08
10,14,1.000000000e-04,4.722775800e+09,348.352400,348.439500,0.080136,6.921285402e-06,2.428122e+08
10,15,1.000000000e-04,1.154140719e+09,348.439500,348.398100,0.004786,6.921285402e-06,2.428706e+08
10,16,1.000000000e-04,-1.154539915e+09,348.398100,348.204700,0.004789,6.921285402e-06,2.430338e+08
10,17,1.000000000e-04,-4.722376604e+09,348.204700,347.873700,0.080123,6.921285402e-06,2.433081e+08
10,18,1.000000000e-04,4.721178583e+09,347.873700,347.414700,0.080082,6.921285402e-06,2.438572e+08
10,19,1.000000000e-04,1.153504861e+09,347.414700,346.847500,0.004781,6.921285402e-06,2.446605e+08
10,20,1.000000000e-04,-1.154477419e+09,346.847500,346.256000,0.004789,6.921285402e-06,2.454658e+08
10,21,1.000000000e-04,-4.720206026e+09,346.256000,345.721200,0.080049,6.921285402e-06,2.461585e+08
10,22,1.000000000e-04,4.713626501e+09,345.721200,345.265500,0.079826,6.921285402e-06,2.468471e+08
10,23,1.000000000e-04,1.148792215e+09,345.265500,344.887200,0.004742,6.921285402e-06,2.475167e+08
10,24,1.000000000e-04,-1.155355186e+09,344.887200,344.591500,0.004796,6.921285402e-06,2.479851e+08
10,25,1.000000000e-04,-4.707063530e+09,344.591500,344.341400,0.079604,6.921285402e-06,2.482748e+08
10,26,1.000000000e-04,4.661146945e+09,344.341400,344.141900,0.078059,6.921285402e-06,2.485891e+08
10,27,1.000000000e-04,1.115667179e+09,344.141900,343.974100,0.004472,6.921285402e-06,2.489325e+08
10,28,1.000000000e-04,-1.161743361e+09,343.974100,343.828000,0.004849,6.921285402e-06,2.491502e+08
10,29,1.000000000e-04,-4.615070764e+09,343.828000,343.699500,0.076523,6.921285402e-06,2.492552e+08
10,30,1.000000000e-04,4.384906736e+09,343.699500,343.586000,0.069081,6.921285402e-06,2.494323e+08
10,31,1.000000000e-04,1.054066733e+09,343.586000,343.478900,0.003992,6.921285402e-06,2.496636e+08
10,32,1.000000000e-04,-1.074832585e+09,343.478900,343.374100,0.004151,6.921285402e-06,2.498107e+08
10,33,1.000000000e-04,-4.364140884e+09,343.374100,343.276000,0.068428,6.921285402e-06,2.498747e+08
10,34,1.000000000e-04,4.414962067e+09,343.276000,343.188500,0.070031,6.921285402e-06,2.500018e+08
10,35,1.000000000e-04,1.118808440e+09,343.188500,343.101300,0.004497,6.921285402e-06,2.502017e+08
10,36,1.000000000e-04,-1.039600723e+09,343.101300,343.019900,0.003883,6.921285402e-06,2.503196e+08
10,37,1.000000000e-04,-4.494169784e+09,343.019900,342.955000,0.072566,6.921285402e-06,2.503390e+08
10,38,1.000000000e-04,5.176437253e+09,342.955000,342.902700,0.096271,6.921285402e-06,2.503921e+08
10,39,1.000000000e-04,1.804046360e+09,342.902700,342.887000,0.011693,6.921285402e-06,2.505407e+08
11,0,1.000000000e-04,-1.983833146e+09,343.405000,343.437300,0.014140,6.921285402e-06,2.498062e+08
11,1,1.000000000e-04,-5.691380157e+09,343.437300,343.536100,0.116378,6.921285402e-06,2.495926e+08
11,2,1.000000000e-04,4.936548710e+09,343.536100,343.692800,0.087555,6.921285402e-06,2.494496e+08
11,3,1.000000000e-04,1.139285898e+09,343.692800,343.902700,0.004663,6.921285402e-06,2.492940e+08
11,4,1.000000000e-04,-1.231426907e+09,343.902700,344.173000,0.005448,6.921285402e-06,2.489594e+08
11,5,1.000000000e-04,-4.844407701e+09,344.173000,344.502200,0.084317,6.921285402e-06,2.484483e+08
11,6,1.000000000e-04,4.752796167e+09,344.502200,344.917400,0.081158,6.921285402e-06,2.479347e+08
11,7,1.000000000e-04,1.152189094e+09,344.917400,345.413200,0.004770,6.921285402e-06,2.473930e+08
11,8,1.000000000e-04,-1.165268305e+09,345.413200,345.990600,0.004879,6.921285402e-06,2.466470e+08
11,9,1.000000000e-04,-4.739716956e+09,345.990600,346.622500,0.080712,6.921285402e-06,2.457157e+08
11,10,1.000000000e-04,4.726652348e+09,346.622500,347.237700,0.080268,6.921285402e-06,2.448495e+08
11,11,1.000000000e-04,1.153979792e+09,347.237700,347.744700,0.004784,6.921285402e-06,2.441600e+08
11,12,1.000000000e-04,-1.155862910e+09,347.744700,348.118600,0.004800,6.921285402e-06,2.435478e+08
11,13,1.000000000e-04,-4.724769230e+09,348.118600,348.352400,0.080204,6.921285402e-06,2.430351e+08
11,14,1.000000000e-04,4.722775800e+09,348.352400,348.439500,0.080136,6.921285402e-06,2.428122e+08
11,15,1.000000000e-04,1.154140719e+09,348.439500,348.398100,0.004786,6.921285402e-06,2.428706e+08
11,16,1.000000000e-04,-1.154539915e+09,348.398100,348.204700,0.004789,6.921285402e-06,2.430338e+08
11,17,1.000000000e-04,-4.722376604e+09,348.204700,347.873700,0.080123,6.921285402e-06,2.433081e+08
11,18,1.000000000e-04,4.721178583e+09,347.873700,347.414700,0.080082,6.921285402e-06,2.438572e+08
11,19,1.000000000e-04,1.153504861e+09,347.414700,346.847500,0.004781,6.921285402e-06,2.446605e+08
11,20,1.000000000e-04,-1.154477419e+09,346.847500,346.256000,0.004789,6.921285402e-06,2.454658e+08
11,21,1.000000000e-04,-4.720206026e+09,346.256000,345.721200,0.080049,6.921285402e-06,2.461585e+08
11,22,1.000000000e-04,4.713626501e+09,345.721200,345.265500,0.079826,6.921285402e-06,2.468471e+08
11,23,1.000000000e-04,1.148792215e+09,345.265500,344.887200,0.004742,6.921285402e-06,2.475167e+08
11,24,1.000000000e-04,-1.155355186e+09,344.887200,344.591500,0.004796,6.921285402e-06,2.479851e+08
11,25,1.000000000e-04,-4.707063530e+09,344.591500,344.340700,0.079604,6.921285402e-06,2.482753e+08
11,26,1.000000000e-04,4.661146945e+09,344.340700,344.139800,0.078059,6.921285402e-06,2.485911e+08
11,27,1.000000000e-04,1.115667179e+09,344.139800,343.974100,0.004472,6.921285402e-06,2.489340e+08
11,28,1.000000000e-04,-1.161743361e+09,343.974100,343.828000,0.004849,6.921285402e-06,2.491502e+08
11,29,1.000000000e-04,-4.615070764e+09,343.828000,343.699500,0.076523,6.921285402e-06,2.492552e+08
11,30,1.000000000e-04,4.384906736e+09,343.699500,343.586000,0.069081,6.921285402e-06,2.494323e+08
11,31,1.000000000e-04,1.054066733e+09,343.586000,343.478900,0.003992,6.921285402e-06,2.496636e+08
11,32,1.000000000e-04,-1.074832585e+09,343.478900,343.374100,0.004151,6.921285402e-06,2.498107e+08
11,33,1.000000000e-04,-4.364140884e+09,343.374100,343.276000,0.068428,6.921285402e-06,2.498747e+08
11,34,1.000000000e-04,4.414962067e+09,343.276000,343.188500,0.070031,6.921285402e-06,2.500018e+08
11,35,1.000000000e-04,1.118808440e+09,343.188500,343.101300,0.004497,6.921285402e-06,2.502017e+08
11,36,1.000000000e-04,-1.039600723e+09,343.101300,343.019900,0.003883,6.921285402e-06,2.503196e+08
11,37,1.000000000e-04,-4.494169784e+09,343.019900,342.955000,0.072566,6.921285402e-06,2.503390e+08
11,38,1.000000000e-04,5.176437253e+09,342.955000,342.902700,0.096271,6.921285402e-06,2.503921e+08
11,39,1.000000000e-04,1.804046360e+09,342.902700,342.887000,0.011693,6.921285402e-06,2.505407e+08
12,0,1.000000000e-04,-5.730166031e+08,342.594000,342.606000,0.001180,6.921285402e-06,2.509631e+08
12,1,1.000000000e-04,-1.640827345e+09,342.606000,342.638700,0.009673,6.921285402e-06,2.509218e+08
12,2,1.000000000e-04,1.420718169e+09,342.638700,342.687000,0.007252,6.921285402e-06,2.508685e+08
12,3,1.000000000e-04,3.277894509e+08,342.687000,342.751000,0.000386,6.921285402e-06,2.507986e+08
12,4,1.000000000e-04,-3.548791412e+08,342.751000,342.815000,0.000452,6.921285402e-06,2.507096e+08
12,5,1.000000000e-04,-1.393628479e+09,342.815000,342.879000,0.006978,6.921285402e-06,2.506128e+08
12,6,1.000000000e-04,1.366471108e+09,342.879000,342.943700,0.006709,6.921285402e-06,2.505237e+08
12,7,1.000000000e-04,3.314623972e+08,342.943700,343.005000,0.000395,6.921285402e-06,2.504437e+08
12,8,1.000000000e-04,-3.353658079e+08,343.005000,343.062000,0.000404,6.921285402e-06,2.503615e+08
12,9,1.000000000e-04,-1.362567697e+09,343.062000,343.112000,0.006670,6.921285402e-06,2.502796e+08
12,10,1.000000000e-04,1.358740051e+09,343.112000,343.160000,0.006633,6.921285402e-06,2.502115e+08
12,11,1.000000000e-04,3.320806138e+08,343.160000,343.207300,0.000396,6.921285402e-06,2.501528e+08
12,12,1.000000000e-04,-3.325006444e+08,343.207300,343.243000,0.000397,6.921285402e-06,2.500951e+08
12,13,1.000000000e-04,-1.358320020e+09,343.243000,343.275000,0.006629,6.921285402e-06,2.500406e+08
12,14,1.000000000e-04,1.358833273e+09,343.275000,343.297000,0.006634,6.921285402e-06,2.500030e+08
12,15,1.000000000e-04,3.329394267e+08,343.297000,343.318000,0.000398,6.921285402e-06,2.499806e+08
12,16,1.000000000e-04,-3.319444324e+08,343.318000,343.327000,0.000396,6.921285402e-06,2.499598e+08
12,17,1.000000000e-04,-1.359828267e+09,343.327000,343.337000,0.006644,6.921285402e-06,2.499391e+08
12,18,1.000000000e-04,1.367162445e+09,343.337000,343.345100,0.006715,6.921285402e-06,2.499264e+08
12,19,1.000000000e-04,3.382455586e+08,343.345100,343.346000,0.000411,6.921285402e-06,2.499277e+08
12,20,1.000000000e-04,-3.309377566e+08,343.346000,343.346000,0.000393,6.921285402e-06,2.499271e+08
12,21,1.000000000e-04,-1.374470247e+09,343.346000,343.346000,0.006787,6.921285402e-06,2.499194e+08
12,22,1.000000000e-04,1.425459475e+09,343.346000,343.348700,0.007300,6.921285402e-06,2.499169e+08
12,23,1.000000000e-04,3.750390877e+08,343.348700,343.355900,0.000505,6.921285402e-06,2.499182e+08
12,24,1.000000000e-04,-3.237984393e+08,343.355900,343.375000,0.000377,6.921285402e-06,2.499001e+08
12,25,1.000000000e-04,-1.476700123e+09,343.375000,343.407900,0.007835,6.921285402e-06,2.498550e+08
12,26,1.000000000e-04,1.841391005e+09,343.407900,343.468300,0.012182,6.921285402e-06,2.497850e+08
12,27,1.000000000e-04,6.418196436e+08,343.468300,343.557700,0.001480,6.921285402e-06,2.496937e+08
12,28,1.000000000e-04,-2.671749457e+08,343.557700,343.711100,0.000256,6.921285402e-06,2.495264e+08
12,29,1.000000000e-04,-2.216035703e+09,343.711100,343.971500,0.017644,6.921285402e-06,2.492180e+08
12,30,1.000000000e-04,4.141553080e+09,343.971500,344.230900,0.061626,6.921285402e-06,2.488040e+08
12,31,1.000000000e-04,1.201466057e+09,344.230900,344.369000,0.005186,6.921285402e-06,2.485954e+08
12,32,1.000000000e-04,-9.380845462e+08,344.369000,344.438700,0.003162,6.921285402e-06,2.484534e+08
12,33,1.000000000e-04,-4.404934591e+09,344.438700,344.476100,0.069713,6.921285402e-06,2.482992e+08
12,34,1.000000000e-04,4.734730711e+09,344.476100,344.473500,0.080543,6.921285402e-06,2.482621e+08
12,35,1.000000000e-04,1.224980622e+09,344.473500,344.456900,0.005391,6.921285402e-06,2.483654e+08
12,36,1.000000000e-04,-1.105003732e+09,344.456900,344.433000,0.004387,6.921285402e-06,2.483948e+08
12,37,1.000000000e-04,-4.854707600e+09,344.433000,344.401000,0.084676,6.921285402e-06,2.483375e+08
12,38,1.000000000e-04,5.606822578e+09,344.401000,344.378000,0.112945,6.921285402e-06,2.483418e+08
12,39,1.000000000e-04,1.949566946e+09,344.378000,344.367000,0.013656,6.921285402e-06,2.484844e+08
13,0,1.000000000e-04,-5.730166031e+08,342.594000,342.606000,0.001180,6.921285402e-06,2.509631e+08
13,1,1.000000000e-04,-1.640827345e+09,342.606000,342.638700,0.009673,6.921285402e-06,2.509218e+08
13,2,1.000000000e-04,1.420718169e+09,342.638700,342.693300,0.007252,6.921285402e-06,2.508641e+08
13,3,1.000000000e-04,3.277894509e+08,342.693300,342.751000,0.000386,6.921285402e-06,2.507942e+08
13,4,1.000000000e-04,-3.548791412e+08,342.751000,342.815000,0.000452,6.921285402e-06,2.507096e+08
13,5,1.000000000e-04,-1.393628479e+09,342.815000,342.879000,0.006978,6.921285402e-06,2.506128e+08
13,6,1.000000000e-04,1.366471108e+09,342.879000,342.943700,0.006709,6.921285402e-06,2.505237e+08
13,7,1.000000000e-04,3.314623972e+08,342.943700,343.005000,0.000395,6.921285402e-06,2.504437e+08
13,8,1.000000000e-04,-3.353658079e+08,343.005000,343.062000,0.000404,6.921285402e-06,2.503615e+08
13,9,1.000000000e-04,-1.362567697e+09,343.062000,343.112000,0.006670,6.921285402e-06,2.502796e+08
13,10,1.000000000e-04,1.358740051e+09,343.112000,343.160000,0.006633,6.921285402e-06,2.502115e+08
13,11,1.000000000e-04,3.320806138e+08,343.160000,343.207300,0.000396,6.921285402e-06,2.501528e+08
13,12,1.000000000e-04,-3.325006444e+08,343.207300,343.243000,0.000397,6.921285402e-06,2.500951e+08
13,13,1.000000000e-04,-1.358320020e+09,343.243000,343.275000,0.006629,6.921285402e-06,2.500406e+08
13,14,1.000000000e-04,1.358833273e+09,343.275000,343.297000,0.006634,6.921285402e-06,2.500030e+08
13,15,1.000000000e-04,3.329394267e+08,343.297000,343.318000,0.000398,6.921285402e-06,2.499806e+08
13,16,1.000000000e-04,-3.319444324e+08,343.318000,343.327000,0.000396,6.921285402e-06,2.499598e+08
13,17,1.000000000e-04,-1.359828267e+09,343.327000,343.337000,0.006644,6.921285402e-06,2.499391e+08
13,18,1.000000000e-04,1.367162445e+09,343.337000,343.345100,0.006715,6.921285402e-06,2.499264e+08
13,19,1.000000000e-04,3.382455586e+08,343.345100,343.346500,0.000411,6.921285402e-06,2.499273e+08
13,20,1.000000000e-04,-3.309377566e+08,343.346500,343.346000,0.000393,6.921285402e-06,2.499267e+08
13,21,1.000000000e-04,-1.374470247e+09,343.346000,343.346000,0.006787,6.921285402e-06,2.499194e+08
13,22,1.000000000e-04,1.425459475e+09,343.346000,343.348700,0.007300,6.921285402e-06,2.499169e+08
13,23,1.000000000e-04,3.750390877e+08,343.348700,343.355900,0.000505,6.921285402e-06,2.499182e+08
13,24,1.000000000e-04,-3.237984393e+08,343.355900,343.375000,0.000377,6.921285402e-06,2.499001e+08
13,25,1.000000000e-04,-1.476700123e+09,343.375000,343.407900,0.007835,6.921285402e-06,2.498550e+08
13,26,1.000000000e-04,1.841391005e+09,343.407900,343.468300,0.012182,6.921285402e-06,2.497850e+08
13,27,1.000000000e-04,6.418196436e+08,343.468300,343.557700,0.001480,6.921285402e-06,2.496937e+08
13,28,1.000000000e-04,-2.671749457e+08,343.557700,343.711100,0.000256,6.921285402e-06,2.495264e+08
13,29,1.000000000e-04,-2.216035703e+09,343.711100,343.971500,0.017644,6.921285402e-06,2.492180e+08
13,30,1.000000000e-04,4.141553080e+09,343.971500,344.230900,0.061626,6.921285402e-06,2.488040e+08
13,31,1.000000000e-04,1.201466057e+09,344.230900,344.369000,0.005186,6.921285402e-06,2.485954e+08
13,32,1.000000000e-04,-9.380845462e+08,344.369000,344.438700,0.003162,6.921285402e-06,2.484534e+08
13,33,1.000000000e-04,-4.404934591e+09,344.438700,344.476100,0.069713,6.921285402e-06,2.482992e+08
13,34,1.000000000e-04,4.734730711e+09,344.476100,344.473500,0.080543,6.921285402e-06,2.482621e+08
13,35,1.000000000e-04,1.224980622e+09,344.473500,344.456900,0.005391,6.921285402e-06,2.483654e+08
13,36,1.000000000e-04,-1.105003732e+09,344.456900,344.433000,0.004387,6.921285402e-06,2.483948e+08
13,37,1.000000000e-04,-4.854707600e+09,344.433000,344.401000,0.084676,6.921285402e-06,2.483375e+08
13,38,1.000000000e-04,5.606822578e+09,344.401000,344.378000,0.112945,6.921285402e-06,2.483418e+08
13,39,1.000000000e-04,1.949566946e+09,344.378000,344.367000,0.013656,6.921285402e-06,2.484844e+08
14,0,1.000000000e-04,-2.021832847e+09,342.997000,343.029100,0.014687,6.921285402e-06,2.503728e+08
14,1,1.000000000e-04,-5.793113031e+09,343.029100,343.099000,0.120575,6.921285402e-06,2.501751e+08
14,2,1.000000000e-04,5.019751618e+09,343.099000,343.215000,0.090531,6.921285402e-06,2.500819e+08
14,3,1.000000000e-04,1.158495910e+09,343.215000,343.360800,0.004822,6.921285402e-06,2.500025e+08
14,4,1.000000000e-04,-1.253339163e+09,343.360800,343.542000,0.005644,6.921285402e-06,2.497743e+08
14,5,1.000000000e-04,-4.924908364e+09,343.542000,343.758300,0.087143,6.921285402e-06,2.494004e+08
14,6,1.000000000e-04,4.829924274e+09,343.758300,344.001100,0.083814,6.921285402e-06,2.490853e+08
14,7,1.000000000e-04,1.171384436e+09,344.001100,344.274500,0.004930,6.921285402e-06,2.488211e+08
14,8,1.000000000e-04,-1.185094532e+09,344.274500,344.562600,0.005046,6.921285402e-06,2.484307e+08
14,9,1.000000000e-04,-4.816214177e+09,344.562600,344.857000,0.083339,6.921285402e-06,2.479321e+08
14,10,1.000000000e-04,4.802257018e+09,344.857000,345.139400,0.082856,6.921285402e-06,2.475318e+08
14,11,1.000000000e-04,1.173114251e+09,345.139400,345.378100,0.004944,6.921285402e-06,2.472629e+08
14,12,1.000000000e-04,-1.175172450e+09,345.378100,345.561600,0.004962,6.921285402e-06,2.469695e+08
14,13,1.000000000e-04,-4.800198819e+09,345.561600,345.680900,0.082785,6.921285402e-06,2.466658e+08
14,14,1.000000000e-04,4.797949550e+09,345.680900,345.733000,0.082708,6.921285402e-06,2.465468e+08
14,15,1.000000000e-04,1.173248841e+09,345.733000,345.721000,0.004946,6.921285402e-06,2.466120e+08
14,16,1.000000000e-04,-1.173711954e+09,345.721000,345.625600,0.004949,6.921285402e-06,2.466867e+08
14,17,1.000000000e-04,-4.797486437e+09,345.625600,345.476800,0.082692,6.921285402e-06,2.467633e+08
14,18,1.000000000e-04,4.796114574e+09,345.476800,345.268300,0.082644,6.921285402e-06,2.470117e+08
14,19,1.000000000e-04,1.172540348e+09,345.268300,345.027000,0.004940,6.921285402e-06,2.474174e+08
14,20,1.000000000e-04,-1.173610443e+09,345.027000,344.764600,0.004949,6.921285402e-06,2.477674e+08
14,21,1.000000000e-04,-4.795044479e+09,344.764600,344.502200,0.082608,6.921285402e-06,2.480391e+08
14,22,1.000000000e-04,4.788022727e+09,344.502200,344.257400,0.082366,6.921285402e-06,2.483919e+08
14,23,1.000000000e-04,1.167595572e+09,344.257400,344.038300,0.004898,6.921285402e-06,2.488071e+08
14,24,1.000000000e-04,-1.174423842e+09,344.038300,343.847500,0.004955,6.921285402e-06,2.490919e+08
14,25,1.000000000e-04,-4.781194457e+09,343.847500,343.680900,0.082131,6.921285402e-06,2.492479e+08
14,26,1.000000000e-04,4.734243578e+09,343.680900,343.535300,0.080526,6.921285402e-06,2.494668e+08
14,27,1.000000000e-04,1.134035073e+09,343.535300,343.406400,0.004620,6.921285402e-06,2.497485e+08
14,28,1.000000000e-04,-1.180509550e+09,343.406400,343.293000,0.005007,6.921285402e-06,2.499164e+08
14,29,1.000000000e-04,-4.687769101e+09,343.293000,343.185500,0.078953,6.921285402e-06,2.499814e+08
14,30,1.000000000e-04,4.456790730e+09,343.185500,343.079000,0.071364,6.921285402e-06,2.501392e+08
14,31,1.000000000e-04,1.072357637e+09,343.079000,342.989300,0.004132,6.921285402e-06,2.503561e+08
14,32,1.000000000e-04,-1.093045057e+09,342.989300,342.899000,0.004293,6.921285402e-06,2.504810e+08
14,33,1.000000000e-04,-4.436103309e+09,342.899000,342.810000,0.070703,6.921285402e-06,2.505261e+08
14,34,1.000000000e-04,4.488996868e+09,342.810000,342.729000,0.072399,6.921285402e-06,2.506422e+08
14,35,1.000000000e-04,1.138789640e+09,342.729000,342.649900,0.004659,6.921285402e-06,2.508346e+08
14,36,1.000000000e-04,-1.057341694e+09,342.649900,342.585000,0.004017,6.921285402e-06,2.509354e+08
14,37,1.000000000e-04,-4.570444813e+09,342.585000,342.524000,0.075050,6.921285402e-06,2.509379e+08
14,38,1.000000000e-04,5.269322111e+09,342.524000,342.476900,0.099757,6.921285402e-06,2.509834e+08
14,39,1.000000000e-04,1.838711048e+09,342.476900,342.463000,0.012147,6.921285402e-06,2.511307e+08
15,0,1.000000000e-04,-2.021832847e+09,342.997000,343.029100,0.014687,6.921285402e-06,2.503728e+08
15,1,1.000000000e-04,-5.793113031e+09,343.029100,343.099000,0.120575,6.921285402e-06,2.501751e+08
15,2,1.000000000e-04,5.019751618e+09,343.099000,343.215000,0.090531,6.921285402e-06,2.500819e+08
15,3,1.000000000e-04,1.158495910e+09,343.215000,343.360800,0.004822,6.921285402e-06,2.500025e+08
15,4,1.000000000e-04,-1.253339163e+09,343.360800,343.542000,0.005644,6.921285402e-06,2.497743e+08
15,5,1.000000000e-04,-4.924908364e+09,343.542000,343.758300,0.087143,6.921285402e-06,2.494004e+08
15,6,1.000000000e-04,4.829924274e+09,343.758300,344.001100,0.083814,6.921285402e-06,2.490853e+08
15,7,1.000000000e-04,1.171384436e+09,344.001100,344.274500,0.004930,6.921285402e-06,2.488211e+08
15,8,1.000000000e-04,-1.185094532e+09,344.274500,344.562600,0.005046,6.921285402e-06,2.484307e+08
15,9,1.000000000e-04,-4.816214177e+09,344.562600,344.857500,0.083339,6.921285402e-06,2.479317e+08
15,10,1.000000000e-04,4.802257018e+09,344.857500,345.139400,0.082856,6.921285402e-06,2.475314e+08
15,11,1.000000000e-04,1.173114251e+09,345.139400,345.378100,0.004944,6.921285402e-06,2.472629e+08
15,12,1.000000000e-04,-1.175172450e+09,345.378100,345.561600,0.004962,6.921285402e-06,2.469695e+08
15,13,1.000000000e-04,-4.800198819e+09,345.561600,345.680900,0.082785,6.921285402e-06,2.466658e+08
15,14,1.000000000e-04,4.797949550e+09,345.680900,345.733000,0.082708,6.921285402e-06,2.465468e+08
15,15,1.000000000e-04,1.173248841e+09,345.733000,345.721000,0.004946,6.921285402e-06,2.466120e+08
15,16,1.000000000e-04,-1.173711954e+09,345.721000,345.625600,0.004949,6.921285402e-06,2.466867e+08
15,17,1.000000000e-04,-4.797486437e+09,345.625600,345.476800,0.082692,6.921285402e-06,2.467633e+08
15,18,1.000000000e-04,4.796114574e+09,345.476800,345.268300,0.082644,6.921285402e-06,2.470117e+08
15,19,1.000000000e-04,1.172540348e+09,345.268300,345.027000,0.004940,6.921285402e-06,2.474174e+08
15,20,1.000000000e-04,-1.173610443e+09,345.027000,344.764600,0.004949,6.921285402e-06,2.477674e+08
15,21,1.000000000e-04,-4.795044479e+09,344.764600,344.502200,0.082608,6.921285402e-06,2.480391e+08
15,22,1.000000000e-04,4.788022727e+09,344.502200,344.257400,0.082366,6.921285402e-06,2.483919e+08
15,23,1.000000000e-04,1.167595572e+09,344.257400,344.038300,0.004898,6.921285402e-06,2.488071e+08
15,24,1.000000000e-04,-1.174423842e+09,344.038300,343.848000,0.004955,6.921285402e-06,2.490916e+08
15,25,1.000000000e-04,-4.781194457e+09,343.848000,343.680900,0.082131,6.921285402e-06,2.492476e+08
15,26,1.000000000e-04,4.734243578e+09,343.680900,343.535300,0.080526,6.921285402e-06,2.494668e+08
15,27,1.000000000e-04,1.134035073e+09,343.535300,343.406400,0.004620,6.921285402e-06,2.497485e+08
15,28,1.000000000e-04,-1.180509550e+09,343.406400,343.293000,0.005007,6.921285402e-06,2.499164e+08
15,29,1.000000000e-04,-4.687769101e+09,343.293000,343.185500,0.078953,6.921285402e-06,2.499814e+08
15,30,1.000000000e-04,4.456790730e+09,343.185500,343.079000,0.071364,6.921285402e-06,2.501392e+08
15,31,1.000000000e-04,1.072357637e+09,343.079000,342.989300,0.004132,6.921285402e-06,2.503561e+08
15,32,1.000000000e-04,-1.093045057e+09,342.989300,342.899000,0.004293,6.921285402e-06,2.504810e+08
15,33,1.000000000e-04,-4.436103309e+09,342.899000,342.810000,0.070703,6.921285402e-06,2.505261e+08
15,34,1.000000000e-04,4.488996868e+09,342.810000,342.729000,0.072399,6.921285402e-06,2.506422e+08
15,35,1.000000000e-04,1.138789640e+09,342.729000,342.649900,0.004659,6.921285402e-06,2.508346e+08
15,36,1.000000000e-04,-1.057341694e+09,342.649900,342.585000,0.004017,6.921285402e-06,2.509354e+08
15,37,1.000000000e-04,-4.570444813e+09,342.585000,342.524000,0.075050,6.921285402e-06,2.509379e+08
15,38,1.000000000e-04,5.269322111e+09,342.524000,342.485000,0.099757,6.921285402e-06,2.509778e+08
15,39,1.000000000e-04,1.838711048e+09,342.485000,342.463000,0.012147,6.921285402e-06,2.511251e+08
16,0,1.000000000e-04,-1.968138251e+09,343.096000,343.119000,0.013917,6.921285402e-06,2.502424e+08
16,1,1.000000000e-04,-5.649814105e+09,343.119000,343.189300,0.114684,6.921285402e-06,2.500569e+08
16,2,1.000000000e-04,4.903563933e+09,343.189300,343.282000,0.086389,6.921285402e-06,2.499775e+08
16,3,1.000000000e-04,1.131828751e+09,343.282000,343.395100,0.004603,6.921285402e-06,2.499324e+08
16,4,1.000000000e-04,-1.222704571e+09,343.395100,343.536500,0.005371,6.921285402e-06,2.497546e+08
16,5,1.000000000e-04,-4.812688113e+09,343.536500,343.680900,0.083217,6.921285402e-06,2.494627e+08
16,6,1.000000000e-04,4.722353828e+09,343.680900,343.845600,0.080122,6.921285402e-06,2.492516e+08
16,7,1.000000000e-04,1.144566065e+09,343.845600,344.016700,0.004707,6.921285402e-06,2.491086e+08
16,8,1.000000000e-04,-1.157464649e+09,344.016700,344.183200,0.004813,6.921285402e-06,2.488738e+08
16,9,1.000000000e-04,-4.709455245e+09,344.183200,344.351500,0.079685,6.921285402e-06,2.485515e+08
16,10,1.000000000e-04,4.696563600e+09,344.351500,344.507900,0.079249,6.921285402e-06,2.483263e+08
16,11,1.000000000e-04,1.146327818e+09,344.507900,344.643300,0.004721,6.921285402e-06,2.482128e+08
16,12,1.000000000e-04,-1.148187519e+09,344.643300,344.743700,0.004737,6.921285402e-06,2.480489e+08
16,13,1.000000000e-04,-4.694703899e+09,344.743700,344.821000,0.079187,6.921285402e-06,2.478362e+08
16,14,1.000000000e-04,4.692732528e+09,344.821000,344.859500,0.079120,6.921285402e-06,2.477558e+08
16,15,1.000000000e-04,1.146485152e+09,344.859500,344.864000,0.004722,6.921285402e-06,2.478150e+08
16,16,1.000000000e-04,-1.146880428e+09,344.864000,344.834700,0.004726,6.921285402e-06,2.478322e+08
16,17,1.000000000e-04,-4.692337251e+09,344.834700,344.772600,0.079107,6.921285402e-06,2.478067e+08
16,18,1.000000000e-04,4.691151419e+09,344.772600,344.685900,0.079067,6.921285402e-06,2.479102e+08
16,19,1.000000000e-04,1.145856264e+09,344.685900,344.582000,0.004717,6.921285402e-06,2.481317e+08
16,20,1.000000000e-04,-1.146817838e+09,344.582000,344.466200,0.004725,6.921285402e-06,2.482843e+08
16,21,1.000000000e-04,-4.690189845e+09,344.466200,344.340700,0.079034,6.921285402e-06,2.483631e+08
16,22,1.000000000e-04,4.683683972e+09,344.340700,344.224600,0.078815,6.921285402e-06,2.485312e+08
16,23,1.000000000e-04,1.141194553e+09,344.224600,344.107900,0.004679,6.921285402e-06,2.487818e+08
16,24,1.000000000e-04,-1.147689286e+09,344.107900,344.003000,0.004732,6.921285402e-06,2.489358e+08
16,25,1.000000000e-04,-4.677189239e+09,344.003000,343.908100,0.078597,6.921285402e-06,2.489862e+08
16,26,1.000000000e-04,4.631661635e+09,343.908100,343.820700,0.077074,6.921285402e-06,2.491147e+08
16,27,1.000000000e-04,1.108299923e+09,343.820700,343.742300,0.004413,6.921285402e-06,2.493169e+08
16,28,1.000000000e-04,-1.154104312e+09,343.742300,343.672000,0.004785,6.921285402e-06,2.494198e+08
16,29,1.000000000e-04,-4.585857246e+09,343.672000,343.609000,0.075557,6.921285402e-06,2.494277e+08
16,30,1.000000000e-04,4.356658818e+09,343.609000,343.537000,0.068193,6.921285402e-06,2.495304e+08
16,31,1.000000000e-04,1.046981689e+09,343.537000,343.473700,0.003938,6.921285402e-06,2.497013e+08
16,32,1.000000000e-04,-1.067639928e+09,343.473700,343.407300,0.004095,6.921285402e-06,2.497913e+08
16,33,1.000000000e-04,-4.336000580e+09,343.407300,343.337000,0.067548,6.921285402e-06,2.498103e+08
16,34,1.000000000e-04,4.385998684e+09,343.337000,343.263500,0.069115,6.921285402e-06,2.499084e+08
16,35,1.000000000e-04,1.110887321e+09,343.263500,343.190000,0.004434,6.921285402e-06,2.500880e+08
16,36,1.000000000e-04,-1.032775632e+09,343.190000,343.126000,0.003832,6.921285402e-06,2.501843e+08
16,37,1.000000000e-04,-4.464110373e+09,343.126000,343.065000,0.071599,6.921285402e-06,2.501900e+08
16,38,1.000000000e-04,5.138627018e+09,343.065000,343.026000,0.094870,6.921285402e-06,2.502316e+08
16,39,1.000000000e-04,1.789774248e+09,343.026000,343.005000,0.011509,6.921285402e-06,2.503732e+08
17,0,1.000000000e-04,-1.968138251e+09,343.096000,343.119000,0.013917,6.921285402e-06,2.502424e+08
17,1,1.000000000e-04,-5.649814105e+09,343.119000,343.189300,0.114684,6.921285402e-06,2.500569e+08
17,2,1.000000000e-04,4.903563933e+09,343.189300,343.282000,0.086389,6.921285402e-06,2.499775e+08
17,3,1.000000000e-04,1.131828751e+09,343.282000,343.395100,0.004603,6.921285402e-06,2.499324e+08
17,4,1.000000000e-04,-1.222704571e+09,343.395100,343.536500,0.005371,6.921285402e-06,2.497546e+08
17,5,1.000000000e-04,-4.812688113e+09,343.536500,343.680900,0.083217,6.921285402e-06,2.494627e+08
17,6,1.000000000e-04,4.722353828e+09,343.680900,343.845600,0.080122,6.921285402e-06,2.492516e+08
17,7,1.000000000e-04,1.144566065e+09,343.845600,344.016700,0.004707,6.921285402e-06,2.491086e+08
17,8,1.000000000e-04,-1.157464649e+09,344.016700,344.183200,0.004813,6.921285402e-06,2.488738e+08
17,9,1.000000000e-04,-4.709455245e+09,344.183200,344.351500,0.079685,6.921285402e-06,2.485515e+08
17,10,1.000000000e-04,4.696563600e+09,344.351500,344.507900,0.079249,6.921285402e-06,2.483263e+08
17,11,1.000000000e-04,1.146327818e+09,344.507900,344.643300,0.004721,6.921285402e-06,2.482128e+08
17,12,1.000000000e-04,-1.148187519e+09,344.643300,344.743700,0.004737,6.921285402e-06,2.480489e+08
17,13,1.000000000e-04,-4.694703899e+09,344.743700,344.821000,0.079187,6.921285402e-06,2.478362e+08
17,14,1.000000000e-04,4.692732528e+09,344.821000,344.859500,0.079120,6.921285402e-06,2.477558e+08
17,15,1.000000000e-04,1.146485152e+09,344.859500,344.864000,0.004722,6.921285402e-06,2.478150e+08
17,16,1.000000000e-04,-1.146880428e+09,344.864000,344.834700,0.004726,6.921285402e-06,2.478322e+08
17,17,1.000000000e-04,-4.692337251e+09,344.834700,344.772600,0.079107,6.921285402e-06,2.478067e+08
17,18,1.000000000e-04,4.691151419e+09,344.772600,344.685900,0.079067,6.921285402e-06,2.479102e+08
17,19,1.000000000e-04,1.145856264e+09,344.685900,344.586500,0.004717,6.921285402e-06,2.481285e+08
17,20,1.000000000e-04,-1.146817838e+09,344.586500,344.466200,0.004725,6.921285402e-06,2.482812e+08
17,21,1.000000000e-04,-4.690189845e+09,344.466200,344.341400,0.079034,6.921285402e-06,2.483626e+08
17,22,1.000000000e-04,4.683683972e+09,344.341400,344.224600,0.078815,6.921285402e-06,2.485307e+08
17,23,1.000000000e-04,1.141194553e+09,344.224600,344.107900,0.004679,6.921285402e-06,2.487818e+08
17,24,1.000000000e-04,-1.147689286e+09,344.107900,344.003000,0.004732,6.921285402e-06,2.489358e+08
17,25,1.000000000e-04,-4.677189239e+09,344.003000,343.908100,0.078597,6.921285402e-06,2.489862e+08
17,26,1.000000000e-04,4.631661635e+09,343.908100,343.820700,0.077074,6.921285402e-06,2.491147e+08
17,27,1.000000000e-04,1.108299923e+09,343.820700,343.742300,0.004413,6.921285402e-06,2.493169e+08
17,28,1.000000000e-04,-1.154104312e+09,343.742300,343.672000,0.004785,6.921285402e-06,2.494198e+08
17,29,1.000000000e-04,-4.585857246e+09,343.672000,343.609000,0.075557,6.921285402e-06,2.494277e+08
17,30,1.000000000e-04,4.356658818e+09,343.609000,343.537000,0.068193,6.921285402e-06,2.495304e+08
17,31,1.000000000e-04,1.046981689e+09,343.537000,343.473700,0.003938,6.921285402e-06,2.497013e+08
17,32,1.000000000e-04,-1.067639928e+09,343.473700,343.407300,0.004095,6.921285402e-06,2.497913e+08
17,33,1.000000000e-04,-4.336000580e+09,343.407300,343.337000,0.067548,6.921285402e-06,2.498103e+08
17,34,1.000000000e-04,4.385998684e+09,343.337000,343.263500,0.069115,6.921285402e-06,2.499084e+08
17,35,1.000000000e-04,1.110887321e+09,343.263500,343.190000,0.004434,6.921285402e-06,2.500880e+08
17,36,1.000000000e-04,-1.032775632e+09,343.190000,343.126000,0.003832,6.921285402e-06,2.501843e+08
17,37,1.000000000e-04,-4.464110373e+09,343.126000,343.065000,0.071599,6.921285402e-06,2.501900e+08
17,38,1.000000000e-04,5.138627018e+09,343.065000,343.026000,0.094870,6.921285402e-06,2.502316e+08
17,39,1.000000000e-04,1.789774248e+09,343.026000,343.005000,0.011509,6.921285402e-06,2.503732e+08
18,0,1.000000000e-04,-1.953521096e+09,342.274000,342.286000,0.013711,6.921285402e-06,2.513929e+08
18,1,1.000000000e-04,-5.678871733e+09,342.286000,342.322900,0.115867,6.921285402e-06,2.512366e+08
18,2,1.000000000e-04,4.971124235e+09,342.322900,342.363000,0.088786,6.921285402e-06,2.512155e+08
18,3,1.000000000e-04,1.142383096e+09,342.363000,342.417300,0.004689,6.921285402e-06,2.512506e+08
18,4,1.000000000e-04,-1.232131771e+09,342.417300,342.466000,0.005454,6.921285402e-06,2.511781e+08
18,5,1.000000000e-04,-4.881375560e+09,342.466000,342.524000,0.085609,6.921285402e-06,2.510079e+08
18,6,1.000000000e-04,4.787810604e+09,342.524000,342.576900,0.082359,6.921285402e-06,2.509347e+08
18,7,1.000000000e-04,1.152178687e+09,342.576900,342.627000,0.004770,6.921285402e-06,2.509561e+08
18,8,1.000000000e-04,-1.166814091e+09,342.627000,342.675000,0.004891,6.921285402e-06,2.508878e+08
18,9,1.000000000e-04,-4.773175200e+09,342.675000,342.714500,0.081856,6.921285402e-06,2.507348e+08
18,10,1.000000000e-04,4.757785358e+09,342.714500,342.753700,0.081329,6.921285402e-06,2.506807e+08
18,11,1.000000000e-04,1.153684420e+09,342.753700,342.792000,0.004782,6.921285402e-06,2.507185e+08
18,12,1.000000000e-04,-1.156123569e+09,342.792000,342.821900,0.004802,6.921285402e-06,2.506711e+08
18,13,1.000000000e-04,-4.755346208e+09,342.821900,342.846300,0.081245,6.921285402e-06,2.505418e+08
18,14,1.000000000e-04,4.752615205e+09,342.846300,342.869500,0.081152,6.921285402e-06,2.505088e+08
18,15,1.000000000e-04,1.153790684e+09,342.869500,342.889000,0.004783,6.921285402e-06,2.505706e+08
18,16,1.000000000e-04,-1.154388767e+09,342.889000,342.905000,0.004788,6.921285402e-06,2.505459e+08
18,17,1.000000000e-04,-4.752017122e+09,342.905000,342.913100,0.081132,6.921285402e-06,2.504378e+08
18,18,1.000000000e-04,4.750299574e+09,342.913100,342.927000,0.081073,6.921285402e-06,2.504225e+08
18,19,1.000000000e-04,1.152920892e+09,342.927000,342.934500,0.004776,6.921285402e-06,2.504990e+08
18,20,1.000000000e-04,-1.154234751e+09,342.934500,342.941700,0.004787,6.921285402e-06,2.504888e+08
18,21,1.000000000e-04,-4.748985715e+09,342.941700,342.955000,0.081028,6.921285402e-06,2.503833e+08
18,22,1.000000000e-04,4.740939566e+09,342.955000,342.964000,0.080754,6.921285402e-06,2.503681e+08
18,23,1.000000000e-04,1.147367064e+09,342.964000,342.986300,0.004730,6.921285402e-06,2.504374e+08
18,24,1.000000000e-04,-1.154987473e+09,342.986300,343.019500,0.004793,6.921285402e-06,2.503987e+08
18,25,1.000000000e-04,-4.733319158e+09,343.019500,343.065000,0.080495,6.921285402e-06,2.502534e+08
18,26,1.000000000e-04,4.684742673e+09,343.065000,343.143000,0.078851,6.921285402e-06,2.501695e+08
18,27,1.000000000e-04,1.113535726e+09,343.143000,343.248000,0.004455,6.921285402e-06,2.501314e+08
18,28,1.000000000e-04,-1.159875316e+09,343.248000,343.410000,0.004833,6.921285402e-06,2.499454e+08
18,29,1.000000000e-04,-4.638403083e+09,343.410000,343.634000,0.077299,6.921285402e-06,2.495903e+08
18,30,1.000000000e-04,4.422022001e+09,343.634000,343.861300,0.070255,6.921285402e-06,2.492851e+08
18,31,1.000000000e-04,1.056494790e+09,343.861300,344.007900,0.004010,6.921285402e-06,2.491046e+08
18,32,1.000000000e-04,-1.076934536e+09,344.007900,344.096000,0.004167,6.921285402e-06,2.489413e+08
18,33,1.000000000e-04,-4.401582256e+09,344.096000,344.142000,0.069607,6.921285402e-06,2.487697e+08
18,34,1.000000000e-04,4.451394545e+09,344.142000,344.164000,0.071191,6.921285402e-06,2.487206e+08
18,35,1.000000000e-04,1.119541112e+09,344.164000,344.156000,0.004503,6.921285402e-06,2.487907e+08
18,36,1.000000000e-04,-1.043355905e+09,344.156000,344.137900,0.003911,6.921285402e-06,2.488096e+08
18,37,1.000000000e-04,-4.527579752e+09,344.137900,344.114000,0.073649,6.921285402e-06,2.487552e+08
18,38,1.000000000e-04,5.166164741e+09,344.114000,344.095300,0.095890,6.921285402e-06,2.487582e+08
18,39,1.000000000e-04,1.776769729e+09,344.095300,344.087000,0.011342,6.921285402e-06,2.488782e+08
19,0,1.000000000e-04,-1.953521096e+09,342.274000,342.286000,0.013711,6.921285402e-06,2.513929e+08
19,1,1.000000000e-04,-5.678871733e+09,342.286000,342.322900,0.115867,6.921285402e-06,2.512366e+08
19,2,1.000000000e-04,4.971124235e+09,342.322900,342.363000,0.088786,6.921285402e-06,2.512155e+08
19,3,1.000000000e-04,1.142383096e+09,342.363000,342.417300,0.004689,6.921285402e-06,2.512506e+08
19,4,1.000000000e-04,-1.232131771e+09,342.417300,342.466000,0.005454,6.921285402e-06,2.511781e+08
19,5,1.000000000e-04,-4.881375560e+09,342.466000,342.524000,0.085609,6.921285402e-06,2.510079e+08
19,6,1.000000000e-04,4.787810604e+09,342.524000,342.576900,0.082359,6.921285402e-06,2.509347e+08
19,7,1.000000000e-04,1.152178687e+09,342.576900,342.627000,0.004770,6.921285402e-06,2.509561e+08
19,8,1.000000000e-04,-1.166814091e+09,342.627000,342.675000,0.004891,6.921285402e-06,2.508878e+08
19,9,1.000000000e-04,-4.773175200e+09,342.675000,342.716000,0.081856,6.921285402e-06,2.507337e+08
19,10,1.000000000e-04,4.757785358e+09,342.716000,342.753700,0.081329,6.921285402e-06,2.506797e+08
19,11,1.000000000e-04,1.153684420e+09,342.753700,342.792000,0.004782,6.921285402e-06,2.507185e+08
19,12,1.000000000e-04,-1.156123569e+09,342.792000,342.821900,0.004802,6.921285402e-06,2.506711e+08
19,13,1.000000000e-04,-4.755346208e+09,342.821900,342.846300,0.081245,6.921285402e-06,2.505418e+08
19,14,1.000000000e-04,4.752615205e+09,342.846300,342.869500,0.081152,6.921285402e-06,2.505088e+08
19,15,1.000000000e-04,1.153790684e+09,342.869500,342.889000,0.004783,6.921285402e-06,2.505706e+08
19,16,1.000000000e-04,-1.154388767e+09,342.889000,342.905000,0.004788,6.921285402e-06,2.505459e+08
19,17,1.000000000e-04,-4.752017122e+09,342.905000,342.913100,0.081132,6.921285402e-06,2.504378e+08
19,18,1.000000000e-04,4.750299574e+09,342.913100,342.927000,0.081073,6.921285402e-06,2.504225e+08
19,19,1.000000000e-04,1.152920892e+09,342.927000,342.934500,0.004776,6.921285402e-06,2.504990e+08
19,20,1.000000000e-04,-1.154234751e+09,342.934500,342.941700,0.004787,6.921285402e-06,2.504888e+08
19,21,1.000000000e-04,-4.748985715e+09,342.941700,342.955000,0.081028,6.921285402e-06,2.503833e+08
19,22,1.000000000e-04,4.740939566e+09,342.955000,342.964000,0.080754,6.921285402e-06,2.503681e+08
19,23,1.000000000e-04,1.147367064e+09,342.964000,342.986300,0.004730,6.921285402e-06,2.504374e+08
19,24,1.000000000e-04,-1.154987473e+09,342.986300,343.019500,0.004793,6.921285402e-06,2.503987e+08
19,25,1.000000000e-04,-4.733319158e+09,343.019500,343.065000,0.080495,6.921285402e-06,2.502534e+08
19,26,1.000000000e-04,4.684742673e+09,343.065000,343.143000,0.078851,6.921285402e-06,2.501695e+08
19,27,1.000000000e-04,1.113535726e+09,343.143000,343.248000,0.004455,6.921285402e-06,2.501314e+08
19,28,1.000000000e-04,-1.159875316e+09,343.248000,343.410000,0.004833,6.921285402e-06,2.499454e+08
19,29,1.000000000e-04,-4.638403083e+09,343.410000,343.634000,0.077299,6.921285402e-06,2.495903e+08
19,30,1.000000000e-04,4.422022001e+09,343.634000,343.861300,0.070255,6.921285402e-06,2.492851e+08
19,31,1.000000000e-04,1.056494790e+09,343.861300,344.007900,0.004010,6.921285402e-06,2.491046e+08
19,32,1.000000000e-04,-1.076934536e+09,344.007900,344.096000,0.004167,6.921285402e-06,2.489413e+08
19,33,1.000000000e-04,-4.401582256e+09,344.096000,344.142000,0.069607,6.921285402e-06,2.487697e+08
19,34,1.000000000e-04,4.451394545e+09,344.142000,344.164000,0.071191,6.921285402e-06,2.487206e+08
19,35,1.000000000e-04,1.119541112e+09,344.164000,344.156000,0.004503,6.921285402e-06,2.487907e+08
19,36,1.000000000e-04,-1.043355905e+09,344.156000,344.137900,0.003911,6.921285402e-06,2.488096e+08
19,37,1.000000000e-04,-4.527579752e+09,344.137900,344.114000,0.073649,6.921285402e-06,2.487552e+08
19,38,1.000000000e-04,5.166164741e+09,344.114000,344.095300,0.095890,6.921285402e-06,2.487582e+08
19,39,1.000000000e-04,1.776769729e+09,344.095300,344.087000,0.011342,6.921285402e-06,2.488782e+08
20,0,1.000000000e-04,-1.886935673e+09,342.800000,342.817500,0.012792,6.921285402e-06,2.506590e+08
20,1,1.000000000e-04,-5.409433707e+09,342.817500,342.864500,0.105133,6.921285402e-06,2.505036e+08
20,2,1.000000000e-04,4.687673857e+09,342.864500,342.930000,0.078950,6.921285402e-06,2.504568e+08
20,3,1.000000000e-04,1.081408379e+09,342.930000,343.010000,0.004202,6.921285402e-06,2.504452e+08
20,4,1.000000000e-04,-1.169950402e+09,343.010000,343.095000,0.004918,6.921285402e-06,2.503296e+08
20,5,1.000000000e-04,-4.599131833e+09,343.095000,343.185500,0.075995,6.921285402e-06,2.501225e+08
20,6,1.000000000e-04,4.510802510e+09,343.185500,343.270000,0.073104,6.921285402e-06,2.500044e+08
20,7,1.000000000e-04,1.093641616e+09,343.270000,343.358000,0.004297,6.921285402e-06,2.499669e+08
20,8,1.000000000e-04,-1.106296597e+09,343.358000,343.440500,0.004397,6.921285402e-06,2.498483e+08
20,9,1.000000000e-04,-4.498147529e+09,343.440500,343.520000,0.072695,6.921285402e-06,2.496539e+08
20,10,1.000000000e-04,4.485447496e+09,343.520000,343.589000,0.072285,6.921285402e-06,2.495512e+08
20,11,1.000000000e-04,1.095340977e+09,343.589000,343.649500,0.004311,6.921285402e-06,2.495426e+08
20,12,1.000000000e-04,-1.097181892e+09,343.649500,343.699000,0.004325,6.921285402e-06,2.494661e+08
20,13,1.000000000e-04,-4.483606581e+09,343.699000,343.742500,0.072225,6.921285402e-06,2.493202e+08
20,14,1.000000000e-04,4.481641726e+09,343.742500,343.770000,0.072162,6.921285402e-06,2.492709e+08
20,15,1.000000000e-04,1.095489078e+09,343.770000,343.785500,0.004312,6.921285402e-06,2.493223e+08
20,16,1.000000000e-04,-1.095884948e+09,343.785500,343.790000,0.004315,6.921285402e-06,2.493084e+08
20,17,1.000000000e-04,-4.481245855e+09,343.790000,343.787000,0.072149,6.921285402e-06,2.492261e+08
20,18,1.000000000e-04,4.480065818e+09,343.787000,343.775500,0.072111,6.921285402e-06,2.492362e+08
20,19,1.000000000e-04,1.094868889e+09,343.775500,343.755000,0.004307,6.921285402e-06,2.493396e+08
20,20,1.000000000e-04,-1.095814731e+09,343.755000,343.728000,0.004314,6.921285402e-06,2.493726e+08
20,21,1.000000000e-04,-4.479119976e+09,343.728000,343.699500,0.072081,6.921285402e-06,2.493301e+08
20,22,1.000000000e-04,4.472772270e+09,343.699500,343.670500,0.071877,6.921285402e-06,2.493703e+08
20,23,1.000000000e-04,1.090340895e+09,343.670500,343.642000,0.004271,6.921285402e-06,2.494912e+08
20,24,1.000000000e-04,-1.096635022e+09,343.642000,343.620000,0.004321,6.921285402e-06,2.495262e+08
20,25,1.000000000e-04,-4.466478144e+09,343.620000,343.609000,0.071675,6.921285402e-06,2.494685e+08
20,26,1.000000000e-04,4.422604168e+09,343.609000,343.603500,0.070273,6.921285402e-06,2.494817e+08
20,27,1.000000000e-04,1.058751014e+09,343.603500,343.616000,0.004027,6.921285402e-06,2.495561e+08
20,28,1.000000000e-04,-1.102648599e+09,343.616000,343.657000,0.004368,6.921285402e-06,2.495185e+08
20,29,1.000000000e-04,-4.378706583e+09,343.657000,343.727500,0.068885,6.921285402e-06,2.493638e+08
20,30,1.000000000e-04,4.161989078e+09,343.727500,343.798000,0.062235,6.921285402e-06,2.492737e+08
20,31,1.000000000e-04,1.000784139e+09,343.798000,343.832000,0.003598,6.921285402e-06,2.492713e+08
20,32,1.000000000e-04,-1.020398789e+09,343.832000,343.833500,0.003741,6.921285402e-06,2.492465e+08
20,33,1.000000000e-04,-4.142374427e+09,343.833500,343.812000,0.061650,6.921285402e-06,2.491910e+08
20,34,1.000000000e-04,4.191626403e+09,343.812000,343.777500,0.063125,6.921285402e-06,2.492282e+08
20,35,1.000000000e-04,1.062970122e+09,343.777500,343.732000,0.004060,6.921285402e-06,2.493545e+08
20,36,1.000000000e-04,-9.868512127e+08,343.732000,343.680500,0.003499,6.921285402e-06,2.494226e+08
20,37,1.000000000e-04,-4.267745312e+09,343.680500,343.634000,0.065438,6.921285402e-06,2.494166e+08
20,38,1.000000000e-04,4.920099428e+09,343.634000,343.602000,0.086973,6.921285402e-06,2.494453e+08
20,39,1.000000000e-04,1.715960857e+09,343.602000,343.590000,0.010579,6.921285402e-06,2.495674e+08
21,0,1.000000000e-04,-1.886935673e+09,342.800000,342.817500,0.012792,6.921285402e-06,2.506590e+08
21,1,1.000000000e-04,-5.409433707e+09,342.817500,342.864500,0.105133,6.921285402e-06,2.505036e+08
21,2,1.000000000e-04,4.687673857e+09,342.864500,342.930000,0.078950,6.921285402e-06,2.504568e+08
21,3,1.000000000e-04,1.081408379e+09,342.930000,343.010000,0.004202,6.921285402e-06,2.504452e+08
21,4,1.000000000e-04,-1.169950402e+09,343.010000,343.095000,0.004918,6.921285402e-06,2.503296e+08
21,5,1.000000000e-04,-4.599131833e+09,343.095000,343.185500,0.075995,6.921285402e-06,2.501225e+08
21,6,1.000000000e-04,4.510802510e+09,343.185500,343.270000,0.073104,6.921285402e-06,2.500044e+08
21,7,1.000000000e-04,1.093641616e+09,343.270000,343.361500,0.004297,6.921285402e-06,2.499645e+08
21,8,1.000000000e-04,-1.106296597e+09,343.361500,343.445000,0.004397,6.921285402e-06,2.498427e+08
21,9,1.000000000e-04,-4.498147529e+09,343.445000,343.520000,0.072695,6.921285402e-06,2.496508e+08
21,10,1.000000000e-04,4.485447496e+09,343.520000,343.589000,0.072285,6.921285402e-06,2.495512e+08
21,11,1.000000000e-04,1.095340977e+09,343.589000,343.649500,0.004311,6.921285402e-06,2.495426e+08
21,12,1.000000000e-04,-1.097181892e+09,343.649500,343.699000,0.004325,6.921285402e-06,2.494661e+08
21,13,1.000000000e-04,-4.483606581e+09,343.699000,343.742500,0.072225,6.921285402e-06,2.493202e+08
21,14,1.000000000e-04,4.481641726e+09,343.742500,343.770000,0.072162,6.921285402e-06,2.492709e+08
21,15,1.000000000e-04,1.095489078e+09,343.770000,343.785500,0.004312,6.921285402e-06,2.493223e+08
21,16,1.000000000e-04,-1.095884948e+09,343.785500,343.790000,0.004315,6.921285402e-06,2.493084e+08
21,17,1.000000000e-04,-4.481245855e+09,343.790000,343.787000,0.072149,6.921285402e-06,2.492261e+08
21,18,1.000000000e-04,4.480065818e+09,343.787000,343.775500,0.072111,6.921285402e-06,2.492362e+08
21,19,1.000000000e-04,1.094868889e+09,343.775500,343.755000,0.004307,6.921285402e-06,2.493396e+08
21,20,1.000000000e-04,-1.095814731e+09,343.755000,343.728000,0.004314,6.921285402e-06,2.493726e+08
21,21,1.000000000e-04,-4.479119976e+09,343.728000,343.699500,0.072081,6.921285402e-06,2.493301e+08
21,22,1.000000000e-04,4.472772270e+09,343.699500,343.670500,0.071877,6.921285402e-06,2.493703e+08
21,23,1.000000000e-04,1.090340895e+09,343.670500,343.642000,0.004271,6.921285402e-06,2.494912e+08
21,24,1.000000000e-04,-1.096635022e+09,343.642000,343.620000,0.004321,6.921285402e-06,2.495262e+08
21,25,1.000000000e-04,-4.466478144e+09,343.620000,343.609000,0.071675,6.921285402e-06,2.494685e+08
21,26,1.000000000e-04,4.422604168e+09,343.609000,343.603500,0.070273,6.921285402e-06,2.494817e+08
21,27,1.000000000e-04,1.058751014e+09,343.603500,343.616000,0.004027,6.921285402e-06,2.495561e+08
21,28,1.000000000e-04,-1.102648599e+09,343.616000,343.657000,0.004368,6.921285402e-06,2.495185e+08
21,29,1.000000000e-04,-4.378706583e+09,343.657000,343.727500,0.068885,6.921285402e-06,2.493638e+08
21,30,1.000000000e-04,4.161989078e+09,343.727500,343.798000,0.062235,6.921285402e-06,2.492737e+08
21,31,1.000000000e-04,1.000784139e+09,343.798000,343.832000,0.003598,6.921285402e-06,2.492713e+08
21,32,1.000000000e-04,-1.020398789e+09,343.832000,343.833500,0.003741,6.921285402e-06,2.492465e+08
21,33,1.000000000e-04,-4.142374427e+09,343.833500,343.812000,0.061650,6.921285402e-06,2.491910e+08
21,34,1.000000000e-04,4.191626403e+09,343.812000,343.777500,0.063125,6.921285402e-06,2.492282e+08
21,35,1.000000000e-04,1.062970122e+09,343.777500,343.732000,0.004060,6.921285402e-06,2.493545e+08
21,36,1.000000000e-04,-9.868512127e+08,343.732000,343.680500,0.003499,6.921285402e-06,2.494226e+08
21,37,1.000000000e-04,-4.267745312e+09,343.680500,343.634000,0.065438,6.921285402e-06,2.494166e+08
21,38,1.000000000e-04,4.920099428e+09,343.634000,343.602000,0.086973,6.921285402e-06,2.494453e+08
21,39,1.000000000e-04,1.715960857e+09,343.602000,343.590000,0.010579,6.921285402e-06,2.495674e+08
22,0,1.000000000e-04,-1.852001629e+09,342.515000,342.527000,0.012323,6.921285402e-06,2.510596e+08
22,1,1.000000000e-04,-5.303185737e+09,342.527000,342.566000,0.101044,6.921285402e-06,2.509179e+08
22,2,1.000000000e-04,4.591776032e+09,342.566000,342.623300,0.075752,6.921285402e-06,2.508812e+08
22,3,1.000000000e-04,1.059412022e+09,342.623300,342.681000,0.004032,6.921285402e-06,2.508872e+08
22,4,1.000000000e-04,-1.146979491e+09,342.681000,342.745000,0.004727,6.921285402e-06,2.508018e+08
22,5,1.000000000e-04,-4.504208562e+09,342.745000,342.810000,0.072891,6.921285402e-06,2.506305e+08
22,6,1.000000000e-04,4.416346788e+09,342.810000,342.874000,0.070075,6.921285402e-06,2.505442e+08
22,7,1.000000000e-04,1.071220726e+09,342.874000,342.938000,0.004123,6.921285402e-06,2.505342e+08
22,8,1.000000000e-04,-1.083921790e+09,342.938000,342.993000,0.004221,6.921285402e-06,2.504514e+08
22,9,1.000000000e-04,-4.403645723e+09,342.993000,343.051000,0.069672,6.921285402e-06,2.502945e+08
22,10,1.000000000e-04,4.390701396e+09,343.051000,343.098100,0.069263,6.921285402e-06,2.502219e+08
22,11,1.000000000e-04,1.072815303e+09,343.098100,343.138000,0.004135,6.921285402e-06,2.502395e+08
22,12,1.000000000e-04,-1.074725817e+09,343.138000,343.173000,0.004150,6.921285402e-06,2.501874e+08
22,13,1.000000000e-04,-4.388790882e+09,343.173000,343.205000,0.069203,6.921285402e-06,2.500629e+08
22,14,1.000000000e-04,4.386702071e+09,343.205000,343.232000,0.069137,6.921285402e-06,2.500220e+08
22,15,1.000000000e-04,1.072939853e+09,343.232000,343.248000,0.004136,6.921285402e-06,2.500699e+08
22,16,1.000000000e-04,-1.073369606e+09,343.248000,343.264000,0.004139,6.921285402e-06,2.500477e+08
22,17,1.000000000e-04,-4.386272318e+09,343.264000,343.270000,0.069124,6.921285402e-06,2.499546e+08
22,18,1.000000000e-04,4.385002616e+09,343.270000,343.277000,0.069084,6.921285402e-06,2.499456e+08
22,19,1.000000000e-04,1.072285674e+09,343.277000,343.277000,0.004131,6.921285402e-06,2.500185e+08
22,20,1.000000000e-04,-1.073273750e+09,343.277000,343.276900,0.004139,6.921285402e-06,2.500186e+08
22,21,1.000000000e-04,-4.384014540e+09,343.276900,343.276000,0.069052,6.921285402e-06,2.499415e+08
22,22,1.000000000e-04,4.377544740e+09,343.276000,343.285000,0.068849,6.921285402e-06,2.499362e+08
22,23,1.000000000e-04,1.067736263e+09,343.285000,343.285900,0.004096,6.921285402e-06,2.500068e+08
22,24,1.000000000e-04,-1.074012794e+09,343.285900,343.305500,0.004144,6.921285402e-06,2.499925e+08
22,25,1.000000000e-04,-4.371268209e+09,343.305500,343.337000,0.068651,6.921285402e-06,2.498797e+08
22,26,1.000000000e-04,4.328241712e+09,343.337000,343.392000,0.067307,6.921285402e-06,2.498212e+08
22,27,1.000000000e-04,1.037046428e+09,343.392000,343.477400,0.003864,6.921285402e-06,2.497996e+08
22,28,1.000000000e-04,-1.079489086e+09,343.477400,343.613000,0.004187,6.921285402e-06,2.496457e+08
22,29,1.000000000e-04,-4.285799055e+09,343.613000,343.812000,0.065993,6.921285402e-06,2.493391e+08
22,30,1.000000000e-04,4.075255910e+09,343.812000,344.009900,0.059668,6.921285402e-06,2.490708e+08
22,31,1.000000000e-04,9.808592367e+08,344.009900,344.132000,0.003457,6.921285402e-06,2.489157e+08
22,32,1.000000000e-04,-9.996552611e+08,344.132000,344.198700,0.003590,6.921285402e-06,2.487844e+08
22,33,1.000000000e-04,-4.056459886e+09,344.198700,344.228000,0.059119,6.921285402e-06,2.486511e+08
22,34,1.000000000e-04,4.105620485e+09,344.228000,344.228500,0.060561,6.921285402e-06,2.486287e+08
22,35,1.000000000e-04,1.042153250e+09,344.228500,344.206000,0.003902,6.921285402e-06,2.487118e+08
22,36,1.000000000e-04,-9.669392486e+08,344.206000,344.174000,0.003359,6.921285402e-06,2.487504e+08
22,37,1.000000000e-04,-4.180834486e+09,344.174000,344.142000,0.062800,6.921285402e-06,2.487237e+08
22,38,1.000000000e-04,4.823719805e+09,344.142000,344.118100,0.083599,6.921285402e-06,2.487376e+08
22,39,1.000000000e-04,1.684268870e+09,344.118100,344.107000,0.010192,6.921285402e-06,2.488498e+08
23,0,1.000000000e-04,-1.852001629e+09,342.515000,342.527000,0.012323,6.921285402e-06,2.510596e+08
23,1,1.000000000e-04,-5.303185737e+09,342.527000,342.566000,0.101044,6.921285402e-06,2.509179e+08
23,2,1.000000000e-04,4.591776032e+09,342.566000,342.623300,0.075752,6.921285402e-06,2.508812e+08
23,3,1.000000000e-04,1.059412022e+09,342.623300,342.681000,0.004032,6.921285402e-06,2.508872e+08
23,4,1.000000000e-04,-1.146979491e+09,342.681000,342.745000,0.004727,6.921285402e-06,2.508018e+08
23,5,1.000000000e-04,-4.504208562e+09,342.745000,342.810000,0.072891,6.921285402e-06,2.506305e+08
23,6,1.000000000e-04,4.416346788e+09,342.810000,342.874000,0.070075,6.921285402e-06,2.505442e+08
23,7,1.000000000e-04,1.071220726e+09,342.874000,342.938000,0.004123,6.921285402e-06,2.505342e+08
23,8,1.000000000e-04,-1.083921790e+09,342.938000,342.993000,0.004221,6.921285402e-06,2.504514e+08
23,9,1.000000000e-04,-4.403645723e+09,342.993000,343.051000,0.069672,6.921285402e-06,2.502945e+08
23,10,1.000000000e-04,4.390701396e+09,343.051000,343.098100,0.069263,6.921285402e-06,2.502219e+08
23,11,1.000000000e-04,1.072815303e+09,343.098100,343.138000,0.004135,6.921285402e-06,2.502395e+08
23,12,1.000000000e-04,-1.074725817e+09,343.138000,343.173000,0.004150,6.921285402e-06,2.501874e+08
23,13,1.000000000e-04,-4.388790882e+09,343.173000,343.205000,0.069203,6.921285402e-06,2.500629e+08
23,14,1.000000000e-04,4.386702071e+09,343.205000,343.232000,0.069137,6.921285402e-06,2.500220e+08
23,15,1.000000000e-04,1.072939853e+09,343.232000,343.248000,0.004136,6.921285402e-06,2.500699e+08
23,16,1.000000000e-04,-1.073369606e+09,343.248000,343.264000,0.004139,6.921285402e-06,2.500477e+08
23,17,1.000000000e-04,-4.386272318e+09,343.264000,343.270000,0.069124,6.921285402e-06,2.499546e+08
23,18,1.000000000e-04,4.385002616e+09,343.270000,343.277000,0.069084,6.921285402e-06,2.499456e+08
23,19,1.000000000e-04,1.072285674e+09,343.277000,343.277000,0.004131,6.921285402e-06,2.500185e+08
23,20,1.000000000e-04,-1.073273750e+09,343.277000,343.276900,0.004139,6.921285402e-06,2.500186e+08
23,21,1.000000000e-04,-4.384014540e+09,343.276900,343.276000,0.069052,6.921285402e-06,2.499415e+08
23,22,1.000000000e-04,4.377544740e+09,343.276000,343.285000,0.068849,6.921285402e-06,2.499362e+08
23,23,1.000000000e-04,1.067736263e+09,343.285000,343.294000,0.004096,6.921285402e-06,2.500012e+08
23,24,1.000000000e-04,-1.074012794e+09,343.294000,343.305500,0.004144,6.921285402e-06,2.499869e+08
23,25,1.000000000e-04,-4.371268209e+09,343.305500,343.337000,0.068651,6.921285402e-06,2.498797e+08
23,26,1.000000000e-04,4.328241712e+09,343.337000,343.392000,0.067307,6.921285402e-06,2.498212e+08
23,27,1.000000000e-04,1.037046428e+09,343.392000,343.477400,0.003864,6.921285402e-06,2.497996e+08
23,28,1.000000000e-04,-1.079489086e+09,343.477400,343.613000,0.004187,6.921285402e-06,2.496457e+08
23,29,1.000000000e-04,-4.285799055e+09,343.613000,343.812000,0.065993,6.921285402e-06,2.493391e+08
23,30,1.000000000e-04,4.075255910e+09,343.812000,344.009900,0.059668,6.921285402e-06,2.490708e+08
23,31,1.000000000e-04,9.808592367e+08,344.009900,344.132000,0.003457,6.921285402e-06,2.489157e+08
23,32,1.000000000e-04,-9.996552611e+08,344.132000,344.198700,0.003590,6.921285402e-06,2.487844e+08
23,33,1.000000000e-04,-4.056459886e+09,344.198700,344.228000,0.059119,6.921285402e-06,2.486511e+08
23,34,1.000000000e-04,4.105620485e+09,344.228000,344.228500,0.060561,6.921285402e-06,2.486287e+08
23,35,1.000000000e-04,1.042153250e+09,344.228500,344.206000,0.003902,6.921285402e-06,2.487118e+08
23,36,1.000000000e-04,-9.669392486e+08,344.206000,344.174000,0.003359,6.921285402e-06,2.487504e+08
23,37,1.000000000e-04,-4.180834486e+09,344.174000,344.142000,0.062800,6.921285402e-06,2.487237e+08
23,38,1.000000000e-04,4.823719805e+09,344.142000,344.118100,0.083599,6.921285402e-06,2.487376e+08
23,39,1.000000000e-04,1.684268870e+09,344.118100,344.107000,0.010192,6.921285402e-06,2.488498e+08
24,0,1.000000000e-04,-5.838250386e+08,342.875000,342.892500,0.001225,6.921285402e-06,2.505686e+08
24,1,1.000000000e-04,-1.673699683e+09,342.892500,342.936000,0.010064,6.921285402e-06,2.505156e+08
24,2,1.000000000e-04,1.450386525e+09,342.936000,343.000000,0.007558,6.921285402e-06,2.504439e+08
24,3,1.000000000e-04,3.345935975e+08,343.000000,343.080000,0.000402,6.921285402e-06,2.503524e+08
24,4,1.000000000e-04,-3.619866155e+08,343.080000,343.165000,0.000471,6.921285402e-06,2.502377e+08
24,5,1.000000000e-04,-1.422993507e+09,343.165000,343.251000,0.007275,6.921285402e-06,2.501107e+08
24,6,1.000000000e-04,1.395679296e+09,343.251000,343.340000,0.006999,6.921285402e-06,2.499894e+08
24,7,1.000000000e-04,3.383893694e+08,343.340000,343.426500,0.000411,6.921285402e-06,2.498753e+08
24,8,1.000000000e-04,-3.422901182e+08,343.426500,343.510000,0.000421,6.921285402e-06,2.497571e+08
24,9,1.000000000e-04,-1.391778547e+09,343.510000,343.590000,0.006959,6.921285402e-06,2.496357e+08
24,10,1.000000000e-04,1.387949250e+09,343.590000,343.659500,0.006921,6.921285402e-06,2.495318e+08
24,11,1.000000000e-04,3.389860192e+08,343.659500,343.721000,0.000413,6.921285402e-06,2.494486e+08
24,12,1.000000000e-04,-3.394581835e+08,343.721000,343.772500,0.000414,6.921285402e-06,2.493700e+08
24,13,1.000000000e-04,-1.387477085e+09,343.772500,343.812500,0.006917,6.921285402e-06,2.492986e+08
24,14,1.000000000e-04,1.387534508e+09,343.812500,343.840000,0.006917,6.921285402e-06,2.492517e+08
24,15,1.000000000e-04,3.395046627e+08,343.840000,343.856000,0.000414,6.921285402e-06,2.492293e+08
24,16,1.000000000e-04,-3.389753252e+08,343.856000,343.865000,0.000413,6.921285402e-06,2.492119e+08
24,17,1.000000000e-04,-1.388063846e+09,343.865000,343.857000,0.006922,6.921285402e-06,2.492034e+08
24,18,1.000000000e-04,1.392183380e+09,343.857000,343.845500,0.006964,6.921285402e-06,2.492169e+08
24,19,1.000000000e-04,3.425154810e+08,343.845500,343.825000,0.000421,6.921285402e-06,2.492470e+08
24,20,1.000000000e-04,-3.383794388e+08,343.825000,343.798000,0.000411,6.921285402e-06,2.492800e+08
24,21,1.000000000e-04,-1.396319423e+09,343.798000,343.769500,0.007005,6.921285402e-06,2.493107e+08
24,22,1.000000000e-04,1.425073415e+09,343.769500,343.740500,0.007296,6.921285402e-06,2.493503e+08
24,23,1.000000000e-04,3.631692693e+08,343.740500,343.712000,0.000474,6.921285402e-06,2.493984e+08
24,24,1.000000000e-04,-3.345190939e+08,343.712000,343.690000,0.000402,6.921285402e-06,2.494336e+08
24,25,1.000000000e-04,-1.453723591e+09,343.690000,343.679500,0.007593,6.921285402e-06,2.494476e+08
24,26,1.000000000e-04,1.654466481e+09,343.679500,343.675000,0.009834,6.921285402e-06,2.494553e+08
24,27,1.000000000e-04,5.084064401e+08,343.675000,343.692500,0.000929,6.921285402e-06,2.494570e+08
24,28,1.000000000e-04,-3.056801154e+08,343.692500,343.737000,0.000336,6.921285402e-06,2.494146e+08
24,29,1.000000000e-04,-1.857192805e+09,343.737000,343.842500,0.012392,6.921285402e-06,2.492959e+08
24,30,1.000000000e-04,3.104724205e+09,343.842500,343.948000,0.034632,6.921285402e-06,2.491226e+08
24,31,1.000000000e-04,8.666577374e+08,343.948000,343.985500,0.002699,6.921285402e-06,2.490615e+08
24,32,1.000000000e-04,-7.154823485e+08,343.985500,343.988500,0.001839,6.921285402e-06,2.490344e+08
24,33,1.000000000e-04,-3.255899593e+09,343.988500,343.971500,0.038087,6.921285402e-06,2.490007e+08
24,34,1.000000000e-04,3.459588036e+09,343.971500,343.937500,0.043001,6.921285402e-06,2.490302e+08
24,35,1.000000000e-04,8.920519804e+08,343.937500,343.892000,0.002859,6.921285402e-06,2.491336e+08
24,36,1.000000000e-04,-8.080539299e+08,343.892000,343.844000,0.002346,6.921285402e-06,2.491992e+08
24,37,1.000000000e-04,-3.543586087e+09,343.844000,343.802500,0.045115,6.921285402e-06,2.492102e+08
24,38,1.000000000e-04,4.094835993e+09,343.802500,343.771500,0.060243,6.921285402e-06,2.492424e+08
24,39,1.000000000e-04,1.424686413e+09,343.771500,343.760000,0.007292,6.921285402e-06,2.493354e+08
25,0,1.000000000e-04,-5.838250386e+08,342.875000,342.892500,0.001225,6.921285402e-06,2.505686e+08
25,1,1.000000000e-04,-1.673699683e+09,342.892500,342.936000,0.010064,6.921285402e-06,2.505156e+08
25,2,1.000000000e-04,1.450386525e+09,342.936000,343.000000,0.007558,6.921285402e-06,2.504439e+08
25,3,1.000000000e-04,3.345935975e+08,343.000000,343.080000,0.000402,6.921285402e-06,2.503524e+08
25,4,1.000000000e-04,-3.619866155e+08,343.080000,343.162500,0.000471,6.921285402e-06,2.502394e+08
25,5,1.000000000e-04,-1.422993507e+09,343.162500,343.251000,0.007275,6.921285402e-06,2.501124e+08
25,6,1.000000000e-04,1.395679296e+09,343.251000,343.340000,0.006999,6.921285402e-06,2.499894e+08
25,7,1.000000000e-04,3.383893694e+08,343.340000,343.425000,0.000411,6.921285402e-06,2.498763e+08
25,8,1.000000000e-04,-3.422901182e+08,343.425000,343.509500,0.000421,6.921285402e-06,2.497585e+08
25,9,1.000000000e-04,-1.391778547e+09,343.509500,343.590000,0.006959,6.921285402e-06,2.496360e+08
25,10,1.000000000e-04,1.387949250e+09,343.590000,343.659000,0.006921,6.921285402e-06,2.495322e+08
25,11,1.000000000e-04,3.389860192e+08,343.659000,343.719500,0.000413,6.921285402e-06,2.494499e+08
25,12,1.000000000e-04,-3.394581835e+08,343.719500,343.772500,0.000414,6.921285402e-06,2.493711e+08
25,13,1.000000000e-04,-1.387477085e+09,343.772500,343.812500,0.006917,6.921285402e-06,2.492986e+08
25,14,1.000000000e-04,1.387534508e+09,343.812500,343.840000,0.006917,6.921285402e-06,2.492517e+08
25,15,1.000000000e-04,3.395046627e+08,343.840000,343.856000,0.000414,6.921285402e-06,2.492293e+08
25,16,1.000000000e-04,-3.389753252e+08,343.856000,343.865000,0.000413,6.921285402e-06,2.492119e+08
25,17,1.000000000e-04,-1.388063846e+09,343.865000,343.857000,0.006922,6.921285402e-06,2.492034e+08
25,18,1.000000000e-04,1.392183380e+09,343.857000,343.845500,0.006964,6.921285402e-06,2.492169e+08
25,19,1.000000000e-04,3.425154810e+08,343.845500,343.825000,0.000421,6.921285402e-06,2.492470e+08
25,20,1.000000000e-04,-3.383794388e+08,343.825000,343.798000,0.000411,6.921285402e-06,2.492800e+08
25,21,1.000000000e-04,-1.396319423e+09,343.798000,343.769500,0.007005,6.921285402e-06,2.493107e+08
25,22,1.000000000e-04,1.425073415e+09,343.769500,343.740500,0.007296,6.921285402e-06,2.493503e+08
25,23,1.000000000e-04,3.631692693e+08,343.740500,343.712000,0.000474,6.921285402e-06,2.493984e+08
25,24,1.000000000e-04,-3.345190939e+08,343.712000,343.690000,0.000402,6.921285402e-06,2.494336e+08
25,25,1.000000000e-04,-1.453723591e+09,343.690000,343.679500,0.007593,6.921285402e-06,2.494476e+08
25,26,1.000000000e-04,1.654466481e+09,343.679500,343.675000,0.009834,6.921285402e-06,2.494553e+08
25,27,1.000000000e-04,5.084064401e+08,343.675000,343.692500,0.000929,6.921285402e-06,2.494570e+08
25,28,1.000000000e-04,-3.056801154e+08,343.692500,343.737000,0.000336,6.921285402e-06,2.494146e+08
25,29,1.000000000e-04,-1.857192805e+09,343.737000,343.842500,0.012392,6.921285402e-06,2.492959e+08
25,30,1.000000000e-04,3.104724205e+09,343.842500,343.948000,0.034632,6.921285402e-06,2.491226e+08
25,31,1.000000000e-04,8.666577374e+08,343.948000,343.985500,0.002699,6.921285402e-06,2.490615e+08
25,32,1.000000000e-04,-7.154823485e+08,343.985500,343.988500,0.001839,6.921285402e-06,2.490344e+08
25,33,1.000000000e-04,-3.255899593e+09,343.988500,343.971500,0.038087,6.921285402e-06,2.490007e+08
25,34,1.000000000e-04,3.459588036e+09,343.971500,343.937500,0.043001,6.921285402e-06,2.490302e+08
25,35,1.000000000e-04,8.920519804e+08,343.937500,343.892000,0.002859,6.921285402e-06,2.491336e+08
25,36,1.000000000e-04,-8.080539299e+08,343.892000,343.847500,0.002346,6.921285402e-06,2.491967e+08
25,37,1.000000000e-04,-3.543586087e+09,343.847500,343.802500,0.045115,6.921285402e-06,2.492077e+08
25,38,1.000000000e-04,4.094835993e+09,343.802500,343.771500,0.060243,6.921285402e-06,2.492424e+08
25,39,1.000000000e-04,1.424686413e+09,343.771500,343.760000,0.007292,6.921285402e-06,2.493354e+08
26,0,1.000000000e-04,-3.408085466e+08,342.402000,342.413700,0.000417,6.921285402e-06,2.512311e+08
26,1,1.000000000e-04,-5.194211278e+08,342.413700,342.445100,0.000969,6.921285402e-06,2.512005e+08
26,2,1.000000000e-04,3.105566913e+08,342.445100,342.488900,0.000347,6.921285402e-06,2.511490e+08
26,3,1.000000000e-04,1.331311592e+08,342.488900,342.539000,0.000064,6.921285402e-06,2.510840e+08
26,4,1.000000000e-04,-1.877233956e+08,342.539000,342.595500,0.000127,6.921285402e-06,2.510099e+08
26,5,1.000000000e-04,-3.811533315e+08,342.595500,342.655000,0.000522,6.921285402e-06,2.509288e+08
26,6,1.000000000e-04,3.512595335e+08,342.655000,342.705100,0.000443,6.921285402e-06,2.508527e+08
26,7,1.000000000e-04,1.576479767e+08,342.705100,342.761000,0.000089,6.921285402e-06,2.507795e+08
26,8,1.000000000e-04,-1.657594071e+08,342.761000,342.809000,0.000099,6.921285402e-06,2.507072e+08
26,9,1.000000000e-04,-3.614495878e+08,342.809000,342.850000,0.000469,6.921285402e-06,2.506449e+08
26,10,1.000000000e-04,3.570322561e+08,342.850000,342.894300,0.000458,6.921285402e-06,2.505857e+08
26,11,1.000000000e-04,1.613852999e+08,342.894300,342.929000,0.000094,6.921285402e-06,2.505312e+08
26,12,1.000000000e-04,-1.622079979e+08,342.929000,342.961000,0.000095,6.921285402e-06,2.504848e+08
26,13,1.000000000e-04,-3.580608532e+08,342.961000,342.984000,0.000461,6.921285402e-06,2.504462e+08
26,14,1.000000000e-04,3.590277467e+08,342.984000,343.010000,0.000463,6.921285402e-06,2.504121e+08
26,15,1.000000000e-04,1.631491039e+08,343.010000,343.026000,0.000096,6.921285402e-06,2.503834e+08
26,16,1.000000000e-04,-1.604492185e+08,343.026000,343.042000,0.000092,6.921285402e-06,2.503611e+08
26,17,1.000000000e-04,-3.556644515e+08,343.042000,343.058000,0.000454,6.921285402e-06,2.503385e+08
26,18,1.000000000e-04,3.664371583e+08,343.058000,343.065000,0.000482,6.921285402e-06,2.503224e+08
26,19,1.000000000e-04,1.710226762e+08,343.065000,343.075000,0.000105,6.921285402e-06,2.503111e+08
26,20,1.000000000e-04,-1.523916617e+08,343.075000,343.082300,0.000083,6.921285402e-06,2.502991e+08
26,21,1.000000000e-04,-3.431628044e+08,343.082300,343.092000,0.000423,6.921285402e-06,2.502869e+08
26,22,1.000000000e-04,4.128367173e+08,343.092000,343.105000,0.000612,6.921285402e-06,2.502709e+08
26,23,1.000000000e-04,2.212466560e+08,343.105000,343.123700,0.000176,6.921285402e-06,2.502493e+08
26,24,1.000000000e-04,-9.981306634e+07,343.123700,343.153500,0.000036,6.921285402e-06,2.502158e+08
26,25,1.000000000e-04,-2.604971422e+08,343.153500,343.206000,0.000244,6.921285402e-06,2.501584e+08
26,26,1.000000000e-04,7.106377757e+08,343.206000,343.277000,0.001814,6.921285402e-06,2.500706e+08
26,27,1.000000000e-04,5.493149678e+08,343.277000,343.389000,0.001084,6.921285402e-06,2.499443e+08
26,28,1.000000000e-04,2.558165462e+08,343.389000,343.557300,0.000235,6.921285402e-06,2.497505e+08
26,29,1.000000000e-04,3.120842940e+08,343.557300,343.844000,0.000350,6.921285402e-06,2.494342e+08
26,30,1.000000000e-04,1.758232707e+09,343.844000,344.130000,0.011107,6.921285402e-06,2.490233e+08
26,31,1.000000000e-04,8.808021715e+08,344.130000,344.289900,0.002787,6.921285402e-06,2.487233e+08
26,32,1.000000000e-04,-3.027940433e+08,344.289900,344.380100,0.000329,6.921285402e-06,2.485525e+08
26,33,1.000000000e-04,-1.025119322e+09,344.380100,344.433000,0.003776,6.921285402e-06,2.484489e+08
26,34,1.000000000e-04,1.435200802e+09,344.433000,344.446000,0.007400,6.921285402e-06,2.483987e+08
26,35,1.000000000e-04,7.132227971e+08,344.446000,344.442000,0.001828,6.921285402e-06,2.483992e+08
26,36,1.000000000e-04,-4.426968228e+08,344.442000,344.426000,0.000704,6.921285402e-06,2.484144e+08
26,37,1.000000000e-04,-1.087388695e+09,344.426000,344.400000,0.004248,6.921285402e-06,2.484393e+08
26,38,1.000000000e-04,1.862536570e+09,344.400000,344.384000,0.012464,6.921285402e-06,2.484587e+08
26,39,1.000000000e-04,1.217452715e+09,344.384000,344.373000,0.005325,6.921285402e-06,2.484860e+08
27,0,1.000000000e-04,-3.408085466e+08,342.402000,342.413700,0.000417,6.921285402e-06,2.512311e+08
27,1,1.000000000e-04,-5.194211278e+08,342.413700,342.445100,0.000969,6.921285402e-06,2.512005e+08
27,2,1.000000000e-04,3.105566913e+08,342.445100,342.488900,0.000347,6.921285402e-06,2.511490e+08
27,3,1.000000000e-04,1.331311592e+08,342.488900,342.539000,0.000064,6.921285402e-06,2.510840e+08
27,4,1.000000000e-04,-1.877233956e+08,342.539000,342.595500,0.000127,6.921285402e-06,2.510099e+08
27,5,1.000000000e-04,-3.811533315e+08,342.595500,342.655000,0.000522,6.921285402e-06,2.509288e+08
27,6,1.000000000e-04,3.512595335e+08,342.655000,342.705100,0.000443,6.921285402e-06,2.508527e+08
27,7,1.000000000e-04,1.576479767e+08,342.705100,342.761000,0.000089,6.921285402e-06,2.507795e+08
27,8,1.000000000e-04,-1.657594071e+08,342.761000,342.809000,0.000099,6.921285402e-06,2.507072e+08
27,9,1.000000000e-04,-3.614495879e+08,342.809000,342.850000,0.000469,6.921285402e-06,2.506449e+08
27,10,1.000000000e-04,3.570322561e+08,342.850000,342.894300,0.000458,6.921285402e-06,2.505857e+08
27,11,1.000000000e-04,1.613852999e+08,342.894300,342.929000,0.000094,6.921285402e-06,2.505312e+08
27,12,1.000000000e-04,-1.622079979e+08,342.929000,342.961000,0.000095,6.921285402e-06,2.504848e+08
27,13,1.000000000e-04,-3.580608532e+08,342.961000,342.984000,0.000461,6.921285402e-06,2.504462e+08
27,14,1.000000000e-04,3.590277467e+08,342.984000,343.010000,0.000463,6.921285402e-06,2.504121e+08
27,15,1.000000000e-04,1.631491039e+08,343.010000,343.026000,0.000096,6.921285402e-06,2.503834e+08
27,16,1.000000000e-04,-1.604492185e+08,343.026000,343.042000,0.000092,6.921285402e-06,2.503611e+08
27,17,1.000000000e-04,-3.556644515e+08,343.042000,343.058000,0.000454,6.921285402e-06,2.503385e+08
27,18,1.000000000e-04,3.664371583e+08,343.058000,343.065000,0.000482,6.921285402e-06,2.503224e+08
27,19,1.000000000e-04,1.710226762e+08,343.065000,343.075000,0.000105,6.921285402e-06,2.503111e+08
27,20,1.000000000e-04,-1.523916617e+08,343.075000,343.082300,0.000083,6.921285402e-06,2.502991e+08
27,21,1.000000000e-04,-3.431628044e+08,343.082300,343.092000,0.000423,6.921285402e-06,2.502869e+08
27,22,1.000000000e-04,4.128367173e+08,343.092000,343.105000,0.000612,6.921285402e-06,2.502709e+08
27,23,1.000000000e-04,2.212466560e+08,343.105000,343.123700,0.000176,6.921285402e-06,2.502493e+08
27,24,1.000000000e-04,-9.981306634e+07,343.123700,343.153500,0.000036,6.921285402e-06,2.502158e+08
27,25,1.000000000e-04,-2.604971422e+08,343.153500,343.206000,0.000244,6.921285402e-06,2.501584e+08
27,26,1.000000000e-04,7.106377757e+08,343.206000,343.277000,0.001814,6.921285402e-06,2.500706e+08
27,27,1.000000000e-04,5.493149678e+08,343.277000,343.389000,0.001084,6.921285402e-06,2.499443e+08
27,28,1.000000000e-04,2.558165462e+08,343.389000,343.557300,0.000235,6.921285402e-06,2.497505e+08
27,29,1.000000000e-04,3.120842940e+08,343.557300,343.847500,0.000350,6.921285402e-06,2.494317e+08
27,30,1.000000000e-04,1.758232707e+09,343.847500,344.130000,0.011107,6.921285402e-06,2.490208e+08
27,31,1.000000000e-04,8.808021715e+08,344.130000,344.289900,0.002787,6.921285402e-06,2.487233e+08
27,32,1.000000000e-04,-3.027940433e+08,344.289900,344.380100,0.000329,6.921285402e-06,2.485525e+08
27,33,1.000000000e-04,-1.025119322e+09,344.380100,344.433000,0.003776,6.921285402e-06,2.484489e+08
27,34,1.000000000e-04,1.435200802e+09,344.433000,344.446000,0.007400,6.921285402e-06,2.483987e+08
27,35,1.000000000e-04,7.132227971e+08,344.446000,344.442000,0.001828,6.921285402e-06,2.483992e+08
27,36,1.000000000e-04,-4.426968228e+08,344.442000,344.426000,0.000704,6.921285402e-06,2.484144e+08
27,37,1.000000000e-04,-1.087388695e+09,344.426000,344.400000,0.004248,6.921285402e-06,2.484393e+08
27,38,1.000000000e-04,1.862536570e+09,344.400000,344.384000,0.012464,6.921285402e-06,2.484587e+08
27,39,1.000000000e-04,1.217452715e+09,344.384000,344.373000,0.005325,6.921285402e-06,2.484860e+08
28,0,1.000000000e-04,-3.198336118e+08,342.322000,342.333000,0.000368,6.921285402e-06,2.513428e+08
28,1,1.000000000e-04,-4.973599738e+08,342.333000,342.356000,0.000889,6.921285402e-06,2.513186e+08
28,2,1.000000000e-04,3.002689232e+08,342.356000,342.401000,0.000324,6.921285402e-06,2.512720e+08
28,3,1.000000000e-04,1.238551210e+08,342.401000,342.449000,0.000055,6.921285402e-06,2.512077e+08
28,4,1.000000000e-04,-1.803071329e+08,342.449000,342.502000,0.000117,6.921285402e-06,2.511374e+08
28,5,1.000000000e-04,-3.695018453e+08,342.502000,342.555000,0.000491,6.921285402e-06,2.510633e+08
28,6,1.000000000e-04,3.373913261e+08,342.555000,342.603700,0.000409,6.921285402e-06,2.509927e+08
28,7,1.000000000e-04,1.480471680e+08,342.603700,342.652000,0.000079,6.921285402e-06,2.509257e+08
28,8,1.000000000e-04,-1.578562434e+08,342.652000,342.699100,0.000090,6.921285402e-06,2.508594e+08
28,9,1.000000000e-04,-3.492004477e+08,342.699100,342.742500,0.000438,6.921285402e-06,2.507961e+08
28,10,1.000000000e-04,3.440611881e+08,342.742500,342.784000,0.000425,6.921285402e-06,2.507371e+08
28,11,1.000000000e-04,1.526377992e+08,342.784000,342.816000,0.000084,6.921285402e-06,2.506864e+08
28,12,1.000000000e-04,-1.536282298e+08,342.816000,342.845300,0.000085,6.921285402e-06,2.506438e+08
28,13,1.000000000e-04,-3.452517738e+08,342.845300,342.871000,0.000428,6.921285402e-06,2.506052e+08
28,14,1.000000000e-04,3.466396704e+08,342.871000,342.892500,0.000432,6.921285402e-06,2.505724e+08
28,15,1.000000000e-04,1.550819106e+08,342.892500,342.913000,0.000086,6.921285402e-06,2.505436e+08
28,16,1.000000000e-04,-1.509892743e+08,342.913000,342.929000,0.000082,6.921285402e-06,2.505182e+08
28,17,1.000000000e-04,-3.416453193e+08,342.929000,342.936000,0.000419,6.921285402e-06,2.505018e+08
28,18,1.000000000e-04,3.557564542e+08,342.936000,342.951100,0.000455,6.921285402e-06,2.504864e+08
28,19,1.000000000e-04,1.655836018e+08,342.951100,342.957500,0.000099,6.921285402e-06,2.504719e+08
28,20,1.000000000e-04,-1.389139346e+08,342.957500,342.972100,0.000069,6.921285402e-06,2.504573e+08
28,21,1.000000000e-04,-3.233167217e+08,342.972100,342.979300,0.000376,6.921285402e-06,2.504418e+08
28,22,1.000000000e-04,4.102412221e+08,342.979300,342.995300,0.000605,6.921285402e-06,2.504254e+08
28,23,1.000000000e-04,2.281640816e+08,342.995300,343.020100,0.000187,6.921285402e-06,2.503976e+08
28,24,1.000000000e-04,-6.808842953e+07,343.020100,343.052500,0.000017,6.921285402e-06,2.503580e+08
28,25,1.000000000e-04,-2.164629645e+08,343.052500,343.106000,0.000168,6.921285402e-06,2.502981e+08
28,26,1.000000000e-04,7.366642864e+08,343.106000,343.184000,0.001950,6.921285402e-06,2.502046e+08
28,27,1.000000000e-04,5.962734444e+08,343.184000,343.302000,0.001277,6.921285402e-06,2.500692e+08
28,28,1.000000000e-04,3.376136982e+08,343.302000,343.480000,0.000410,6.921285402e-06,2.498645e+08
28,29,1.000000000e-04,3.956358462e+08,343.480000,343.771500,0.000562,6.921285402e-06,2.495380e+08
28,30,1.000000000e-04,1.776401683e+09,343.771500,344.062100,0.011337,6.921285402e-06,2.491206e+08
28,31,1.000000000e-04,9.111059391e+08,344.062100,344.224300,0.002982,6.921285402e-06,2.488159e+08
28,32,1.000000000e-04,-2.275612595e+08,344.224300,344.323000,0.000186,6.921285402e-06,2.486379e+08
28,33,1.000000000e-04,-9.479597781e+08,344.323000,344.378000,0.003229,6.921285402e-06,2.485274e+08
28,34,1.000000000e-04,1.419912110e+09,344.378000,344.396500,0.007244,6.921285402e-06,2.484715e+08
28,35,1.000000000e-04,7.066318091e+08,344.396500,344.400000,0.001794,6.921285402e-06,2.484628e+08
28,36,1.000000000e-04,-3.977842443e+08,344.400000,344.384000,0.000568,6.921285402e-06,2.484729e+08
28,37,1.000000000e-04,-1.042084134e+09,344.384000,344.358700,0.003902,6.921285402e-06,2.484977e+08
28,38,1.000000000e-04,1.796372400e+09,344.358700,344.342000,0.011594,6.921285402e-06,2.485176e+08
28,39,1.000000000e-04,1.151680528e+09,344.342000,344.341000,0.004765,6.921285402e-06,2.485381e+08
29,0,1.000000000e-04,-3.198336118e+08,342.322000,342.333000,0.000368,6.921285402e-06,2.513428e+08
29,1,1.000000000e-04,-4.973599738e+08,342.333000,342.356000,0.000889,6.921285402e-06,2.513186e+08
29,2,1.000000000e-04,3.002689232e+08,342.356000,342.401000,0.000324,6.921285402e-06,2.512720e+08
29,3,1.000000000e-04,1.238551210e+08,342.401000,342.449000,0.000055,6.921285402e-06,2.512077e+08
29,4,1.000000000e-04,-1.803071329e+08,342.449000,342.502000,0.000117,6.921285402e-06,2.511374e+08
29,5,1.000000000e-04,-3.695018453e+08,342.502000,342.555000,0.000491,6.921285402e-06,2.510633e+08
29,6,1.000000000e-04,3.373913261e+08,342.555000,342.603000,0.000409,6.921285402e-06,2.509932e+08
29,7,1.000000000e-04,1.480471680e+08,342.603000,342.652000,0.000079,6.921285402e-06,2.509262e+08
29,8,1.000000000e-04,-1.578562434e+08,342.652000,342.699100,0.000090,6.921285402e-06,2.508594e+08
29,9,1.000000000e-04,-3.492004477e+08,342.699100,342.742500,0.000438,6.921285402e-06,2.507961e+08
29,10,1.000000000e-04,3.440611881e+08,342.742500,342.784000,0.000425,6.921285402e-06,2.507371e+08
29,11,1.000000000e-04,1.526377992e+08,342.784000,342.816000,0.000084,6.921285402e-06,2.506864e+08
29,12,1.000000000e-04,-1.536282298e+08,342.816000,342.845300,0.000085,6.921285402e-06,2.506438e+08
29,13,1.000000000e-04,-3.452517738e+08,342.845300,342.871000,0.000428,6.921285402e-06,2.506052e+08
29,14,1.000000000e-04,3.466396704e+08,342.871000,342.892500,0.000432,6.921285402e-06,2.505724e+08
29,15,1.000000000e-04,1.550819106e+08,342.892500,342.913000,0.000086,6.921285402e-06,2.505436e+08
29,16,1.000000000e-04,-1.509892743e+08,342.913000,342.929000,0.000082,6.921285402e-06,2.505182e+08
29,17,1.000000000e-04,-3.416453193e+08,342.929000,342.936000,0.000419,6.921285402e-06,2.505018e+08
29,18,1.000000000e-04,3.557564542e+08,342.936000,342.951100,0.000455,6.921285402e-06,2.504864e+08
29,19,1.000000000e-04,1.655836018e+08,342.951100,342.957500,0.000099,6.921285402e-06,2.504719e+08
29,20,1.000000000e-04,-1.389139346e+08,342.957500,342.972100,0.000069,6.921285402e-06,2.504573e+08
29,21,1.000000000e-04,-3.233167217e+08,342.972100,342.979300,0.000376,6.921285402e-06,2.504418e+08
29,22,1.000000000e-04,4.102412221e+08,342.979300,342.995300,0.000605,6.921285402e-06,2.504254e+08
29,23,1.000000000e-04,2.281640816e+08,342.995300,343.020100,0.000187,6.921285402e-06,2.503976e+08
29,24,1.000000000e-04,-6.808842953e+07,343.020100,343.052500,0.000017,6.921285402e-06,2.503580e+08
29,25,1.000000000e-04,-2.164629645e+08,343.052500,343.106000,0.000168,6.921285402e-06,2.502981e+08
29,26,1.000000000e-04,7.366642864e+08,343.106000,343.184000,0.001950,6.921285402e-06,2.502046e+08
29,27,1.000000000e-04,5.962734444e+08,343.184000,343.302000,0.001277,6.921285402e-06,2.500692e+08
29,28,1.000000000e-04,3.376136982e+08,343.302000,343.480000,0.000410,6.921285402e-06,2.498645e+08
29,29,1.000000000e-04,3.956358462e+08,343.480000,343.771500,0.000562,6.921285402e-06,2.495380e+08
29,30,1.000000000e-04,1.776401683e+09,343.771500,344.062100,0.011337,6.921285402e-06,2.491206e+08
29,31,1.000000000e-04,9.111059391e+08,344.062100,344.224300,0.002982,6.921285402e-06,2.488159e+08
29,32,1.000000000e-04,-2.275612595e+08,344.224300,344.323000,0.000186,6.921285402e-06,2.486379e+08
29,33,1.000000000e-04,-9.479597781e+08,344.323000,344.378000,0.003229,6.921285402e-06,2.485274e+08
29,34,1.000000000e-04,1.419912110e+09,344.378000,344.396500,0.007244,6.921285402e-06,2.484715e+08
29,35,1.000000000e-04,7.066318091e+08,344.396500,344.400000,0.001794,6.921285402e-06,2.484628e+08
29,36,1.000000000e-04,-3.977842443e+08,344.400000,344.384000,0.000568,6.921285402e-06,2.484729e+08
29,37,1.000000000e-04,-1.042084134e+09,344.384000,344.358700,0.003902,6.921285402e-06,2.484977e+08
29,38,1.000000000e-04,1.796372400e+09,344.358700,344.342000,0.011594,6.921285402e-06,2.485176e+08
29,39,1.000000000e-04,1.151680528e+09,344.342000,344.341000,0.004765,6.921285402e-06,2.485381e+08
30,0,1.000000000e-04,-1.209065768e+09,342.732000,342.748000,0.005252,6.921285402e-06,2.507636e+08
30,1,1.000000000e-04,-1.843063380e+09,342.748000,342.803000,0.012204,6.921285402e-06,2.507059e+08
30,2,1.000000000e-04,1.103403039e+09,342.803000,342.880900,0.004374,6.921285402e-06,2.506230e+08
30,3,1.000000000e-04,4.730959343e+08,342.880900,342.981000,0.000804,6.921285402e-06,2.505035e+08
30,4,1.000000000e-04,-6.661336024e+08,342.981000,343.091000,0.001594,6.921285402e-06,2.503566e+08
30,5,1.000000000e-04,-1.353170931e+09,343.091000,343.215000,0.006579,6.921285402e-06,2.501880e+08
30,6,1.000000000e-04,1.247470567e+09,343.215000,343.345100,0.005591,6.921285402e-06,2.500125e+08
30,7,1.000000000e-04,5.597443869e+08,343.345100,343.477900,0.001126,6.921285402e-06,2.498352e+08
30,8,1.000000000e-04,-5.886021589e+08,343.477900,343.613400,0.001245,6.921285402e-06,2.496486e+08
30,9,1.000000000e-04,-1.283732000e+09,343.613400,343.740000,0.005921,6.921285402e-06,2.494608e+08
30,10,1.000000000e-04,1.267182724e+09,343.740000,343.858000,0.005769,6.921285402e-06,2.492910e+08
30,11,1.000000000e-04,5.722266549e+08,343.858000,343.960200,0.001176,6.921285402e-06,2.491434e+08
30,12,1.000000000e-04,-5.767801873e+08,343.960200,344.039900,0.001195,6.921285402e-06,2.490170e+08
30,13,1.000000000e-04,-1.272865195e+09,344.039900,344.097000,0.005821,6.921285402e-06,2.489164e+08
30,14,1.000000000e-04,1.270023125e+09,344.097000,344.125000,0.005795,6.921285402e-06,2.488573e+08
30,15,1.000000000e-04,5.739915305e+08,344.125000,344.128700,0.001184,6.921285402e-06,2.488408e+08
30,16,1.000000000e-04,-5.750690597e+08,344.128700,344.103000,0.001188,6.921285402e-06,2.488560e+08
30,17,1.000000000e-04,-1.271363189e+09,344.103000,344.052000,0.005807,6.921285402e-06,2.489038e+08
30,18,1.000000000e-04,1.269588414e+09,344.052000,343.982600,0.005791,6.921285402e-06,2.489875e+08
30,19,1.000000000e-04,5.733321619e+08,343.982600,343.895000,0.001181,6.921285402e-06,2.491022e+08
30,20,1.000000000e-04,-5.757505847e+08,343.895000,343.795700,0.001191,6.921285402e-06,2.492320e+08
30,21,1.000000000e-04,-1.272600097e+09,343.795700,343.692800,0.005819,6.921285402e-06,2.493670e+08
30,22,1.000000000e-04,1.264048505e+09,343.692800,343.584100,0.005741,6.921285402e-06,2.495142e+08
30,23,1.000000000e-04,5.673314611e+08,343.584100,343.483300,0.001156,6.921285402e-06,2.496653e+08
30,24,1.000000000e-04,-5.819855964e+08,343.483300,343.379000,0.001217,6.921285402e-06,2.498077e+08
30,25,1.000000000e-04,-1.282379147e+09,343.379000,343.282000,0.005908,6.921285402e-06,2.499420e+08
30,26,1.000000000e-04,1.228741825e+09,343.282000,343.186000,0.005424,6.921285402e-06,2.500767e+08
30,27,1.000000000e-04,5.285928578e+08,343.186000,343.100000,0.001004,6.921285402e-06,2.502085e+08
30,28,1.000000000e-04,-6.237357172e+08,343.100000,343.011000,0.001398,6.921285402e-06,2.503297e+08
30,29,1.000000000e-04,-1.349489041e+09,343.011000,342.930000,0.006543,6.921285402e-06,2.504417e+08
30,30,1.000000000e-04,1.110763520e+09,342.930000,342.850000,0.004433,6.921285402e-06,2.505561e+08
30,31,1.000000000e-04,4.997966343e+08,342.850000,342.774900,0.000897,6.921285402e-06,2.506681e+08
30,32,1.000000000e-04,-5.420072096e+08,342.774900,342.697000,0.001055,6.921285402e-06,2.507743e+08
30,33,1.000000000e-04,-1.164450771e+09,342.697000,342.623300,0.004872,6.921285402e-06,2.508751e+08
30,34,1.000000000e-04,1.221900321e+09,342.623300,342.550500,0.005364,6.921285402e-06,2.509763e+08
30,35,1.000000000e-04,6.003328836e+08,342.550500,342.478000,0.001295,6.921285402e-06,2.510821e+08
30,36,1.000000000e-04,-4.351584719e+08,342.478000,342.418900,0.000680,6.921285402e-06,2.511743e+08
30,37,1.000000000e-04,-1.007726529e+09,342.418900,342.363000,0.003649,6.921285402e-06,2.512507e+08
30,38,1.000000000e-04,1.675001693e+09,342.363000,342.331000,0.010080,6.921285402e-06,2.513041e+08
30,39,1.000000000e-04,1.099167207e+09,342.331000,342.309000,0.004341,6.921285402e-06,2.513485e+08
31,0,1.000000000e-04,-1.209065768e+09,342.732000,342.748000,0.005252,6.921285402e-06,2.507636e+08
31,1,1.000000000e-04,-1.843063380e+09,342.748000,342.803000,0.012204,6.921285402e-06,2.507059e+08
31,2,1.000000000e-04,1.103403039e+09,342.803000,342.880900,0.004374,6.921285402e-06,2.506230e+08
31,3,1.000000000e-04,4.730959343e+08,342.880900,342.981000,0.000804,6.921285402e-06,2.505035e+08
31,4,1.000000000e-04,-6.661336024e+08,342.981000,343.091000,0.001594,6.921285402e-06,2.503566e+08
31,5,1.000000000e-04,-1.353170931e+09,343.091000,343.215000,0.006579,6.921285402e-06,2.501880e+08
31,6,1.000000000e-04,1.247470567e+09,343.215000,343.345100,0.005591,6.921285402e-06,2.500125e+08
31,7,1.000000000e-04,5.597443869e+08,343.345100,343.477900,0.001126,6.921285402e-06,2.498352e+08
31,8,1.000000000e-04,-5.886021589e+08,343.477900,343.613400,0.001245,6.921285402e-06,2.496486e+08
31,9,1.000000000e-04,-1.283732000e+09,343.613400,343.740000,0.005921,6.921285402e-06,2.494608e+08
31,10,1.000000000e-04,1.267182724e+09,343.740000,343.858000,0.005769,6.921285402e-06,2.492910e+08
31,11,1.000000000e-04,5.722266549e+08,343.858000,343.960200,0.001176,6.921285402e-06,2.491434e+08
31,12,1.000000000e-04,-5.767801873e+08,343.960200,344.039900,0.001195,6.921285402e-06,2.490170e+08
31,13,1.000000000e-04,-1.272865195e+09,344.039900,344.097000,0.005821,6.921285402e-06,2.489164e+08
31,14,1.000000000e-04,1.270023125e+09,344.097000,344.125000,0.005795,6.921285402e-06,2.488573e+08
31,15,1.000000000e-04,5.739915305e+08,344.125000,344.128700,0.001184,6.921285402e-06,2.488408e+08
31,16,1.000000000e-04,-5.750690597e+08,344.128700,344.103000,0.001188,6.921285402e-06,2.488560e+08
31,17,1.000000000e-04,-1.271363189e+09,344.103000,344.052000,0.005807,6.921285402e-06,2.489038e+08
31,18,1.000000000e-04,1.269588414e+09,344.052000,343.982600,0.005791,6.921285402e-06,2.489875e+08
31,19,1.000000000e-04,5.733321619e+08,343.982600,343.895000,0.001181,6.921285402e-06,2.491022e+08
31,20,1.000000000e-04,-5.757505847e+08,343.895000,343.795700,0.001191,6.921285402e-06,2.492320e+08
31,21,1.000000000e-04,-1.272600097e+09,343.795700,343.692800,0.005819,6.921285402e-06,2.493670e+08
31,22,1.000000000e-04,1.264048505e+09,343.692800,343.584100,0.005741,6.921285402e-06,2.495142e+08
31,23,1.000000000e-04,5.673314611e+08,343.584100,343.483300,0.001156,6.921285402e-06,2.496653e+08
31,24,1.000000000e-04,-5.819855964e+08,343.483300,343.375500,0.001217,6.921285402e-06,2.498102e+08
31,25,1.000000000e-04,-1.282379147e+09,343.375500,343.282000,0.005908,6.921285402e-06,2.499445e+08
31,26,1.000000000e-04,1.228741825e+09,343.282000,343.186000,0.005424,6.921285402e-06,2.500767e+08
31,27,1.000000000e-04,5.285928578e+08,343.186000,343.097900,0.001004,6.921285402e-06,2.502100e+08
31,28,1.000000000e-04,-6.237357172e+08,343.097900,343.010300,0.001398,6.921285402e-06,2.503316e+08
31,29,1.000000000e-04,-1.349489041e+09,343.010300,342.930000,0.006543,6.921285402e-06,2.504422e+08
31,30,1.000000000e-04,1.110763520e+09,342.930000,342.850000,0.004433,6.921285402e-06,2.505561e+08
31,31,1.000000000e-04,4.997966343e+08,342.850000,342.774900,0.000897,6.921285402e-06,2.506681e+08
31,32,1.000000000e-04,-5.420072096e+08,342.774900,342.697000,0.001055,6.921285402e-06,2.507743e+08
31,33,1.000000000e-04,-1.164450771e+09,342.697000,342.623300,0.004872,6.921285402e-06,2.508751e+08
31,34,1.000000000e-04,1.221900321e+09,342.623300,342.550500,0.005364,6.921285402e-06,2.509763e+08
31,35,1.000000000e-04,6.003328836e+08,342.550500,342.478000,0.001295,6.921285402e-06,2.510821e+08
31,36,1.000000000e-04,-4.351584719e+08,342.478000,342.418900,0.000680,6.921285402e-06,2.511743e+08
31,37,1.000000000e-04,-1.007726529e+09,342.418900,342.363000,0.003649,6.921285402e-06,2.512507e+08
31,38,1.000000000e-04,1.675001693e+09,342.363000,342.328300,0.010080,6.921285402e-06,2.513060e+08
31,39,1.000000000e-04,1.099167207e+09,342.328300,342.309000,0.004341,6.921285402e-06,2.513504e+08
32,0,1.000000000e-04,-3.263688729e+08,342.520000,342.532000,0.000383,6.921285402e-06,2.510669e+08
32,1,1.000000000e-04,-4.930733863e+08,342.532000,342.571000,0.000873,6.921285402e-06,2.510309e+08
32,2,1.000000000e-04,2.852672613e+08,342.571000,342.619000,0.000292,6.921285402e-06,2.509711e+08
32,3,1.000000000e-04,1.230026005e+08,342.619000,342.676000,0.000054,6.921285402e-06,2.508984e+08
32,4,1.000000000e-04,-1.772735929e+08,342.676000,342.735000,0.000113,6.921285402e-06,2.508177e+08
32,5,1.000000000e-04,-3.555715412e+08,342.735000,342.799000,0.000454,6.921285402e-06,2.507318e+08
32,6,1.000000000e-04,3.264313607e+08,342.799000,342.856000,0.000383,6.921285402e-06,2.506478e+08
32,7,1.000000000e-04,1.477165287e+08,342.856000,342.915500,0.000078,6.921285402e-06,2.505672e+08
32,8,1.000000000e-04,-1.555895915e+08,342.915500,342.967000,0.000087,6.921285402e-06,2.504901e+08
32,9,1.000000000e-04,-3.364830279e+08,342.967000,343.017500,0.000407,6.921285402e-06,2.504188e+08
32,10,1.000000000e-04,3.323423625e+08,343.017500,343.063000,0.000397,6.921285402e-06,2.503521e+08
32,11,1.000000000e-04,1.514224929e+08,343.063000,343.104000,0.000082,6.921285402e-06,2.502923e+08
32,12,1.000000000e-04,-1.522353073e+08,343.104000,343.136000,0.000083,6.921285402e-06,2.502416e+08
32,13,1.000000000e-04,-3.333745606e+08,343.136000,343.168000,0.000399,6.921285402e-06,2.501967e+08
32,14,1.000000000e-04,3.340701508e+08,343.168000,343.192500,0.000401,6.921285402e-06,2.501575e+08
32,15,1.000000000e-04,1.529502216e+08,343.192500,343.211000,0.000084,6.921285402e-06,2.501280e+08
32,16,1.000000000e-04,-1.506105360e+08,343.211000,343.227000,0.000081,6.921285402e-06,2.501040e+08
32,17,1.000000000e-04,-3.310843188e+08,343.227000,343.236500,0.000394,6.921285402e-06,2.500859e+08
32,18,1.000000000e-04,3.398980766e+08,343.236500,343.240000,0.000415,6.921285402e-06,2.500768e+08
32,19,1.000000000e-04,1.595879895e+08,343.240000,343.250000,0.000092,6.921285402e-06,2.500678e+08
32,20,1.000000000e-04,-1.429577523e+08,343.250000,343.250500,0.000073,6.921285402e-06,2.500606e+08
32,21,1.000000000e-04,-3.186086863e+08,343.250500,343.255000,0.000365,6.921285402e-06,2.500567e+08
32,22,1.000000000e-04,3.783001392e+08,343.255000,343.261500,0.000514,6.921285402e-06,2.500489e+08
32,23,1.000000000e-04,2.039332598e+08,343.261500,343.274000,0.000149,6.921285402e-06,2.500361e+08
32,24,1.000000000e-04,-9.144224903e+07,343.274000,343.302500,0.000030,6.921285402e-06,2.500078e+08
32,25,1.000000000e-04,-2.336516385e+08,343.302500,343.338500,0.000196,6.921285402e-06,2.499628e+08
32,26,1.000000000e-04,6.451252768e+08,343.338500,343.405000,0.001495,6.921285402e-06,2.498900e+08
32,27,1.000000000e-04,5.127186168e+08,343.405000,343.505500,0.000944,6.921285402e-06,2.497746e+08
32,28,1.000000000e-04,2.679306433e+08,343.505500,343.664000,0.000258,6.921285402e-06,2.495954e+08
32,29,1.000000000e-04,3.642599976e+08,343.664000,343.937500,0.000477,6.921285402e-06,2.492949e+08
32,30,1.000000000e-04,1.642412309e+09,343.937500,344.210000,0.009692,6.921285402e-06,2.489044e+08
32,31,1.000000000e-04,8.251844676e+08,344.210000,344.352500,0.002446,6.921285402e-06,2.486246e+08
32,32,1.000000000e-04,-2.691727218e+08,344.352500,344.435500,0.000260,6.921285402e-06,2.484705e+08
32,33,1.000000000e-04,-9.232813804e+08,344.435500,344.473500,0.003063,6.921285402e-06,2.483831e+08
32,34,1.000000000e-04,1.297084965e+09,344.473500,344.482500,0.006045,6.921285402e-06,2.483468e+08
32,35,1.000000000e-04,6.523930929e+08,344.482500,344.469000,0.001529,6.921285402e-06,2.483554e+08
32,36,1.000000000e-04,-3.943003663e+08,344.469000,344.446000,0.000559,6.921285402e-06,2.483819e+08
32,37,1.000000000e-04,-9.617061053e+08,344.446000,344.420500,0.003323,6.921285402e-06,2.484123e+08
32,38,1.000000000e-04,1.698532390e+09,344.420500,344.396500,0.010365,6.921285402e-06,2.484383e+08
32,39,1.000000000e-04,1.122428947e+09,344.396500,344.385000,0.004526,6.921285402e-06,2.484699e+08
33,0,1.000000000e-04,-3.263688729e+08,342.520000,342.532000,0.000383,6.921285402e-06,2.510669e+08
33,1,1.000000000e-04,-4.930733863e+08,342.532000,342.571000,0.000873,6.921285402e-06,2.510309e+08
33,2,1.000000000e-04,2.852672613e+08,342.571000,342.619000,0.000292,6.921285402e-06,2.509711e+08
33,3,1.000000000e-04,1.230026005e+08,342.619000,342.676000,0.000054,6.921285402e-06,2.508984e+08
33,4,1.000000000e-04,-1.772735929e+08,342.676000,342.735000,0.000113,6.921285402e-06,2.508177e+08
33,5,1.000000000e-04,-3.555715412e+08,342.735000,342.799000,0.000454,6.921285402e-06,2.507318e+08
33,6,1.000000000e-04,3.264313607e+08,342.799000,342.856000,0.000383,6.921285402e-06,2.506478e+08
33,7,1.000000000e-04,1.477165287e+08,342.856000,342.915500,0.000078,6.921285402e-06,2.505672e+08
33,8,1.000000000e-04,-1.555895915e+08,342.915500,342.967000,0.000087,6.921285402e-06,2.504901e+08
33,9,1.000000000e-04,-3.364830279e+08,342.967000,343.015000,0.000407,6.921285402e-06,2.504205e+08
33,10,1.000000000e-04,3.323423625e+08,343.015000,343.063000,0.000397,6.921285402e-06,2.503538e+08
33,11,1.000000000e-04,1.514224929e+08,343.063000,343.104000,0.000082,6.921285402e-06,2.502923e+08
33,12,1.000000000e-04,-1.522353073e+08,343.104000,343.136000,0.000083,6.921285402e-06,2.502416e+08
33,13,1.000000000e-04,-3.333745606e+08,343.136000,343.168000,0.000399,6.921285402e-06,2.501967e+08
33,14,1.000000000e-04,3.340701508e+08,343.168000,343.192500,0.000401,6.921285402e-06,2.501575e+08
33,15,1.000000000e-04,1.529502216e+08,343.192500,343.211000,0.000084,6.921285402e-06,2.501280e+08
33,16,1.000000000e-04,-1.506105360e+08,343.211000,343.227000,0.000081,6.921285402e-06,2.501040e+08
33,17,1.000000000e-04,-3.310843188e+08,343.227000,343.233000,0.000394,6.921285402e-06,2.500883e+08
33,18,1.000000000e-04,3.398980766e+08,343.233000,343.240000,0.000415,6.921285402e-06,2.500793e+08
33,19,1.000000000e-04,1.595879895e+08,343.240000,343.250000,0.000092,6.921285402e-06,2.500678e+08
33,20,1.000000000e-04,-1.429577523e+08,343.250000,343.250000,0.000073,6.921285402e-06,2.500609e+08
33,21,1.000000000e-04,-3.186086863e+08,343.250000,343.253500,0.000365,6.921285402e-06,2.500581e+08
33,22,1.000000000e-04,3.783001392e+08,343.253500,343.261500,0.000514,6.921285402e-06,2.500500e+08
33,23,1.000000000e-04,2.039332598e+08,343.261500,343.274000,0.000149,6.921285402e-06,2.500361e+08
33,24,1.000000000e-04,-9.144224903e+07,343.274000,343.300000,0.000030,6.921285402e-06,2.500095e+08
33,25,1.000000000e-04,-2.336516385e+08,343.300000,343.338500,0.000196,6.921285402e-06,2.499645e+08
33,26,1.000000000e-04,6.451252768e+08,343.338500,343.405000,0.001495,6.921285402e-06,2.498900e+08
33,27,1.000000000e-04,5.127186168e+08,343.405000,343.505500,0.000944,6.921285402e-06,2.497746e+08
33,28,1.000000000e-04,2.679306433e+08,343.505500,343.664000,0.000258,6.921285402e-06,2.495954e+08
33,29,1.000000000e-04,3.642599976e+08,343.664000,343.937500,0.000477,6.921285402e-06,2.492949e+08
33,30,1.000000000e-04,1.642412309e+09,343.937500,344.210000,0.009692,6.921285402e-06,2.489044e+08
33,31,1.000000000e-04,8.251844676e+08,344.210000,344.352500,0.002446,6.921285402e-06,2.486246e+08
33,32,1.000000000e-04,-2.691727218e+08,344.352500,344.435500,0.000260,6.921285402e-06,2.484705e+08
33,33,1.000000000e-04,-9.232813804e+08,344.435500,344.473500,0.003063,6.921285402e-06,2.483831e+08
33,34,1.000000000e-04,1.297084965e+09,344.473500,344.482500,0.006045,6.921285402e-06,2.483468e+08
33,35,1.000000000e-04,6.523930929e+08,344.482500,344.469000,0.001529,6.921285402e-06,2.483554e+08
33,36,1.000000000e-04,-3.943003663e+08,344.469000,344.446000,0.000559,6.921285402e-06,2.483819e+08
33,37,1.000000000e-04,-9.617061053e+08,344.446000,344.420500,0.003323,6.921285402e-06,2.484123e+08
33,38,1.000000000e-04,1.698532390e+09,344.420500,344.396500,0.010365,6.921285402e-06,2.484383e+08
33,39,1.000000000e-04,1.122428947e+09,344.396500,344.385000,0.004526,6.921285402e-06,2.484699e+08
34,0,1.000000000e-04,-1.124692636e+09,343.665000,343.713000,0.004545,6.921285402e-06,2.494453e+08
34,1,1.000000000e-04,-1.703759802e+09,343.713000,343.869000,0.010429,6.921285402e-06,2.492965e+08
34,2,1.000000000e-04,9.910015853e+08,343.869000,344.125000,0.003528,6.921285402e-06,2.490184e+08
34,3,1.000000000e-04,4.264189697e+08,344.125000,344.490000,0.000653,6.921285402e-06,2.485903e+08
34,4,1.000000000e-04,-6.116167318e+08,344.490000,345.015000,0.001344,6.921285402e-06,2.479709e+08
34,5,1.000000000e-04,-1.231272221e+09,345.015000,345.733000,0.005447,6.921285402e-06,2.471021e+08
34,6,1.000000000e-04,1.132814278e+09,345.733000,346.752000,0.004611,6.921285402e-06,2.458959e+08
34,7,1.000000000e-04,5.113393612e+08,346.752000,348.162000,0.000939,6.921285402e-06,2.442121e+08
34,8,1.000000000e-04,-5.376949489e+08,348.162000,350.140000,0.001039,6.921285402e-06,2.418574e+08
34,9,1.000000000e-04,-1.166641374e+09,350.140000,352.900000,0.004890,6.921285402e-06,2.385598e+08
34,10,1.000000000e-04,1.152558096e+09,352.900000,355.614000,0.004773,6.921285402e-06,2.347556e+08
34,11,1.000000000e-04,5.233650211e+08,355.614000,357.468000,0.000984,6.921285402e-06,2.315853e+08
34,12,1.000000000e-04,-5.271686430e+08,357.468000,358.662500,0.000998,6.921285402e-06,2.294666e+08
34,13,1.000000000e-04,-1.157438758e+09,358.662500,359.340500,0.004813,6.921285402e-06,2.281607e+08
34,14,1.000000000e-04,1.155284258e+09,359.340500,359.550000,0.004795,6.921285402e-06,2.275439e+08
34,15,1.000000000e-04,5.249771533e+08,359.550000,359.378500,0.000990,6.921285402e-06,2.275220e+08
34,16,1.000000000e-04,-5.257842200e+08,359.378500,358.745000,0.000993,6.921285402e-06,2.280815e+08
34,17,1.000000000e-04,-1.156319608e+09,358.745000,357.587000,0.004804,6.921285402e-06,2.293220e+08
34,18,1.000000000e-04,1.155028747e+09,357.587000,355.781000,0.004793,6.921285402e-06,2.313820e+08
34,19,1.000000000e-04,5.244712330e+08,355.781000,353.097500,0.000988,6.921285402e-06,2.345068e+08
34,20,1.000000000e-04,-5.264265516e+08,353.097500,350.382000,0.000996,6.921285402e-06,2.382591e+08
34,21,1.000000000e-04,-1.157537794e+09,350.382000,348.439500,0.004814,6.921285402e-06,2.414918e+08
34,22,1.000000000e-04,1.150483077e+09,348.439500,347.058000,0.004755,6.921285402e-06,2.438020e+08
34,23,1.000000000e-04,5.192472768e+08,347.058000,346.071000,0.000969,6.921285402e-06,2.454527e+08
34,24,1.000000000e-04,-5.324039484e+08,346.071000,345.377500,0.001018,6.921285402e-06,2.466206e+08
34,25,1.000000000e-04,-1.167369678e+09,345.377500,344.859500,0.004896,6.921285402e-06,2.474579e+08
34,26,1.000000000e-04,1.118263488e+09,344.859500,344.479500,0.004493,6.921285402e-06,2.480825e+08
34,27,1.000000000e-04,4.824052031e+08,344.479500,344.188500,0.000836,6.921285402e-06,2.485532e+08
34,28,1.000000000e-04,-5.746096732e+08,344.188500,343.958500,0.001186,6.921285402e-06,2.489149e+08
34,29,1.000000000e-04,-1.237149819e+09,343.958500,343.770000,0.005499,6.921285402e-06,2.492006e+08
34,30,1.000000000e-04,1.002989911e+09,343.770000,343.606000,0.003614,6.921285402e-06,2.494479e+08
34,31,1.000000000e-04,4.539103407e+08,343.606000,343.469000,0.000740,6.921285402e-06,2.496605e+08
34,32,1.000000000e-04,-4.953444710e+08,343.469000,343.344000,0.000882,6.921285402e-06,2.498424e+08
34,33,1.000000000e-04,-1.056495435e+09,343.344000,343.232000,0.004010,6.921285402e-06,2.500034e+08
34,34,1.000000000e-04,1.111253866e+09,343.232000,343.125000,0.004437,6.921285402e-06,2.501551e+08
34,35,1.000000000e-04,5.511283416e+08,343.125000,343.029000,0.001091,6.921285402e-06,2.503002e+08
34,36,1.000000000e-04,-3.919095782e+08,343.029000,342.940000,0.000552,6.921285402e-06,2.504294e+08
34,37,1.000000000e-04,-9.045594955e+08,342.940000,342.869500,0.002940,6.921285402e-06,2.505374e+08
34,38,1.000000000e-04,1.548252107e+09,342.869500,342.818000,0.008612,6.921285402e-06,2.506154e+08
34,39,1.000000000e-04,1.022346614e+09,342.818000,342.800000,0.003755,6.921285402e-06,2.506695e+08
35,0,1.000000000e-04,-1.124692636e+09,343.665000,343.713000,0.004545,6.921285402e-06,2.494453e+08
35,1,1.000000000e-04,-1.703759802e+09,343.713000,343.869000,0.010429,6.921285402e-06,2.492965e+08
35,2,1.000000000e-04,9.910015853e+08,343.869000,344.125000,0.003528,6.921285402e-06,2.490184e+08
35,3,1.000000000e-04,4.264189697e+08,344.125000,344.490000,0.000653,6.921285402e-06,2.485903e+08
35,4,1.000000000e-04,-6.116167318e+08,344.490000,345.015000,0.001344,6.921285402e-06,2.479709e+08
35,5,1.000000000e-04,-1.231272221e+09,345.015000,345.733000,0.005447,6.921285402e-06,2.471021e+08
35,6,1.000000000e-04,1.132814278e+09,345.733000,346.752000,0.004611,6.921285402e-06,2.458959e+08
35,7,1.000000000e-04,5.113393612e+08,346.752000,348.162000,0.000939,6.921285402e-06,2.442121e+08
35,8,1.000000000e-04,-5.376949489e+08,348.162000,350.140000,0.001039,6.921285402e-06,2.418574e+08
35,9,1.000000000e-04,-1.166641374e+09,350.140000,352.900000,0.004890,6.921285402e-06,2.385598e+08
35,10,1.000000000e-04,1.152558096e+09,352.900000,355.614000,0.004773,6.921285402e-06,2.347556e+08
35,11,1.000000000e-04,5.233650211e+08,355.614000,357.468000,0.000984,6.921285402e-06,2.315853e+08
35,12,1.000000000e-04,-5.271686430e+08,357.468000,358.662500,0.000998,6.921285402e-06,2.294666e+08
35,13,1.000000000e-04,-1.157438758e+09,358.662500,359.340500,0.004813,6.921285402e-06,2.281607e+08
35,14,1.000000000e-04,1.155284258e+09,359.340500,359.550000,0.004795,6.921285402e-06,2.275439e+08
35,15,1.000000000e-04,5.249771533e+08,359.550000,359.378500,0.000990,6.921285402e-06,2.275220e+08
35,16,1.000000000e-04,-5.257842200e+08,359.378500,358.745000,0.000993,6.921285402e-06,2.280815e+08
35,17,1.000000000e-04,-1.156319608e+09,358.745000,357.587000,0.004804,6.921285402e-06,2.293220e+08
35,18,1.000000000e-04,1.155028747e+09,357.587000,355.781000,0.004793,6.921285402e-06,2.313820e+08
35,19,1.000000000e-04,5.244712330e+08,355.781000,353.097500,0.000988,6.921285402e-06,2.345068e+08
35,20,1.000000000e-04,-5.264265516e+08,353.097500,350.382000,0.000996,6.921285402e-06,2.382591e+08
35,21,1.000000000e-04,-1.157537794e+09,350.382000,348.439500,0.004814,6.921285402e-06,2.414918e+08
35,22,1.000000000e-04,1.150483077e+09,348.439500,347.058000,0.004755,6.921285402e-06,2.438020e+08
35,23,1.000000000e-04,5.192472768e+08,347.058000,346.071000,0.000969,6.921285402e-06,2.454527e+08
35,24,1.000000000e-04,-5.324039484e+08,346.071000,345.377500,0.001018,6.921285402e-06,2.466206e+08
35,25,1.000000000e-04,-1.167369678e+09,345.377500,344.859500,0.004896,6.921285402e-06,2.474579e+08
35,26,1.000000000e-04,1.118263488e+09,344.859500,344.479500,0.004493,6.921285402e-06,2.480825e+08
35,27,1.000000000e-04,4.824052031e+08,344.479500,344.188500,0.000836,6.921285402e-06,2.485532e+08
35,28,1.000000000e-04,-5.746096732e+08,344.188500,343.958500,0.001186,6.921285402e-06,2.489149e+08
35,29,1.000000000e-04,-1.237149819e+09,343.958500,343.770000,0.005499,6.921285402e-06,2.492006e+08
35,30,1.000000000e-04,1.002989911e+09,343.770000,343.606000,0.003614,6.921285402e-06,2.494479e+08
35,31,1.000000000e-04,4.539103407e+08,343.606000,343.469000,0.000740,6.921285402e-06,2.496605e+08
35,32,1.000000000e-04,-4.953444710e+08,343.469000,343.344000,0.000882,6.921285402e-06,2.498424e+08
35,33,1.000000000e-04,-1.056495435e+09,343.344000,343.232000,0.004010,6.921285402e-06,2.500034e+08
35,34,1.000000000e-04,1.111253866e+09,343.232000,343.125000,0.004437,6.921285402e-06,2.501551e+08
35,35,1.000000000e-04,5.511283416e+08,343.125000,343.029000,0.001091,6.921285402e-06,2.503002e+08
35,36,1.000000000e-04,-3.919095782e+08,343.029000,342.940000,0.000552,6.921285402e-06,2.504294e+08
35,37,1.000000000e-04,-9.045594955e+08,342.940000,342.869500,0.002940,6.921285402e-06,2.505374e+08
35,38,1.000000000e-04,1.548252107e+09,342.869500,342.818000,0.008612,6.921285402e-06,2.506154e+08
35,39,1.000000000e-04,1.022346614e+09,342.818000,342.800000,0.003755,6.921285402e-06,2.506695e+08
36,0,1.000000000e-04,-1.124142272e+09,343.663000,343.710300,0.004540,6.921285402e-06,2.494486e+08
36,1,1.000000000e-04,-1.702879055e+09,343.710300,343.857900,0.010418,6.921285402e-06,2.493061e+08
36,2,1.000000000e-04,9.905768149e+08,343.857900,344.103000,0.003525,6.921285402e-06,2.490415e+08
36,3,1.000000000e-04,4.262567340e+08,344.103000,344.454700,0.000653,6.921285402e-06,2.486301e+08
36,4,1.000000000e-04,-6.113600280e+08,344.454700,344.953500,0.001343,6.921285402e-06,2.480382e+08
36,5,1.000000000e-04,-1.230752273e+09,344.953500,345.625600,0.005442,6.921285402e-06,2.472195e+08
36,6,1.000000000e-04,1.132408001e+09,345.625600,346.583200,0.004607,6.921285402e-06,2.460879e+08
36,7,1.000000000e-04,5.111688645e+08,346.583200,347.921600,0.000939,6.921285402e-06,2.444965e+08
36,8,1.000000000e-04,-5.375010610e+08,347.921600,349.791500,0.001038,6.921285402e-06,2.422667e+08
36,9,1.000000000e-04,-1.166211660e+09,349.791500,352.428500,0.004886,6.921285402e-06,2.391297e+08
36,10,1.000000000e-04,1.152155239e+09,352.428500,355.030200,0.004769,6.921285402e-06,2.354890e+08
36,11,1.000000000e-04,5.231918266e+08,355.030200,356.782400,0.000983,6.921285402e-06,2.324676e+08
36,12,1.000000000e-04,-5.269899605e+08,356.782400,357.906800,0.000998,6.921285402e-06,2.304683e+08
36,13,1.000000000e-04,-1.157030283e+09,357.906800,358.538400,0.004810,6.921285402e-06,2.292433e+08
36,14,1.000000000e-04,1.154882372e+09,358.538400,358.745000,0.004792,6.921285402e-06,2.286608e+08
36,15,1.000000000e-04,5.248035504e+08,358.745000,358.580700,0.000990,6.921285402e-06,2.286360e+08
36,16,1.000000000e-04,-5.256089904e+08,358.580700,357.988700,0.000993,6.921285402e-06,2.291616e+08
36,17,1.000000000e-04,-1.155916095e+09,357.988700,356.906300,0.004801,6.921285402e-06,2.303207e+08
36,18,1.000000000e-04,1.154628405e+09,356.906300,355.197200,0.004790,6.921285402e-06,2.322608e+08
36,19,1.000000000e-04,5.242983529e+08,355.197200,352.637000,0.000988,6.921285402e-06,2.352325e+08
36,20,1.000000000e-04,-5.262522211e+08,352.637000,350.040500,0.000995,6.921285402e-06,2.388164e+08
36,21,1.000000000e-04,-1.157136172e+09,350.040500,348.204700,0.004811,6.921285402e-06,2.418923e+08
36,22,1.000000000e-04,1.150086307e+09,348.204700,346.908300,0.004752,6.921285402e-06,2.440693e+08
36,23,1.000000000e-04,5.190762601e+08,346.908300,345.980600,0.000968,6.921285402e-06,2.456196e+08
36,24,1.000000000e-04,-5.322306606e+08,345.980600,345.327000,0.001018,6.921285402e-06,2.467185e+08
36,25,1.000000000e-04,-1.166971260e+09,345.327000,344.834700,0.004893,6.921285402e-06,2.475103e+08
36,26,1.000000000e-04,1.117871354e+09,344.834700,344.473900,0.004490,6.921285402e-06,2.481036e+08
36,27,1.000000000e-04,4.822355571e+08,344.473900,344.198000,0.000836,6.921285402e-06,2.485505e+08
36,28,1.000000000e-04,-5.744396748e+08,344.198000,343.973300,0.001186,6.921285402e-06,2.488980e+08
36,29,1.000000000e-04,-1.236758632e+09,343.973300,343.790000,0.005495,6.921285402e-06,2.491764e+08
36,30,1.000000000e-04,1.002589356e+09,343.790000,343.638000,0.003611,6.921285402e-06,2.494117e+08
36,31,1.000000000e-04,4.537313613e+08,343.638000,343.501000,0.000740,6.921285402e-06,2.496160e+08
36,32,1.000000000e-04,-4.951818613e+08,343.501000,343.376000,0.000881,6.921285402e-06,2.497979e+08
36,33,1.000000000e-04,-1.056112393e+09,343.376000,343.264000,0.004007,6.921285402e-06,2.499589e+08
36,34,1.000000000e-04,1.110777401e+09,343.264000,343.157000,0.004433,6.921285402e-06,2.501106e+08
36,35,1.000000000e-04,5.508939938e+08,343.157000,343.061000,0.001090,6.921285402e-06,2.502557e+08
36,36,1.000000000e-04,-3.917588188e+08,343.061000,342.972000,0.000551,6.921285402e-06,2.503849e+08
36,37,1.000000000e-04,-9.041677715e+08,342.972000,342.905000,0.002937,6.921285402e-06,2.504905e+08
36,38,1.000000000e-04,1.547447666e+09,342.905000,342.850000,0.008603,6.921285402e-06,2.505685e+08
36,39,1.000000000e-04,1.021843838e+09,342.850000,342.837000,0.003751,6.921285402e-06,2.506215e+08
37,0,1.000000000e-04,-1.124142272e+09,343.663000,343.710300,0.004540,6.921285402e-06,2.494486e+08
37,1,1.000000000e-04,-1.702879055e+09,343.710300,343.857900,0.010418,6.921285402e-06,2.493061e+08
37,2,1.000000000e-04,9.905768149e+08,343.857900,344.103000,0.003525,6.921285402e-06,2.490415e+08
37,3,1.000000000e-04,4.262567340e+08,344.103000,344.454700,0.000653,6.921285402e-06,2.486301e+08
37,4,1.000000000e-04,-6.113600280e+08,344.454700,344.953500,0.001343,6.921285402e-06,2.480382e+08
37,5,1.000000000e-04,-1.230752273e+09,344.953500,345.625600,0.005442,6.921285402e-06,2.472195e+08
37,6,1.000000000e-04,1.132408001e+09,345.625600,346.583200,0.004607,6.921285402e-06,2.460879e+08
37,7,1.000000000e-04,5.111688645e+08,346.583200,347.921600,0.000939,6.921285402e-06,2.444965e+08
37,8,1.000000000e-04,-5.375010610e+08,347.921600,349.791500,0.001038,6.921285402e-06,2.422667e+08
37,9,1.000000000e-04,-1.166211660e+09,349.791500,352.428500,0.004886,6.921285402e-06,2.391297e+08
37,10,1.000000000e-04,1.152155239e+09,352.428500,355.030200,0.004769,6.921285402e-06,2.354890e+08
37,11,1.000000000e-04,5.231918266e+08,355.030200,356.782400,0.000983,6.921285402e-06,2.324676e+08
37,12,1.000000000e-04,-5.269899605e+08,356.782400,357.906800,0.000998,6.921285402e-06,2.304683e+08
37,13,1.000000000e-04,-1.157030283e+09,357.906800,358.538400,0.004810,6.921285402e-06,2.292433e+08
37,14,1.000000000e-04,1.154882372e+09,358.538400,358.745000,0.004792,6.921285402e-06,2.286608e+08
37,15,1.000000000e-04,5.248035504e+08,358.745000,358.580700,0.000990,6.921285402e-06,2.286360e+08
37,16,1.000000000e-04,-5.256089904e+08,358.580700,357.988700,0.000993,6.921285402e-06,2.291616e+08
37,17,1.000000000e-04,-1.155916095e+09,357.988700,356.906300,0.004801,6.921285402e-06,2.303207e+08
37,18,1.000000000e-04,1.154628405e+09,356.906300,355.197200,0.004790,6.921285402e-06,2.322608e+08
37,19,1.000000000e-04,5.242983529e+08,355.197200,352.637000,0.000988,6.921285402e-06,2.352325e+08
37,20,1.000000000e-04,-5.262522211e+08,352.637000,350.040500,0.000995,6.921285402e-06,2.388164e+08
37,21,1.000000000e-04,-1.157136172e+09,350.040500,348.204700,0.004811,6.921285402e-06,2.418923e+08
37,22,1.000000000e-04,1.150086307e+09,348.204700,346.908300,0.004752,6.921285402e-06,2.440693e+08
37,23,1.000000000e-04,5.190762601e+08,346.908300,345.980600,0.000968,6.921285402e-06,2.456196e+08
37,24,1.000000000e-04,-5.322306606e+08,345.980600,345.327000,0.001018,6.921285402e-06,2.467185e+08
37,25,1.000000000e-04,-1.166971260e+09,345.327000,344.834700,0.004893,6.921285402e-06,2.475103e+08
37,26,1.000000000e-04,1.117871354e+09,344.834700,344.473900,0.004490,6.921285402e-06,2.481036e+08
37,27,1.000000000e-04,4.822355571e+08,344.473900,344.197100,0.000836,6.921285402e-06,2.485512e+08
37,28,1.000000000e-04,-5.744396748e+08,344.197100,343.973000,0.001186,6.921285402e-06,2.488989e+08
37,29,1.000000000e-04,-1.236758632e+09,343.973000,343.790000,0.005495,6.921285402e-06,2.491766e+08
37,30,1.000000000e-04,1.002589356e+09,343.790000,343.638000,0.003611,6.921285402e-06,2.494117e+08
37,31,1.000000000e-04,4.537313613e+08,343.638000,343.501000,0.000740,6.921285402e-06,2.496160e+08
37,32,1.000000000e-04,-4.951818613e+08,343.501000,343.376000,0.000881,6.921285402e-06,2.497979e+08
37,33,1.000000000e-04,-1.056112393e+09,343.376000,343.264000,0.004007,6.921285402e-06,2.499589e+08
37,34,1.000000000e-04,1.110777401e+09,343.264000,343.157000,0.004433,6.921285402e-06,2.501106e+08
37,35,1.000000000e-04,5.508939938e+08,343.157000,343.061000,0.001090,6.921285402e-06,2.502557e+08
37,36,1.000000000e-04,-3.917588188e+08,343.061000,342.972000,0.000551,6.921285402e-06,2.503849e+08
37,37,1.000000000e-04,-9.041677715e+08,342.972000,342.905000,0.002937,6.921285402e-06,2.504905e+08
37,38,1.000000000e-04,1.547447666e+09,342.905000,342.850000,0.008603,6.921285402e-06,2.505685e+08
37,39,1.000000000e-04,1.021843838e+09,342.850000,342.837000,0.003751,6.921285402e-06,2.506215e+08
38,0,1.000000000e-04,-1.125167265e+09,343.599000,343.647000,0.004549,6.921285402e-06,2.495371e+08
38,1,1.000000000e-04,-1.704329694e+09,343.647000,343.798100,0.010436,6.921285402e-06,2.493917e+08
38,2,1.000000000e-04,9.908651316e+08,343.798100,344.039900,0.003527,6.921285402e-06,2.491269e+08
38,3,1.000000000e-04,4.263359295e+08,344.039900,344.391000,0.000653,6.921285402e-06,2.487182e+08
38,4,1.000000000e-04,-6.118658078e+08,344.391000,344.889500,0.001345,6.921285402e-06,2.481269e+08
38,5,1.000000000e-04,-1.231532906e+09,344.889500,345.561600,0.005449,6.921285402e-06,2.473085e+08
38,6,1.000000000e-04,1.132879254e+09,345.561600,346.519200,0.004611,6.921285402e-06,2.461768e+08
38,7,1.000000000e-04,5.113926833e+08,346.519200,347.849700,0.000940,6.921285402e-06,2.445910e+08
38,8,1.000000000e-04,-5.378296409e+08,347.849700,349.723800,0.001039,6.921285402e-06,2.423637e+08
38,9,1.000000000e-04,-1.166807609e+09,349.723800,352.356000,0.004891,6.921285402e-06,2.392272e+08
38,10,1.000000000e-04,1.152678019e+09,352.356000,354.955500,0.004774,6.921285402e-06,2.355913e+08
38,11,1.000000000e-04,5.234527528e+08,354.955500,356.706300,0.000984,6.921285402e-06,2.325724e+08
38,12,1.000000000e-04,-5.272760793e+08,356.706300,357.825800,0.000999,6.921285402e-06,2.305775e+08
38,13,1.000000000e-04,-1.157583184e+09,357.825800,358.463700,0.004814,6.921285402e-06,2.293515e+08
38,14,1.000000000e-04,1.155416326e+09,358.463700,358.662500,0.004796,6.921285402e-06,2.287700e+08
38,15,1.000000000e-04,5.250722315e+08,358.662500,358.496700,0.000991,6.921285402e-06,2.287517e+08
38,16,1.000000000e-04,-5.258858868e+08,358.496700,357.906800,0.000994,6.921285402e-06,2.292769e+08
38,17,1.000000000e-04,-1.156459774e+09,357.906800,356.825300,0.004805,6.921285402e-06,2.304339e+08
38,18,1.000000000e-04,1.155162083e+09,356.825300,355.107200,0.004794,6.921285402e-06,2.323797e+08
38,19,1.000000000e-04,5.245664119e+08,355.107200,352.549500,0.000989,6.921285402e-06,2.353559e+08
38,20,1.000000000e-04,-5.265282897e+08,352.549500,349.949500,0.000996,6.921285402e-06,2.389405e+08
38,21,1.000000000e-04,-1.157678887e+09,349.949500,348.118600,0.004815,6.921285402e-06,2.420154e+08
38,22,1.000000000e-04,1.150613223e+09,348.118600,346.817300,0.004757,6.921285402e-06,2.441924e+08
38,23,1.000000000e-04,5.193396655e+08,346.817300,345.889600,0.000969,6.921285402e-06,2.457460e+08
38,24,1.000000000e-04,-5.325067359e+08,345.889600,345.234500,0.001019,6.921285402e-06,2.468460e+08
38,25,1.000000000e-04,-1.167511484e+09,345.234500,344.743700,0.004897,6.921285402e-06,2.476378e+08
38,26,1.000000000e-04,1.118390686e+09,344.743700,344.382900,0.004494,6.921285402e-06,2.482301e+08
38,27,1.000000000e-04,4.824976785e+08,344.382900,344.106100,0.000836,6.921285402e-06,2.486776e+08
38,28,1.000000000e-04,-5.747060594e+08,344.106100,343.882000,0.001187,6.921285402e-06,2.490253e+08
38,29,1.000000000e-04,-1.237279622e+09,343.882000,343.699000,0.005500,6.921285402e-06,2.493031e+08
38,30,1.000000000e-04,1.003132149e+09,343.699000,343.547000,0.003615,6.921285402e-06,2.495382e+08
38,31,1.000000000e-04,4.540253170e+08,343.547000,343.410000,0.000741,6.921285402e-06,2.497425e+08
38,32,1.000000000e-04,-4.954051452e+08,343.410000,343.285000,0.000882,6.921285402e-06,2.499244e+08
38,33,1.000000000e-04,-1.056568020e+09,343.285000,343.173000,0.004011,6.921285402e-06,2.500854e+08
38,34,1.000000000e-04,1.111484128e+09,343.173000,343.071000,0.004439,6.921285402e-06,2.502336e+08
38,35,1.000000000e-04,5.513502410e+08,343.071000,342.977300,0.001092,6.921285402e-06,2.503736e+08
38,36,1.000000000e-04,-3.918392287e+08,342.977300,342.891000,0.000552,6.921285402e-06,2.504994e+08
38,37,1.000000000e-04,-9.044398143e+08,342.891000,342.821900,0.002939,6.921285402e-06,2.506045e+08
38,38,1.000000000e-04,1.548769906e+09,342.821900,342.769000,0.008618,6.921285402e-06,2.506825e+08
38,39,1.000000000e-04,1.022779015e+09,342.769000,342.756000,0.003758,6.921285402e-06,2.507341e+08
39,0,1.000000000e-04,-1.125167265e+09,343.599000,343.647000,0.004549,6.921285402e-06,2.495371e+08
39,1,1.000000000e-04,-1.704329694e+09,343.647000,343.798100,0.010436,6.921285402e-06,2.493917e+08
39,2,1.000000000e-04,9.908651316e+08,343.798100,344.039900,0.003527,6.921285402e-06,2.491269e+08
39,3,1.000000000e-04,4.263359295e+08,344.039900,344.391000,0.000653,6.921285402e-06,2.487182e+08
39,4,1.000000000e-04,-6.118658078e+08,344.391000,344.889500,0.001345,6.921285402e-06,2.481269e+08
39,5,1.000000000e-04,-1.231532906e+09,344.889500,345.561600,0.005449,6.921285402e-06,2.473085e+08
39,6,1.000000000e-04,1.132879254e+09,345.561600,346.519200,0.004611,6.921285402e-06,2.461768e+08
39,7,1.000000000e-04,5.113926833e+08,346.519200,347.849700,0.000940,6.921285402e-06,2.445910e+08
39,8,1.000000000e-04,-5.378296409e+08,347.849700,349.723800,0.001039,6.921285402e-06,2.423637e+08
39,9,1.000000000e-04,-1.166807609e+09,349.723800,352.356000,0.004891,6.921285402e-06,2.392272e+08
39,10,1.000000000e-04,1.152678019e+09,352.356000,354.955500,0.004774,6.921285402e-06,2.355913e+08
39,11,1.000000000e-04,5.234527528e+08,354.955500,356.706300,0.000984,6.921285402e-06,2.325724e+08
39,12,1.000000000e-04,-5.272760793e+08,356.706300,357.825800,0.000999,6.921285402e-06,2.305775e+08
39,13,1.000000000e-04,-1.157583184e+09,357.825800,358.463700,0.004814,6.921285402e-06,2.293515e+08
39,14,1.000000000e-04,1.155416326e+09,358.463700,358.662500,0.004796,6.921285402e-06,2.287700e+08
39,15,1.000000000e-04,5.250722315e+08,358.662500,358.496700,0.000991,6.921285402e-06,2.287517e+08
39,16,1.000000000e-04,-5.258858868e+08,358.496700,357.906800,0.000994,6.921285402e-06,2.292769e+08
39,17,1.000000000e-04,-1.156459774e+09,357.906800,356.825300,0.004805,6.921285402e-06,2.304339e+08
39,18,1.000000000e-04,1.155162083e+09,356.825300,355.107200,0.004794,6.921285402e-06,2.323797e+08
39,19,1.000000000e-04,5.245664119e+08,355.107200,352.549500,0.000989,6.921285402e-06,2.353559e+08
39,20,1.000000000e-04,-5.265282897e+08,352.549500,349.949500,0.000996,6.921285402e-06,2.389405e+08
39,21,1.000000000e-04,-1.157678887e+09,349.949500,348.118600,0.004815,6.921285402e-06,2.420154e+08
39,22,1.000000000e-04,1.150613223e+09,348.118600,346.817300,0.004757,6.921285402e-06,2.441924e+08
39,23,1.000000000e-04,5.193396655e+08,346.817300,345.889600,0.000969,6.921285402e-06,2.457460e+08
39,24,1.000000000e-04,-5.325067359e+08,345.889600,345.234500,0.001019,6.921285402e-06,2.468460e+08
39,25,1.000000000e-04,-1.167511484e+09,345.234500,344.743700,0.004897,6.921285402e-06,2.476378e+08
39,26,1.000000000e-04,1.118390686e+09,344.743700,344.382900,0.004494,6.921285402e-06,2.482301e+08
39,27,1.000000000e-04,4.824976785e+08,344.382900,344.106100,0.000836,6.921285402e-06,2.486776e+08
39,28,1.000000000e-04,-5.747060594e+08,344.106100,343.882000,0.001187,6.921285402e-06,2.490253e+08
39,29,1.000000000e-04,-1.237279622e+09,343.882000,343.699000,0.005500,6.921285402e-06,2.493031e+08
39,30,1.000000000e-04,1.003132149e+09,343.699000,343.547000,0.003615,6.921285402e-06,2.495382e+08
39,31,1.000000000e-04,4.540253170e+08,343.547000,343.410000,0.000741,6.921285402e-06,2.497425e+08
39,32,1.000000000e-04,-4.954051452e+08,343.410000,343.285000,0.000882,6.921285402e-06,2.499244e+08
39,33,1.000000000e-04,-1.056568020e+09,343.285000,343.173000,0.004011,6.921285402e-06,2.500854e+08
39,34,1.000000000e-04,1.111484128e+09,343.173000,343.071000,0.004439,6.921285402e-06,2.502336e+08
39,35,1.000000000e-04,5.513502410e+08,343.071000,342.977300,0.001092,6.921285402e-06,2.503736e+08
39,36,1.000000000e-04,-3.918392287e+08,342.977300,342.891000,0.000552,6.921285402e-06,2.504994e+08
39,37,1.000000000e-04,-9.044398143e+08,342.891000,342.821900,0.002939,6.921285402e-06,2.506045e+08
39,38,1.000000000e-04,1.548769906e+09,342.821900,342.769000,0.008618,6.921285402e-06,2.506825e+08
39,39,1.000000000e-04,1.022779015e+09,342.769000,342.756000,0.003758,6.921285402e-06,2.507341e+08
40,0,1.000000000e-04,-1.123832189e+09,343.593000,343.630100,0.004538,6.921285402e-06,2.495530e+08
40,1,1.000000000e-04,-1.702502076e+09,343.630100,343.764000,0.010414,6.921285402e-06,2.494271e+08
40,2,1.000000000e-04,9.906811089e+08,343.764000,343.982600,0.003526,6.921285402e-06,2.491904e+08
40,3,1.000000000e-04,4.263231512e+08,343.982600,344.285900,0.000653,6.921285402e-06,2.488311e+08
40,4,1.000000000e-04,-6.111945895e+08,344.285900,344.709000,0.001342,6.921285402e-06,2.483254e+08
40,5,1.000000000e-04,-1.230581217e+09,344.709000,345.268300,0.005441,6.921285402e-06,2.476378e+08
40,6,1.000000000e-04,1.132378799e+09,345.268300,346.048500,0.004607,6.921285402e-06,2.467078e+08
40,7,1.000000000e-04,5.111430211e+08,346.048500,347.114700,0.000939,6.921285402e-06,2.454290e+08
40,8,1.000000000e-04,-5.374164210e+08,347.114700,348.606900,0.001038,6.921285402e-06,2.436507e+08
40,9,1.000000000e-04,-1.166109519e+09,348.606900,350.741000,0.004886,6.921285402e-06,2.411259e+08
40,10,1.000000000e-04,1.152084969e+09,350.741000,352.839100,0.004769,6.921285402e-06,2.381846e+08
40,11,1.000000000e-04,5.231400337e+08,352.839100,354.220600,0.000983,6.921285402e-06,2.357708e+08
40,12,1.000000000e-04,-5.269254616e+08,354.220600,355.107200,0.000998,6.921285402e-06,2.341945e+08
40,13,1.000000000e-04,-1.156944000e+09,355.107200,355.617900,0.004809,6.921285402e-06,2.332188e+08
40,14,1.000000000e-04,1.154802918e+09,355.617900,355.781000,0.004791,6.921285402e-06,2.327505e+08
40,15,1.000000000e-04,5.247462218e+08,355.781000,355.660800,0.000989,6.921285402e-06,2.327253e+08
40,16,1.000000000e-04,-5.255484905e+08,355.660800,355.197200,0.000992,6.921285402e-06,2.331310e+08
40,17,1.000000000e-04,-1.155832648e+09,355.197200,354.349600,0.004800,6.921285402e-06,2.340377e+08
40,18,1.000000000e-04,1.154547780e+09,354.349600,353.007100,0.004789,6.921285402e-06,2.355599e+08
40,19,1.000000000e-04,5.242406749e+08,353.007100,350.955500,0.000987,6.921285402e-06,2.379233e+08
40,20,1.000000000e-04,-5.261917209e+08,350.955500,348.859800,0.000995,6.921285402e-06,2.408057e+08
40,21,1.000000000e-04,-1.157052147e+09,348.859800,347.414700,0.004810,6.921285402e-06,2.432620e+08
40,22,1.000000000e-04,1.150007365e+09,347.414700,346.377500,0.004752,6.921285402e-06,2.449872e+08
40,23,1.000000000e-04,5.190202798e+08,346.377500,345.635400,0.000968,6.921285402e-06,2.462284e+08
40,24,1.000000000e-04,-5.321689624e+08,345.635400,345.098500,0.001017,6.921285402e-06,2.471172e+08
40,25,1.000000000e-04,-1.166885847e+09,345.098500,344.685900,0.004892,6.921285402e-06,2.477725e+08
40,26,1.000000000e-04,1.117795098e+09,344.685900,344.384600,0.004489,6.921285402e-06,2.482691e+08
40,27,1.000000000e-04,4.821803885e+08,344.384600,344.140000,0.000835,6.921285402e-06,2.486529e+08
40,28,1.000000000e-04,-5.743811042e+08,344.140000,343.942100,0.001185,6.921285402e-06,2.489600e+08
40,29,1.000000000e-04,-1.236679982e+09,343.942100,343.775500,0.005495,6.921285402e-06,2.492082e+08
40,30,1.000000000e-04,1.002504030e+09,343.775500,343.632000,0.003611,6.921285402e-06,2.494260e+08
40,31,1.000000000e-04,4.536604564e+08,343.632000,343.504000,0.000739,6.921285402e-06,2.496181e+08
40,32,1.000000000e-04,-4.951503008e+08,343.504000,343.389000,0.000881,6.921285402e-06,2.497868e+08
40,33,1.000000000e-04,-1.056077388e+09,343.389000,343.277000,0.004007,6.921285402e-06,2.499408e+08
40,34,1.000000000e-04,1.110626635e+09,343.277000,343.174500,0.004432,6.921285402e-06,2.500894e+08
40,35,1.000000000e-04,5.507467398e+08,343.174500,343.083100,0.001090,6.921285402e-06,2.502282e+08
40,36,1.000000000e-04,-3.918162352e+08,343.083100,342.995000,0.000552,6.921285402e-06,2.503536e+08
40,37,1.000000000e-04,-9.042601824e+08,342.995000,342.927000,0.002938,6.921285402e-06,2.504592e+08
40,38,1.000000000e-04,1.547105581e+09,342.927000,342.872900,0.008600,6.921285402e-06,2.505373e+08
40,39,1.000000000e-04,1.021561863e+09,342.872900,342.859000,0.003749,6.921285402e-06,2.505903e+08
41,0,1.000000000e-04,-1.123832189e+09,343.593000,343.630100,0.004538,6.921285402e-06,2.495530e+08
41,1,1.000000000e-04,-1.702502076e+09,343.630100,343.764000,0.010414,6.921285402e-06,2.494271e+08
41,2,1.000000000e-04,9.906811089e+08,343.764000,343.982600,0.003526,6.921285402e-06,2.491904e+08
41,3,1.000000000e-04,4.263231512e+08,343.982600,344.285900,0.000653,6.921285402e-06,2.488311e+08
41,4,1.000000000e-04,-6.111945895e+08,344.285900,344.709000,0.001342,6.921285402e-06,2.483254e+08
41,5,1.000000000e-04,-1.230581217e+09,344.709000,345.268300,0.005441,6.921285402e-06,2.476378e+08
41,6,1.000000000e-04,1.132378799e+09,345.268300,346.048500,0.004607,6.921285402e-06,2.467078e+08
41,7,1.000000000e-04,5.111430211e+08,346.048500,347.114700,0.000939,6.921285402e-06,2.454290e+08
41,8,1.000000000e-04,-5.374164210e+08,347.114700,348.606900,0.001038,6.921285402e-06,2.436507e+08
41,9,1.000000000e-04,-1.166109519e+09,348.606900,350.741000,0.004886,6.921285402e-06,2.411259e+08
41,10,1.000000000e-04,1.152084969e+09,350.741000,352.839100,0.004769,6.921285402e-06,2.381846e+08
41,11,1.000000000e-04,5.231400337e+08,352.839100,354.220600,0.000983,6.921285402e-06,2.357708e+08
41,12,1.000000000e-04,-5.269254616e+08,354.220600,355.107200,0.000998,6.921285402e-06,2.341945e+08
41,13,1.000000000e-04,-1.156944000e+09,355.107200,355.617900,0.004809,6.921285402e-06,2.332188e+08
41,14,1.000000000e-04,1.154802918e+09,355.617900,355.781000,0.004791,6.921285402e-06,2.327505e+08
41,15,1.000000000e-04,5.247462218e+08,355.781000,355.660800,0.000989,6.921285402e-06,2.327253e+08
41,16,1.000000000e-04,-5.255484905e+08,355.660800,355.197200,0.000992,6.921285402e-06,2.331310e+08
41,17,1.000000000e-04,-1.155832648e+09,355.197200,354.349600,0.004800,6.921285402e-06,2.340377e+08
41,18,1.000000000e-04,1.154547780e+09,354.349600,353.007100,0.004789,6.921285402e-06,2.355599e+08
41,19,1.000000000e-04,5.242406749e+08,353.007100,350.955500,0.000987,6.921285402e-06,2.379233e+08
41,20,1.000000000e-04,-5.261917209e+08,350.955500,348.859800,0.000995,6.921285402e-06,2.408057e+08
41,21,1.000000000e-04,-1.157052147e+09,348.859800,347.414700,0.004810,6.921285402e-06,2.432620e+08
41,22,1.000000000e-04,1.150007365e+09,347.414700,346.377500,0.004752,6.921285402e-06,2.449872e+08
41,23,1.000000000e-04,5.190202798e+08,346.377500,345.635400,0.000968,6.921285402e-06,2.462284e+08
41,24,1.000000000e-04,-5.321689624e+08,345.635400,345.098500,0.001017,6.921285402e-06,2.471172e+08
41,25,1.000000000e-04,-1.166885847e+09,345.098500,344.685900,0.004892,6.921285402e-06,2.477725e+08
41,26,1.000000000e-04,1.117795098e+09,344.685900,344.384600,0.004489,6.921285402e-06,2.482691e+08
41,27,1.000000000e-04,4.821803885e+08,344.384600,344.140000,0.000835,6.921285402e-06,2.486529e+08
41,28,1.000000000e-04,-5.743811042e+08,344.140000,343.942100,0.001185,6.921285402e-06,2.489600e+08
41,29,1.000000000e-04,-1.236679982e+09,343.942100,343.775500,0.005495,6.921285402e-06,2.492082e+08
41,30,1.000000000e-04,1.002504030e+09,343.775500,343.632000,0.003611,6.921285402e-06,2.494260e+08
41,31,1.000000000e-04,4.536604564e+08,343.632000,343.504000,0.000739,6.921285402e-06,2.496181e+08
41,32,1.000000000e-04,-4.951503008e+08,343.504000,343.389000,0.000881,6.921285402e-06,2.497868e+08
41,33,1.000000000e-04,-1.056077388e+09,343.389000,343.277000,0.004007,6.921285402e-06,2.499408e+08
41,34,1.000000000e-04,1.110626635e+09,343.277000,343.174500,0.004432,6.921285402e-06,2.500894e+08
41,35,1.000000000e-04,5.507467398e+08,343.174500,343.083100,0.001090,6.921285402e-06,2.502282e+08
41,36,1.000000000e-04,-3.918162352e+08,343.083100,342.995000,0.000552,6.921285402e-06,2.503536e+08
41,37,1.000000000e-04,-9.042601824e+08,342.995000,342.927000,0.002938,6.921285402e-06,2.504592e+08
41,38,1.000000000e-04,1.547105581e+09,342.927000,342.872900,0.008600,6.921285402e-06,2.505373e+08
41,39,1.000000000e-04,1.021561863e+09,342.872900,342.859000,0.003749,6.921285402e-06,2.505903e+08
42,0,1.000000000e-04,-1.127313655e+09,343.475000,343.512000,0.004566,6.921285402e-06,2.497171e+08
42,1,1.000000000e-04,-1.707761596e+09,343.512000,343.645700,0.010478,6.921285402e-06,2.495913e+08
42,2,1.000000000e-04,9.927568527e+08,343.645700,343.858000,0.003541,6.921285402e-06,2.493592e+08
42,3,1.000000000e-04,4.270987124e+08,343.858000,344.158800,0.000655,6.921285402e-06,2.490060e+08
42,4,1.000000000e-04,-6.129159958e+08,344.158800,344.581000,0.001350,6.921285402e-06,2.485027e+08
42,5,1.000000000e-04,-1.233740835e+09,344.581000,345.139400,0.005469,6.921285402e-06,2.478163e+08
42,6,1.000000000e-04,1.134787722e+09,345.139400,345.913500,0.004627,6.921285402e-06,2.468912e+08
42,7,1.000000000e-04,5.122061517e+08,345.913500,346.976700,0.000943,6.921285402e-06,2.456187e+08
42,8,1.000000000e-04,-5.387026263e+08,346.976700,348.468900,0.001043,6.921285402e-06,2.438426e+08
42,9,1.000000000e-04,-1.168778442e+09,348.468900,350.593000,0.004908,6.921285402e-06,2.413246e+08
42,10,1.000000000e-04,1.154579819e+09,350.593000,352.691100,0.004789,6.921285402e-06,2.383903e+08
42,11,1.000000000e-04,5.242727138e+08,352.691100,354.072600,0.000988,6.921285402e-06,2.359765e+08
42,12,1.000000000e-04,-5.281108299e+08,354.072600,354.955500,0.001002,6.921285402e-06,2.344028e+08
42,13,1.000000000e-04,-1.159499773e+09,354.955500,355.452700,0.004830,6.921285402e-06,2.334390e+08
42,14,1.000000000e-04,1.157313211e+09,355.452700,355.614000,0.004812,6.921285402e-06,2.329814e+08
42,15,1.000000000e-04,5.258920766e+08,355.614000,355.493800,0.000994,6.921285402e-06,2.329574e+08
42,16,1.000000000e-04,-5.267112199e+08,355.493800,355.030200,0.000997,6.921285402e-06,2.333631e+08
42,17,1.000000000e-04,-1.158362017e+09,355.030200,354.182300,0.004821,6.921285402e-06,2.342700e+08
42,18,1.000000000e-04,1.157051621e+09,354.182300,352.839100,0.004810,6.921285402e-06,2.357929e+08
42,19,1.000000000e-04,5.253823469e+08,352.839100,350.778500,0.000992,6.921285402e-06,2.381631e+08
42,20,1.000000000e-04,-5.273509746e+08,350.778500,348.690900,0.000999,6.921285402e-06,2.410461e+08
42,21,1.000000000e-04,-1.159574448e+09,348.690900,347.237700,0.004831,6.921285402e-06,2.435023e+08
42,22,1.000000000e-04,1.152483898e+09,347.237700,346.200200,0.004772,6.921285402e-06,2.452334e+08
42,23,1.000000000e-04,5.201451013e+08,346.200200,345.457400,0.000972,6.921285402e-06,2.464753e+08
42,24,1.000000000e-04,-5.333253669e+08,345.457400,344.917000,0.001022,6.921285402e-06,2.473671e+08
42,25,1.000000000e-04,-1.169392380e+09,344.917000,344.507900,0.004913,6.921285402e-06,2.480223e+08
42,26,1.000000000e-04,1.120229192e+09,344.507900,344.197600,0.004509,6.921285402e-06,2.485228e+08
42,27,1.000000000e-04,4.832895347e+08,344.197600,343.953000,0.000839,6.921285402e-06,2.489128e+08
42,28,1.000000000e-04,-5.755101832e+08,343.953000,343.755100,0.001190,6.921285402e-06,2.492199e+08
42,29,1.000000000e-04,-1.239124646e+09,343.755100,343.589000,0.005517,6.921285402e-06,2.494677e+08
42,30,1.000000000e-04,1.004968955e+09,343.589000,343.445900,0.003629,6.921285402e-06,2.496849e+08
42,31,1.000000000e-04,4.548310604e+08,343.445900,343.317000,0.000743,6.921285402e-06,2.498774e+08
42,32,1.000000000e-04,-4.961799547e+08,343.317000,343.202000,0.000885,6.921285402e-06,2.500467e+08
42,33,1.000000000e-04,-1.058366161e+09,343.202000,343.098100,0.004024,6.921285402e-06,2.501951e+08
42,34,1.000000000e-04,1.113507014e+09,343.098100,342.993000,0.004455,6.921285402e-06,2.503399e+08
42,35,1.000000000e-04,5.523084878e+08,342.993000,342.906100,0.001096,6.921285402e-06,2.504773e+08
42,36,1.000000000e-04,-3.925474603e+08,342.906100,342.824300,0.000554,6.921285402e-06,2.505952e+08
42,37,1.000000000e-04,-9.061840797e+08,342.824300,342.753700,0.002950,6.921285402e-06,2.506983e+08
42,38,1.000000000e-04,1.551903940e+09,342.753700,342.705000,0.008653,6.921285402e-06,2.507743e+08
42,39,1.000000000e-04,1.024739550e+09,342.705000,342.692000,0.003773,6.921285402e-06,2.508231e+08
43,0,1.000000000e-04,-1.127313655e+09,343.475000,343.512000,0.004566,6.921285402e-06,2.497171e+08
43,1,1.000000000e-04,-1.707761596e+09,343.512000,343.645700,0.010478,6.921285402e-06,2.495913e+08
43,2,1.000000000e-04,9.927568527e+08,343.645700,343.858000,0.003541,6.921285402e-06,2.493592e+08
43,3,1.000000000e-04,4.270987124e+08,343.858000,344.158800,0.000655,6.921285402e-06,2.490060e+08
43,4,1.000000000e-04,-6.129159958e+08,344.158800,344.581000,0.001350,6.921285402e-06,2.485027e+08
43,5,1.000000000e-04,-1.233740835e+09,344.581000,345.139400,0.005469,6.921285402e-06,2.478163e+08
43,6,1.000000000e-04,1.134787722e+09,345.139400,345.913500,0.004627,6.921285402e-06,2.468912e+08
43,7,1.000000000e-04,5.122061517e+08,345.913500,346.976700,0.000943,6.921285402e-06,2.456187e+08
43,8,1.000000000e-04,-5.387026263e+08,346.976700,348.468900,0.001043,6.921285402e-06,2.438426e+08
43,9,1.000000000e-04,-1.168778442e+09,348.468900,350.593000,0.004908,6.921285402e-06,2.413246e+08
43,10,1.000000000e-04,1.154579819e+09,350.593000,352.691100,0.004789,6.921285402e-06,2.383903e+08
43,11,1.000000000e-04,5.242727138e+08,352.691100,354.072600,0.000988,6.921285402e-06,2.359765e+08
43,12,1.000000000e-04,-5.281108299e+08,354.072600,354.955500,0.001002,6.921285402e-06,2.344028e+08
43,13,1.000000000e-04,-1.159499773e+09,354.955500,355.452700,0.004830,6.921285402e-06,2.334390e+08
43,14,1.000000000e-04,1.157313211e+09,355.452700,355.614000,0.004812,6.921285402e-06,2.329814e+08
43,15,1.000000000e-04,5.258920766e+08,355.614000,355.493800,0.000994,6.921285402e-06,2.329574e+08
43,16,1.000000000e-04,-5.267112199e+08,355.493800,355.030200,0.000997,6.921285402e-06,2.333631e+08
43,17,1.000000000e-04,-1.158362017e+09,355.030200,354.182300,0.004821,6.921285402e-06,2.342700e+08
43,18,1.000000000e-04,1.157051621e+09,354.182300,352.839100,0.004810,6.921285402e-06,2.357929e+08
43,19,1.000000000e-04,5.253823469e+08,352.839100,350.778500,0.000992,6.921285402e-06,2.381631e+08
43,20,1.000000000e-04,-5.273509746e+08,350.778500,348.690900,0.000999,6.921285402e-06,2.410461e+08
43,21,1.000000000e-04,-1.159574448e+09,348.690900,347.237700,0.004831,6.921285402e-06,2.435023e+08
43,22,1.000000000e-04,1.152483898e+09,347.237700,346.200200,0.004772,6.921285402e-06,2.452334e+08
43,23,1.000000000e-04,5.201451013e+08,346.200200,345.457400,0.000972,6.921285402e-06,2.464753e+08
43,24,1.000000000e-04,-5.333253669e+08,345.457400,344.917000,0.001022,6.921285402e-06,2.473671e+08
43,25,1.000000000e-04,-1.169392380e+09,344.917000,344.507900,0.004913,6.921285402e-06,2.480223e+08
43,26,1.000000000e-04,1.120229192e+09,344.507900,344.197600,0.004509,6.921285402e-06,2.485228e+08
43,27,1.000000000e-04,4.832895347e+08,344.197600,343.953000,0.000839,6.921285402e-06,2.489128e+08
43,28,1.000000000e-04,-5.755101832e+08,343.953000,343.755100,0.001190,6.921285402e-06,2.492199e+08
43,29,1.000000000e-04,-1.239124646e+09,343.755100,343.589000,0.005517,6.921285402e-06,2.494677e+08
43,30,1.000000000e-04,1.004968955e+09,343.589000,343.445900,0.003629,6.921285402e-06,2.496849e+08
43,31,1.000000000e-04,4.548310604e+08,343.445900,343.317000,0.000743,6.921285402e-06,2.498774e+08
43,32,1.000000000e-04,-4.961799547e+08,343.317000,343.202000,0.000885,6.921285402e-06,2.500467e+08
43,33,1.000000000e-04,-1.058366161e+09,343.202000,343.098100,0.004024,6.921285402e-06,2.501951e+08
43,34,1.000000000e-04,1.113507014e+09,343.098100,342.993000,0.004455,6.921285402e-06,2.503399e+08
43,35,1.000000000e-04,5.523084878e+08,342.993000,342.907000,0.001096,6.921285402e-06,2.504767e+08
43,36,1.000000000e-04,-3.925474603e+08,342.907000,342.827000,0.000554,6.921285402e-06,2.505927e+08
43,37,1.000000000e-04,-9.061840797e+08,342.827000,342.753700,0.002950,6.921285402e-06,2.506964e+08
43,38,1.000000000e-04,1.551903940e+09,342.753700,342.705000,0.008653,6.921285402e-06,2.507743e+08
43,39,1.000000000e-04,1.024739550e+09,342.705000,342.692000,0.003773,6.921285402e-06,2.508231e+08
44,0,1.000000000e-04,-1.152577947e+09,342.900000,342.924000,0.004773,6.921285402e-06,2.505251e+08
44,1,1.000000000e-04,-1.741160518e+09,342.924000,342.991500,0.010892,6.921285402e-06,2.504542e+08
44,2,1.000000000e-04,1.008678881e+09,342.991500,343.091000,0.003655,6.921285402e-06,2.503468e+08
44,3,1.000000000e-04,4.351020005e+08,343.091000,343.216500,0.000680,6.921285402e-06,2.501940e+08
44,4,1.000000000e-04,-6.264045403e+08,343.216500,343.372500,0.001410,6.921285402e-06,2.499975e+08
44,5,1.000000000e-04,-1.256711645e+09,343.372500,343.542000,0.005674,6.921285402e-06,2.497661e+08
44,6,1.000000000e-04,1.154243346e+09,343.542000,343.737500,0.004787,6.921285402e-06,2.495135e+08
44,7,1.000000000e-04,5.223169141e+08,343.737500,343.945500,0.000980,6.921285402e-06,2.492376e+08
44,8,1.000000000e-04,-5.501985991e+08,343.945500,344.166000,0.001088,6.921285402e-06,2.489397e+08
44,9,1.000000000e-04,-1.189865531e+09,344.166000,344.380000,0.005087,6.921285402e-06,2.486329e+08
44,10,1.000000000e-04,1.174593358e+09,344.380000,344.581000,0.004957,6.921285402e-06,2.483447e+08
44,11,1.000000000e-04,5.348039879e+08,344.581000,344.750000,0.001028,6.921285402e-06,2.480922e+08
44,12,1.000000000e-04,-5.390701153e+08,344.750000,344.889500,0.001044,6.921285402e-06,2.478778e+08
44,13,1.000000000e-04,-1.180017227e+09,344.889500,344.980000,0.005003,6.921285402e-06,2.477132e+08
44,14,1.000000000e-04,1.177507273e+09,344.980000,345.015000,0.004982,6.921285402e-06,2.476260e+08
44,15,1.000000000e-04,5.365485518e+08,345.015000,345.012000,0.001034,6.921285402e-06,2.476085e+08
44,16,1.000000000e-04,-5.375316128e+08,345.012000,344.953500,0.001038,6.921285402e-06,2.476512e+08
44,17,1.000000000e-04,-1.178753578e+09,344.953500,344.846000,0.004992,6.921285402e-06,2.477619e+08
44,18,1.000000000e-04,1.177210659e+09,344.846000,344.709000,0.004979,6.921285402e-06,2.479318e+08
44,19,1.000000000e-04,5.359830767e+08,344.709000,344.540000,0.001032,6.921285402e-06,2.481492e+08
44,20,1.000000000e-04,-5.382207925e+08,344.540000,344.353500,0.001041,6.921285402e-06,2.483963e+08
44,21,1.000000000e-04,-1.180050374e+09,344.353500,344.173000,0.005003,6.921285402e-06,2.486466e+08
44,22,1.000000000e-04,1.172316211e+09,344.173000,343.988500,0.004938,6.921285402e-06,2.489003e+08
44,23,1.000000000e-04,5.304463290e+08,343.988500,343.825000,0.001011,6.921285402e-06,2.491469e+08
44,24,1.000000000e-04,-5.443988286e+08,343.825000,343.672500,0.001065,6.921285402e-06,2.493665e+08
44,25,1.000000000e-04,-1.190083299e+09,343.672500,343.536500,0.005088,6.921285402e-06,2.495622e+08
44,26,1.000000000e-04,1.139286033e+09,343.536500,343.407500,0.004663,6.921285402e-06,2.497468e+08
44,27,1.000000000e-04,4.930906879e+08,343.407500,343.295500,0.000874,6.921285402e-06,2.499189e+08
44,28,1.000000000e-04,-5.865291103e+08,343.295500,343.196000,0.001236,6.921285402e-06,2.500654e+08
44,29,1.000000000e-04,-1.259403891e+09,343.196000,343.095000,0.005699,6.921285402e-06,2.501994e+08
44,30,1.000000000e-04,1.023764622e+09,343.095000,343.000000,0.003766,6.921285402e-06,2.503380e+08
44,31,1.000000000e-04,4.648064704e+08,343.000000,342.913000,0.000776,6.921285402e-06,2.504680e+08
44,32,1.000000000e-04,-5.063096386e+08,342.913000,342.828500,0.000921,6.921285402e-06,2.505871e+08
44,33,1.000000000e-04,-1.077184725e+09,342.828500,342.745000,0.004169,6.921285402e-06,2.506999e+08
44,34,1.000000000e-04,1.134031428e+09,342.745000,342.665000,0.004620,6.921285402e-06,2.508130e+08
44,35,1.000000000e-04,5.642923572e+08,342.665000,342.595500,0.001144,6.921285402e-06,2.509211e+08
44,36,1.000000000e-04,-4.001621265e+08,342.595500,342.527000,0.000575,6.921285402e-06,2.510177e+08
44,37,1.000000000e-04,-9.209946620e+08,342.527000,342.466000,0.003048,6.921285402e-06,2.511047e+08
44,38,1.000000000e-04,1.582236208e+09,342.466000,342.427000,0.008995,6.921285402e-06,2.511671e+08
44,39,1.000000000e-04,1.047723351e+09,342.427000,342.415000,0.003944,6.921285402e-06,2.512086e+08
45,0,1.000000000e-04,-1.152577947e+09,342.900000,342.924000,0.004773,6.921285402e-06,2.505251e+08
45,1,1.000000000e-04,-1.741160518e+09,342.924000,342.991500,0.010892,6.921285402e-06,2.504542e+08
45,2,1.000000000e-04,1.008678881e+09,342.991500,343.091000,0.003655,6.921285402e-06,2.503468e+08
45,3,1.000000000e-04,4.351020005e+08,343.091000,343.216500,0.000680,6.921285402e-06,2.501940e+08
45,4,1.000000000e-04,-6.264045403e+08,343.216500,343.372500,0.001410,6.921285402e-06,2.499975e+08
45,5,1.000000000e-04,-1.256711645e+09,343.372500,343.542000,0.005674,6.921285402e-06,2.497661e+08
45,6,1.000000000e-04,1.154243346e+09,343.542000,343.737500,0.004787,6.921285402e-06,2.495135e+08
45,7,1.000000000e-04,5.223169141e+08,343.737500,343.945500,0.000980,6.921285402e-06,2.492376e+08
45,8,1.000000000e-04,-5.501985991e+08,343.945500,344.161500,0.001088,6.921285402e-06,2.489428e+08
45,9,1.000000000e-04,-1.189865531e+09,344.161500,344.380000,0.005087,6.921285402e-06,2.486361e+08
45,10,1.000000000e-04,1.174593358e+09,344.380000,344.581000,0.004957,6.921285402e-06,2.483447e+08
45,11,1.000000000e-04,5.348039879e+08,344.581000,344.750000,0.001028,6.921285402e-06,2.480922e+08
45,12,1.000000000e-04,-5.390701153e+08,344.750000,344.889500,0.001044,6.921285402e-06,2.478778e+08
45,13,1.000000000e-04,-1.180017227e+09,344.889500,344.980000,0.005003,6.921285402e-06,2.477132e+08
45,14,1.000000000e-04,1.177507273e+09,344.980000,345.015000,0.004982,6.921285402e-06,2.476260e+08
45,15,1.000000000e-04,5.365485518e+08,345.015000,345.012000,0.001034,6.921285402e-06,2.476085e+08
45,16,1.000000000e-04,-5.375316128e+08,345.012000,344.953500,0.001038,6.921285402e-06,2.476512e+08
45,17,1.000000000e-04,-1.178753578e+09,344.953500,344.846000,0.004992,6.921285402e-06,2.477619e+08
45,18,1.000000000e-04,1.177210659e+09,344.846000,344.709000,0.004979,6.921285402e-06,2.479318e+08
45,19,1.000000000e-04,5.359830767e+08,344.709000,344.540000,0.001032,6.921285402e-06,2.481492e+08
45,20,1.000000000e-04,-5.382207925e+08,344.540000,344.353500,0.001041,6.921285402e-06,2.483963e+08
45,21,1.000000000e-04,-1.180050374e+09,344.353500,344.173000,0.005003,6.921285402e-06,2.486466e+08
45,22,1.000000000e-04,1.172316211e+09,344.173000,343.988500,0.004938,6.921285402e-06,2.489003e+08
45,23,1.000000000e-04,5.304463290e+08,343.988500,343.825000,0.001011,6.921285402e-06,2.491469e+08
45,24,1.000000000e-04,-5.443988286e+08,343.825000,343.672500,0.001065,6.921285402e-06,2.493665e+08
45,25,1.000000000e-04,-1.190083299e+09,343.672500,343.536500,0.005088,6.921285402e-06,2.495622e+08
45,26,1.000000000e-04,1.139286033e+09,343.536500,343.407500,0.004663,6.921285402e-06,2.497468e+08
45,27,1.000000000e-04,4.930906879e+08,343.407500,343.295500,0.000874,6.921285402e-06,2.499189e+08
45,28,1.000000000e-04,-5.865291103e+08,343.295500,343.196000,0.001236,6.921285402e-06,2.500654e+08
45,29,1.000000000e-04,-1.259403891e+09,343.196000,343.095000,0.005699,6.921285402e-06,2.501994e+08
45,30,1.000000000e-04,1.023764622e+09,343.095000,343.000000,0.003766,6.921285402e-06,2.503380e+08
45,31,1.000000000e-04,4.648064704e+08,343.000000,342.913000,0.000776,6.921285402e-06,2.504680e+08
45,32,1.000000000e-04,-5.063096386e+08,342.913000,342.828500,0.000921,6.921285402e-06,2.505871e+08
45,33,1.000000000e-04,-1.077184725e+09,342.828500,342.745000,0.004169,6.921285402e-06,2.506999e+08
45,34,1.000000000e-04,1.134031428e+09,342.745000,342.665000,0.004620,6.921285402e-06,2.508130e+08
45,35,1.000000000e-04,5.642923572e+08,342.665000,342.595500,0.001144,6.921285402e-06,2.509211e+08
45,36,1.000000000e-04,-4.001621265e+08,342.595500,342.527000,0.000575,6.921285402e-06,2.510177e+08
45,37,1.000000000e-04,-9.209946620e+08,342.527000,342.466000,0.003048,6.921285402e-06,2.511047e+08
45,38,1.000000000e-04,1.582236208e+09,342.466000,342.427000,0.008995,6.921285402e-06,2.511671e+08
45,39,1.000000000e-04,1.047723351e+09,342.427000,342.415000,0.003944,6.921285402e-06,2.512086e+08
46,0,1.000000000e-04,-1.141640411e+09,343.102000,343.126700,0.004683,6.921285402e-06,2.502439e+08
46,1,1.000000000e-04,-1.729622881e+09,343.126700,343.215900,0.010748,6.921285402e-06,2.501575e+08
46,2,1.000000000e-04,1.005357214e+09,343.215900,343.345100,0.003631,6.921285402e-06,2.500143e+08
46,3,1.000000000e-04,4.324691840e+08,343.345100,343.518300,0.000672,6.921285402e-06,2.498076e+08
46,4,1.000000000e-04,-6.205396583e+08,343.518300,343.737500,0.001383,6.921285402e-06,2.495341e+08
46,5,1.000000000e-04,-1.249227436e+09,343.737500,344.001100,0.005607,6.921285402e-06,2.491935e+08
46,6,1.000000000e-04,1.148698192e+09,344.001100,344.315800,0.004741,6.921285402e-06,2.487926e+08
46,7,1.000000000e-04,5.183910874e+08,344.315800,344.676400,0.000965,6.921285402e-06,2.483278e+08
46,8,1.000000000e-04,-5.453497886e+08,344.676400,345.085800,0.001069,6.921285402e-06,2.477925e+08
46,9,1.000000000e-04,-1.183220115e+09,345.085800,345.506500,0.005030,6.921285402e-06,2.472108e+08
46,10,1.000000000e-04,1.168601089e+09,345.506500,345.913500,0.004906,6.921285402e-06,2.466357e+08
46,11,1.000000000e-04,5.305684493e+08,345.913500,346.254600,0.001011,6.921285402e-06,2.461205e+08
46,12,1.000000000e-04,-5.345351153e+08,346.254600,346.519200,0.001027,6.921285402e-06,2.456995e+08
46,13,1.000000000e-04,-1.173662754e+09,346.519200,346.681600,0.004949,6.921285402e-06,2.453980e+08
46,14,1.000000000e-04,1.171348510e+09,346.681600,346.752000,0.004930,6.921285402e-06,2.452362e+08
46,15,1.000000000e-04,5.322092172e+08,346.752000,346.719900,0.001018,6.921285402e-06,2.452143e+08
46,16,1.000000000e-04,-5.330786080e+08,346.719900,346.583200,0.001021,6.921285402e-06,2.453316e+08
46,17,1.000000000e-04,-1.172453682e+09,346.583200,346.357600,0.004939,6.921285402e-06,2.455787e+08
46,18,1.000000000e-04,1.171052616e+09,346.357600,346.048500,0.004927,6.921285402e-06,2.459504e+08
46,19,1.000000000e-04,5.316741844e+08,346.048500,345.675000,0.001016,6.921285402e-06,2.464295e+08
46,20,1.000000000e-04,-5.337168480e+08,345.675000,345.288500,0.001023,6.921285402e-06,2.469576e+08
46,21,1.000000000e-04,-1.173654542e+09,345.288500,344.917400,0.004949,6.921285402e-06,2.474795e+08
46,22,1.000000000e-04,1.166338321e+09,344.917400,344.584600,0.004887,6.921285402e-06,2.479688e+08
46,23,1.000000000e-04,5.263370725e+08,344.584600,344.296400,0.000995,6.921285402e-06,2.484050e+08
46,24,1.000000000e-04,-5.396976550e+08,344.296400,344.052500,0.001046,6.921285402e-06,2.487748e+08
46,25,1.000000000e-04,-1.183420078e+09,344.052500,343.845600,0.005032,6.921285402e-06,2.490833e+08
46,26,1.000000000e-04,1.133753476e+09,343.845600,343.673000,0.004618,6.921285402e-06,2.493475e+08
46,27,1.000000000e-04,4.893155741e+08,343.673000,343.522000,0.000860,6.921285402e-06,2.495769e+08
46,28,1.000000000e-04,-5.817750600e+08,343.522000,343.389700,0.001216,6.921285402e-06,2.497734e+08
46,29,1.000000000e-04,-1.252845308e+09,343.389700,343.270000,0.005639,6.921285402e-06,2.499433e+08
46,30,1.000000000e-04,1.018302668e+09,343.270000,343.159000,0.003726,6.921285402e-06,2.501059e+08
46,31,1.000000000e-04,4.608784055e+08,343.159000,343.063000,0.000763,6.921285402e-06,2.502533e+08
46,32,1.000000000e-04,-5.021249188e+08,343.063000,342.967900,0.000906,6.921285402e-06,2.503859e+08
46,33,1.000000000e-04,-1.071511877e+09,342.967900,342.874000,0.004125,6.921285402e-06,2.505134e+08
46,34,1.000000000e-04,1.127601267e+09,342.874000,342.793000,0.004568,6.921285402e-06,2.506345e+08
46,35,1.000000000e-04,5.592110284e+08,342.793000,342.706700,0.001124,6.921285402e-06,2.507549e+08
46,36,1.000000000e-04,-3.975494771e+08,342.706700,342.635100,0.000568,6.921285402e-06,2.508653e+08
46,37,1.000000000e-04,-9.177990029e+08,342.635100,342.576900,0.003026,6.921285402e-06,2.509525e+08
46,38,1.000000000e-04,1.571819995e+09,342.576900,342.533000,0.008876,6.921285402e-06,2.510165e+08
46,39,1.000000000e-04,1.037798730e+09,342.533000,342.518000,0.003870,6.921285402e-06,2.510634e+08
47,0,1.000000000e-04,-1.141640411e+09,343.102000,343.126700,0.004683,6.921285402e-06,2.502439e+08
47,1,1.000000000e-04,-1.729622881e+09,343.126700,343.215900,0.010748,6.921285402e-06,2.501575e+08
47,2,1.000000000e-04,1.005357214e+09,343.215900,343.345100,0.003631,6.921285402e-06,2.500143e+08
47,3,1.000000000e-04,4.324691840e+08,343.345100,343.518300,0.000672,6.921285402e-06,2.498076e+08
47,4,1.000000000e-04,-6.205396583e+08,343.518300,343.737500,0.001383,6.921285402e-06,2.495341e+08
47,5,1.000000000e-04,-1.249227436e+09,343.737500,344.001100,0.005607,6.921285402e-06,2.491935e+08
47,6,1.000000000e-04,1.148698192e+09,344.001100,344.315800,0.004741,6.921285402e-06,2.487926e+08
47,7,1.000000000e-04,5.183910874e+08,344.315800,344.676400,0.000965,6.921285402e-06,2.483278e+08
47,8,1.000000000e-04,-5.453497886e+08,344.676400,345.085800,0.001069,6.921285402e-06,2.477925e+08
47,9,1.000000000e-04,-1.183220115e+09,345.085800,345.505000,0.005030,6.921285402e-06,2.472119e+08
47,10,1.000000000e-04,1.168601089e+09,345.505000,345.913500,0.004906,6.921285402e-06,2.466368e+08
47,11,1.000000000e-04,5.305684493e+08,345.913500,346.254600,0.001011,6.921285402e-06,2.461205e+08
47,12,1.000000000e-04,-5.345351153e+08,346.254600,346.519200,0.001027,6.921285402e-06,2.456995e+08
47,13,1.000000000e-04,-1.173662754e+09,346.519200,346.681600,0.004949,6.921285402e-06,2.453980e+08
47,14,1.000000000e-04,1.171348510e+09,346.681600,346.752000,0.004930,6.921285402e-06,2.452362e+08
47,15,1.000000000e-04,5.322092172e+08,346.752000,346.719900,0.001018,6.921285402e-06,2.452143e+08
47,16,1.000000000e-04,-5.330786080e+08,346.719900,346.583200,0.001021,6.921285402e-06,2.453316e+08
47,17,1.000000000e-04,-1.172453682e+09,346.583200,346.357600,0.004939,6.921285402e-06,2.455787e+08
47,18,1.000000000e-04,1.171052616e+09,346.357600,346.048500,0.004927,6.921285402e-06,2.459504e+08
47,19,1.000000000e-04,5.316741844e+08,346.048500,345.675000,0.001016,6.921285402e-06,2.464295e+08
47,20,1.000000000e-04,-5.337168480e+08,345.675000,345.288500,0.001023,6.921285402e-06,2.469576e+08
47,21,1.000000000e-04,-1.173654542e+09,345.288500,344.917400,0.004949,6.921285402e-06,2.474795e+08
47,22,1.000000000e-04,1.166338321e+09,344.917400,344.584600,0.004887,6.921285402e-06,2.479688e+08
47,23,1.000000000e-04,5.263370725e+08,344.584600,344.290100,0.000995,6.921285402e-06,2.484094e+08
47,24,1.000000000e-04,-5.396976550e+08,344.290100,344.051000,0.001046,6.921285402e-06,2.487802e+08
47,25,1.000000000e-04,-1.183420078e+09,344.051000,343.845600,0.005032,6.921285402e-06,2.490843e+08
47,26,1.000000000e-04,1.133753476e+09,343.845600,343.673000,0.004618,6.921285402e-06,2.493475e+08
47,27,1.000000000e-04,4.893155741e+08,343.673000,343.522000,0.000860,6.921285402e-06,2.495769e+08
47,28,1.000000000e-04,-5.817750600e+08,343.522000,343.389700,0.001216,6.921285402e-06,2.497734e+08
47,29,1.000000000e-04,-1.252845308e+09,343.389700,343.270000,0.005639,6.921285402e-06,2.499433e+08
47,30,1.000000000e-04,1.018302668e+09,343.270000,343.159000,0.003726,6.921285402e-06,2.501059e+08
47,31,1.000000000e-04,4.608784055e+08,343.159000,343.063000,0.000763,6.921285402e-06,2.502533e+08
47,32,1.000000000e-04,-5.021249188e+08,343.063000,342.967900,0.000906,6.921285402e-06,2.503859e+08
47,33,1.000000000e-04,-1.071511877e+09,342.967900,342.874000,0.004125,6.921285402e-06,2.505134e+08
47,34,1.000000000e-04,1.127601267e+09,342.874000,342.789500,0.004568,6.921285402e-06,2.506369e+08
47,35,1.000000000e-04,5.592110284e+08,342.789500,342.706700,0.001124,6.921285402e-06,2.507573e+08
47,36,1.000000000e-04,-3.975494771e+08,342.706700,342.635100,0.000568,6.921285402e-06,2.508653e+08
47,37,1.000000000e-04,-9.177990029e+08,342.635100,342.576900,0.003026,6.921285402e-06,2.509525e+08
47,38,1.000000000e-04,1.571819995e+09,342.576900,342.533000,0.008876,6.921285402e-06,2.510165e+08
47,39,1.000000000e-04,1.037798730e+09,342.533000,342.518000,0.003870,6.921285402e-06,2.510634e+08
48,0,1.000000000e-04,-1.122642849e+09,343.476000,343.511000,0.004528,6.921285402e-06,2.497171e+08
48,1,1.000000000e-04,-1.700599754e+09,343.511000,343.621000,0.010391,6.921285402e-06,2.496093e+08
48,2,1.000000000e-04,9.897029344e+08,343.621000,343.795700,0.003519,6.921285402e-06,2.494197e+08
48,3,1.000000000e-04,4.259382367e+08,343.795700,344.036100,0.000652,6.921285402e-06,2.491346e+08
48,4,1.000000000e-04,-6.106289680e+08,344.036100,344.353500,0.001340,6.921285402e-06,2.487461e+08
48,5,1.000000000e-04,-1.229413596e+09,344.353500,344.764600,0.005430,6.921285402e-06,2.482349e+08
48,6,1.000000000e-04,1.131406230e+09,344.764600,345.288500,0.004599,6.921285402e-06,2.475861e+08
48,7,1.000000000e-04,5.107297144e+08,345.288500,345.952300,0.000937,6.921285402e-06,2.467650e+08
48,8,1.000000000e-04,-5.369659249e+08,345.952300,346.781300,0.001036,6.921285402e-06,2.457274e+08
48,9,1.000000000e-04,-1.165097570e+09,346.781300,347.744000,0.004877,6.921285402e-06,2.444776e+08
48,10,1.000000000e-04,1.151109867e+09,347.744000,348.690900,0.004761,6.921285402e-06,2.431505e+08
48,11,1.000000000e-04,5.227191308e+08,348.690900,349.428400,0.000982,6.921285402e-06,2.419844e+08
48,12,1.000000000e-04,-5.264978089e+08,349.428400,349.949500,0.000996,6.921285402e-06,2.411097e+08
48,13,1.000000000e-04,-1.155961421e+09,349.949500,350.271300,0.004801,6.921285402e-06,2.405193e+08
48,14,1.000000000e-04,1.153826898e+09,350.271300,350.382000,0.004783,6.921285402e-06,2.402187e+08
48,15,1.000000000e-04,5.243239313e+08,350.382000,350.315200,0.000988,6.921285402e-06,2.401928e+08
48,16,1.000000000e-04,-5.251247496e+08,350.315200,350.040500,0.000991,6.921285402e-06,2.404301e+08
48,17,1.000000000e-04,-1.154855008e+09,350.040500,349.563700,0.004792,6.921285402e-06,2.409478e+08
48,18,1.000000000e-04,1.153572962e+09,349.563700,348.859800,0.004781,6.921285402e-06,2.417684e+08
48,19,1.000000000e-04,5.238191789e+08,348.859800,347.964500,0.000986,6.921285402e-06,2.428844e+08
48,20,1.000000000e-04,-5.257683894e+08,347.964500,347.045100,0.000993,6.921285402e-06,2.441456e+08
48,21,1.000000000e-04,-1.156075494e+09,347.045100,346.256000,0.004802,6.921285402e-06,2.453285e+08
48,22,1.000000000e-04,1.149038903e+09,346.256000,345.634500,0.004744,6.921285402e-06,2.463089e+08
48,23,1.000000000e-04,5.186029998e+08,345.634500,345.142600,0.000966,6.921285402e-06,2.470873e+08
48,24,1.000000000e-04,-5.317457366e+08,345.142600,344.764000,0.001016,6.921285402e-06,2.476922e+08
48,25,1.000000000e-04,-1.165912347e+09,344.764000,344.466200,0.004884,6.921285402e-06,2.481577e+08
48,26,1.000000000e-04,1.116845450e+09,344.466200,344.226700,0.004481,6.921285402e-06,2.485316e+08
48,27,1.000000000e-04,4.817728822e+08,344.226700,344.033300,0.000834,6.921285402e-06,2.488368e+08
48,28,1.000000000e-04,-5.739634084e+08,344.033300,343.867900,0.001184,6.921285402e-06,2.490857e+08
48,29,1.000000000e-04,-1.235724793e+09,343.867900,343.728000,0.005486,6.921285402e-06,2.492928e+08
48,30,1.000000000e-04,1.001567535e+09,343.728000,343.602000,0.003604,6.921285402e-06,2.494798e+08
48,31,1.000000000e-04,4.532487373e+08,343.602000,343.490000,0.000738,6.921285402e-06,2.496487e+08
48,32,1.000000000e-04,-4.947568317e+08,343.490000,343.381700,0.000879,6.921285402e-06,2.498016e+08
48,33,1.000000000e-04,-1.055164877e+09,343.381700,343.276900,0.004000,6.921285402e-06,2.499460e+08
48,34,1.000000000e-04,1.109562995e+09,343.276900,343.180500,0.004423,6.921285402e-06,2.500853e+08
48,35,1.000000000e-04,5.502330705e+08,343.180500,343.094100,0.001088,6.921285402e-06,2.502164e+08
48,36,1.000000000e-04,-3.914611872e+08,343.094100,343.012300,0.000551,6.921285402e-06,2.503339e+08
48,37,1.000000000e-04,-9.033637034e+08,343.012300,342.941700,0.002932,6.921285402e-06,2.504370e+08
48,38,1.000000000e-04,1.545374343e+09,342.941700,342.893900,0.008580,6.921285402e-06,2.505125e+08
48,39,1.000000000e-04,1.020479281e+09,342.893900,342.871000,0.003741,6.921285402e-06,2.505674e+08
49,0,1.000000000e-04,-1.122642849e+09,343.475000,343.511000,0.004528,6.921285402e-06,2.497178e+08
49,1,1.000000000e-04,-1.700599754e+09,343.511000,343.621000,0.010391,6.921285402e-06,2.496093e+08
49,2,1.000000000e-04,9.897029344e+08,343.621000,343.795700,0.003519,6.921285402e-06,2.494197e+08
49,3,1.000000000e-04,4.259382367e+08,343.795700,344.035200,0.000652,6.921285402e-06,2.491352e+08
49,4,1.000000000e-04,-6.106289680e+08,344.035200,344.353500,0.001340,6.921285402e-06,2.487467e+08
49,5,1.000000000e-04,-1.229413596e+09,344.353500,344.764600,0.005430,6.921285402e-06,2.482349e+08
49,6,1.000000000e-04,1.131406230e+09,344.764600,345.288500,0.004599,6.921285402e-06,2.475861e+08
49,7,1.000000000e-04,5.107297144e+08,345.288500,345.952300,0.000937,6.921285402e-06,2.467650e+08
49,8,1.000000000e-04,-5.369659249e+08,345.952300,346.781300,0.001036,6.921285402e-06,2.457274e+08
49,9,1.000000000e-04,-1.165097570e+09,346.781300,347.744000,0.004877,6.921285402e-06,2.444776e+08
49,10,1.000000000e-04,1.151109867e+09,347.744000,348.690900,0.004761,6.921285402e-06,2.431505e+08
49,11,1.000000000e-04,5.227191308e+08,348.690900,349.428400,0.000982,6.921285402e-06,2.419844e+08
49,12,1.000000000e-04,-5.264978089e+08,349.428400,349.949500,0.000996,6.921285402e-06,2.411097e+08
49,13,1.000000000e-04,-1.155961421e+09,349.949500,350.271300,0.004801,6.921285402e-06,2.405193e+08
49,14,1.000000000e-04,1.153826898e+09,350.271300,350.382000,0.004783,6.921285402e-06,2.402187e+08
49,15,1.000000000e-04,5.243239313e+08,350.382000,350.315200,0.000988,6.921285402e-06,2.401928e+08
49,16,1.000000000e-04,-5.251247496e+08,350.315200,350.040500,0.000991,6.921285402e-06,2.404301e+08
49,17,1.000000000e-04,-1.154855008e+09,350.040500,349.563700,0.004792,6.921285402e-06,2.409478e+08
49,18,1.000000000e-04,1.153572962e+09,349.563700,348.859800,0.004781,6.921285402e-06,2.417684e+08
49,19,1.000000000e-04,5.238191789e+08,348.859800,347.964500,0.000986,6.921285402e-06,2.428844e+08
49,20,1.000000000e-04,-5.257683894e+08,347.964500,347.045100,0.000993,6.921285402e-06,2.441456e+08
49,21,1.000000000e-04,-1.156075494e+09,347.045100,346.256000,0.004802,6.921285402e-06,2.453285e+08
49,22,1.000000000e-04,1.149038903e+09,346.256000,345.634500,0.004744,6.921285402e-06,2.463089e+08
49,23,1.000000000e-04,5.186029998e+08,345.634500,345.142600,0.000966,6.921285402e-06,2.470873e+08
49,24,1.000000000e-04,-5.317457366e+08,345.142600,344.764000,0.001016,6.921285402e-06,2.476922e+08
49,25,1.000000000e-04,-1.165912347e+09,344.764000,344.466200,0.004884,6.921285402e-06,2.481577e+08
49,26,1.000000000e-04,1.116845450e+09,344.466200,344.226700,0.004481,6.921285402e-06,2.485316e+08
49,27,1.000000000e-04,4.817728822e+08,344.226700,344.033300,0.000834,6.921285402e-06,2.488368e+08
49,28,1.000000000e-04,-5.739634084e+08,344.033300,343.867900,0.001184,6.921285402e-06,2.490857e+08
49,29,1.000000000e-04,-1.235724793e+09,343.867900,343.728000,0.005486,6.921285402e-06,2.492928e+08
49,30,1.000000000e-04,1.001567535e+09,343.728000,343.602000,0.003604,6.921285402e-06,2.494798e+08
49,31,1.000000000e-04,4.532487373e+08,343.602000,343.490000,0.000738,6.921285402e-06,2.496487e+08
49,32,1.000000000e-04,-4.947568317e+08,343.490000,343.381700,0.000879,6.921285402e-06,2.498016e+08
49,33,1.000000000e-04,-1.055164877e+09,343.381700,343.276900,0.004000,6.921285402e-06,2.499460e+08
49,34,1.000000000e-04,1.109562995e+09,343.276900,343.180500,0.004423,6.921285402e-06,2.500853e+08
49,35,1.000000000e-04,5.502330705e+08,343.180500,343.094100,0.001088,6.921285402e-06,2.502164e+08
49,36,1.000000000e-04,-3.914611872e+08,343.094100,343.012300,0.000551,6.921285402e-06,2.503339e+08
49,37,1.000000000e-04,-9.033637034e+08,343.012300,342.941700,0.002932,6.921285402e-06,2.504370e+08
49,38,1.000000000e-04,1.545374343e+09,342.941700,342.893900,0.008580,6.921285402e-06,2.505125e+08
49,39,1.000000000e-04,1.020479281e+09,342.893900,342.880000,0.003741,6.921285402e-06,2.505612e+08
50,0,1.000000000e-04,-1.129687948e+09,343.304000,343.338100,0.004585,6.921285402e-06,2.499567e+08
50,1,1.000000000e-04,-1.710483326e+09,343.338100,343.439300,0.010512,6.921285402e-06,2.498556e+08
50,2,1.000000000e-04,9.924985508e+08,343.439300,343.613400,0.003539,6.921285402e-06,2.496726e+08
50,3,1.000000000e-04,4.270141824e+08,343.613400,343.853100,0.000655,6.921285402e-06,2.493885e+08
50,4,1.000000000e-04,-6.141085697e+08,343.853100,344.161500,0.001355,6.921285402e-06,2.490067e+08
50,5,1.000000000e-04,-1.235055848e+09,344.161500,344.562600,0.005480,6.921285402e-06,2.485087e+08
50,6,1.000000000e-04,1.135449588e+09,344.562600,345.085800,0.004632,6.921285402e-06,2.478673e+08
50,7,1.000000000e-04,5.127057042e+08,345.085800,345.746600,0.000944,6.921285402e-06,2.470489e+08
50,8,1.000000000e-04,-5.394665181e+08,345.746600,346.561200,0.001046,6.921285402e-06,2.460233e+08
50,9,1.000000000e-04,-1.169773623e+09,346.561200,347.527000,0.004916,6.921285402e-06,2.447813e+08
50,10,1.000000000e-04,1.155418937e+09,347.527000,348.468900,0.004796,6.921285402e-06,2.434556e+08
50,11,1.000000000e-04,5.248805425e+08,348.468900,349.205700,0.000990,6.921285402e-06,2.422935e+08
50,12,1.000000000e-04,-5.287876915e+08,349.205700,349.723800,0.001005,6.921285402e-06,2.414213e+08
50,13,1.000000000e-04,-1.160423933e+09,349.723800,350.031200,0.004838,6.921285402e-06,2.408430e+08
50,14,1.000000000e-04,1.158191058e+09,350.031200,350.140000,0.004819,6.921285402e-06,2.405537e+08
50,15,1.000000000e-04,5.265232742e+08,350.140000,350.072300,0.000996,6.921285402e-06,2.405298e+08
50,16,1.000000000e-04,-5.273692739e+08,350.072300,349.791500,0.000999,6.921285402e-06,2.407720e+08
50,17,1.000000000e-04,-1.159272884e+09,349.791500,349.311700,0.004828,6.921285402e-06,2.412960e+08
50,18,1.000000000e-04,1.157930616e+09,349.311700,348.606900,0.004817,6.921285402e-06,2.421193e+08
50,19,1.000000000e-04,5.260095037e+08,348.606900,347.707000,0.000994,6.921285402e-06,2.432391e+08
50,20,1.000000000e-04,-5.280149779e+08,347.707000,346.781300,0.001002,6.921285402e-06,2.445079e+08
50,21,1.000000000e-04,-1.160497542e+09,346.781300,345.990600,0.004839,6.921285402e-06,2.456962e+08
50,22,1.000000000e-04,1.153336899e+09,345.990600,345.361800,0.004779,6.921285402e-06,2.466829e+08
50,23,1.000000000e-04,5.207468801e+08,345.361800,344.869700,0.000974,6.921285402e-06,2.474664e+08
50,24,1.000000000e-04,-5.340078131e+08,344.869700,344.491000,0.001025,6.921285402e-06,2.480716e+08
50,25,1.000000000e-04,-1.170337678e+09,344.491000,344.183200,0.004921,6.921285402e-06,2.485440e+08
50,26,1.000000000e-04,1.121038709e+09,344.183200,343.943700,0.004515,6.921285402e-06,2.489249e+08
50,27,1.000000000e-04,4.838657841e+08,343.943700,343.750000,0.000841,6.921285402e-06,2.492304e+08
50,28,1.000000000e-04,-5.761791245e+08,343.750000,343.583900,0.001193,6.921285402e-06,2.494800e+08
50,29,1.000000000e-04,-1.240033084e+09,343.583900,343.445000,0.005525,6.921285402e-06,2.496868e+08
50,30,1.000000000e-04,1.005804929e+09,343.445000,343.317100,0.003635,6.921285402e-06,2.498745e+08
50,31,1.000000000e-04,4.554688361e+08,343.317100,343.197000,0.000745,6.921285402e-06,2.500503e+08
50,32,1.000000000e-04,-4.967173533e+08,343.197000,343.095300,0.000886,6.921285402e-06,2.502043e+08
50,33,1.000000000e-04,-1.059058218e+09,343.095300,342.993000,0.004030,6.921285402e-06,2.503423e+08
50,34,1.000000000e-04,1.114652798e+09,342.993000,342.901500,0.004464,6.921285402e-06,2.504765e+08
50,35,1.000000000e-04,5.533588942e+08,342.901500,342.812000,0.001100,6.921285402e-06,2.506063e+08
50,36,1.000000000e-04,-3.925044470e+08,342.812000,342.739000,0.000554,6.921285402e-06,2.507199e+08
50,37,1.000000000e-04,-9.059777686e+08,342.739000,342.675000,0.002949,6.921285402e-06,2.508122e+08
50,38,1.000000000e-04,1.554370422e+09,342.675000,342.629000,0.008680,6.921285402e-06,2.508818e+08
50,39,1.000000000e-04,1.026898628e+09,342.629000,342.608000,0.003789,6.921285402e-06,2.509342e+08
51,0,1.000000000e-04,-1.129687948e+09,343.304000,343.338100,0.004585,6.921285402e-06,2.499567e+08
51,1,1.000000000e-04,-1.710483326e+09,343.338100,343.439300,0.010512,6.921285402e-06,2.498556e+08
51,2,1.000000000e-04,9.924985508e+08,343.439300,343.613400,0.003539,6.921285402e-06,2.496726e+08
51,3,1.000000000e-04,4.270141824e+08,343.613400,343.853100,0.000655,6.921285402e-06,2.493885e+08
51,4,1.000000000e-04,-6.141085697e+08,343.853100,344.166000,0.001355,6.921285402e-06,2.490036e+08
51,5,1.000000000e-04,-1.235055848e+09,344.166000,344.562600,0.005480,6.921285402e-06,2.485056e+08
51,6,1.000000000e-04,1.135449588e+09,344.562600,345.085800,0.004632,6.921285402e-06,2.478673e+08
51,7,1.000000000e-04,5.127057042e+08,345.085800,345.746600,0.000944,6.921285402e-06,2.470489e+08
51,8,1.000000000e-04,-5.394665181e+08,345.746600,346.561200,0.001046,6.921285402e-06,2.460233e+08
51,9,1.000000000e-04,-1.169773623e+09,346.561200,347.527000,0.004916,6.921285402e-06,2.447813e+08
51,10,1.000000000e-04,1.155418937e+09,347.527000,348.468900,0.004796,6.921285402e-06,2.434556e+08
51,11,1.000000000e-04,5.248805425e+08,348.468900,349.205700,0.000990,6.921285402e-06,2.422935e+08
51,12,1.000000000e-04,-5.287876915e+08,349.205700,349.723800,0.001005,6.921285402e-06,2.414213e+08
51,13,1.000000000e-04,-1.160423933e+09,349.723800,350.031200,0.004838,6.921285402e-06,2.408430e+08
51,14,1.000000000e-04,1.158191058e+09,350.031200,350.140000,0.004819,6.921285402e-06,2.405537e+08
51,15,1.000000000e-04,5.265232742e+08,350.140000,350.072300,0.000996,6.921285402e-06,2.405298e+08
51,16,1.000000000e-04,-5.273692739e+08,350.072300,349.791500,0.000999,6.921285402e-06,2.407720e+08
51,17,1.000000000e-04,-1.159272884e+09,349.791500,349.311700,0.004828,6.921285402e-06,2.412960e+08
51,18,1.000000000e-04,1.157930616e+09,349.311700,348.606900,0.004817,6.921285402e-06,2.421193e+08
51,19,1.000000000e-04,5.260095037e+08,348.606900,347.707000,0.000994,6.921285402e-06,2.432391e+08
51,20,1.000000000e-04,-5.280149779e+08,347.707000,346.781300,0.001002,6.921285402e-06,2.445079e+08
51,21,1.000000000e-04,-1.160497542e+09,346.781300,345.990600,0.004839,6.921285402e-06,2.456962e+08
51,22,1.000000000e-04,1.153336899e+09,345.990600,345.361500,0.004779,6.921285402e-06,2.466831e+08
51,23,1.000000000e-04,5.207468801e+08,345.361500,344.869600,0.000974,6.921285402e-06,2.474667e+08
51,24,1.000000000e-04,-5.340078131e+08,344.869600,344.491000,0.001025,6.921285402e-06,2.480717e+08
51,25,1.000000000e-04,-1.170337678e+09,344.491000,344.183200,0.004921,6.921285402e-06,2.485440e+08
51,26,1.000000000e-04,1.121038709e+09,344.183200,343.943700,0.004515,6.921285402e-06,2.489249e+08
51,27,1.000000000e-04,4.838657841e+08,343.943700,343.750000,0.000841,6.921285402e-06,2.492304e+08
51,28,1.000000000e-04,-5.761791245e+08,343.750000,343.583900,0.001193,6.921285402e-06,2.494800e+08
51,29,1.000000000e-04,-1.240033084e+09,343.583900,343.440500,0.005525,6.921285402e-06,2.496899e+08
51,30,1.000000000e-04,1.005804929e+09,343.440500,343.317100,0.003635,6.921285402e-06,2.498776e+08
51,31,1.000000000e-04,4.554688361e+08,343.317100,343.197000,0.000745,6.921285402e-06,2.500503e+08
51,32,1.000000000e-04,-4.967173533e+08,343.197000,343.095300,0.000886,6.921285402e-06,2.502043e+08
51,33,1.000000000e-04,-1.059058218e+09,343.095300,342.993000,0.004030,6.921285402e-06,2.503423e+08
51,34,1.000000000e-04,1.114652798e+09,342.993000,342.901500,0.004464,6.921285402e-06,2.504765e+08
51,35,1.000000000e-04,5.533588942e+08,342.901500,342.812000,0.001100,6.921285402e-06,2.506063e+08
51,36,1.000000000e-04,-3.925044470e+08,342.812000,342.739000,0.000554,6.921285402e-06,2.507199e+08
51,37,1.000000000e-04,-9.059777686e+08,342.739000,342.675000,0.002949,6.921285402e-06,2.508122e+08
51,38,1.000000000e-04,1.554370422e+09,342.675000,342.629000,0.008680,6.921285402e-06,2.508818e+08
51,39,1.000000000e-04,1.026898628e+09,342.629000,342.608000,0.003789,6.921285402e-06,2.509342e+08
52,0,1.000000000e-04,-1.121309578e+09,343.328000,343.360000,0.004517,6.921285402e-06,2.499249e+08
52,1,1.000000000e-04,-1.699030992e+09,343.360000,343.451900,0.010371,6.921285402e-06,2.498318e+08
52,2,1.000000000e-04,9.899807198e+08,343.451900,343.584100,0.003521,6.921285402e-06,2.496843e+08
52,3,1.000000000e-04,4.260835541e+08,343.584100,343.764300,0.000652,6.921285402e-06,2.494706e+08
52,4,1.000000000e-04,-6.099568570e+08,343.764300,343.988500,0.001337,6.921285402e-06,2.491887e+08
52,5,1.000000000e-04,-1.228701185e+09,343.988500,344.257400,0.005424,6.921285402e-06,2.488411e+08
52,6,1.000000000e-04,1.131111761e+09,344.257400,344.584600,0.004597,6.921285402e-06,2.484278e+08
52,7,1.000000000e-04,5.104988004e+08,344.584600,344.952400,0.000936,6.921285402e-06,2.479492e+08
52,8,1.000000000e-04,-5.365794336e+08,344.952400,345.361800,0.001034,6.921285402e-06,2.474089e+08
52,9,1.000000000e-04,-1.164603624e+09,345.361800,345.791000,0.004873,6.921285402e-06,2.468215e+08
52,10,1.000000000e-04,1.150686015e+09,345.791000,346.200200,0.004757,6.921285402e-06,2.462389e+08
52,11,1.000000000e-04,5.224106013e+08,346.200200,346.547600,0.000981,6.921285402e-06,2.457176e+08
52,12,1.000000000e-04,-5.261643935e+08,346.547600,346.817300,0.000995,6.921285402e-06,2.452887e+08
52,13,1.000000000e-04,-1.155505046e+09,346.817300,346.987300,0.004797,6.921285402e-06,2.449786e+08
52,14,1.000000000e-04,1.153381470e+09,346.987300,347.058000,0.004779,6.921285402e-06,2.448113e+08
52,15,1.000000000e-04,5.240030604e+08,347.058000,347.030300,0.000987,6.921285402e-06,2.447860e+08
52,16,1.000000000e-04,-5.247990264e+08,347.030300,346.908300,0.000990,6.921285402e-06,2.448900e+08
52,17,1.000000000e-04,-1.154403189e+09,346.908300,346.684500,0.004788,6.921285402e-06,2.451258e+08
52,18,1.000000000e-04,1.153126226e+09,346.684500,346.377500,0.004777,6.921285402e-06,2.454947e+08
52,19,1.000000000e-04,5.234991014e+08,346.377500,346.017500,0.000985,6.921285402e-06,2.459628e+08
52,20,1.000000000e-04,-5.254401209e+08,346.017500,345.634500,0.000992,6.921285402e-06,2.464792e+08
52,21,1.000000000e-04,-1.155618427e+09,345.634500,345.265500,0.004798,6.921285402e-06,2.469973e+08
52,22,1.000000000e-04,1.148601649e+09,345.265500,344.937800,0.004740,6.921285402e-06,2.474815e+08
52,23,1.000000000e-04,5.182945445e+08,344.937800,344.657800,0.000965,6.921285402e-06,2.479084e+08
52,24,1.000000000e-04,-5.314036926e+08,344.657800,344.420000,0.001015,6.921285402e-06,2.482682e+08
52,25,1.000000000e-04,-1.165435030e+09,344.420000,344.224600,0.004880,6.921285402e-06,2.485647e+08
52,26,1.000000000e-04,1.116440179e+09,344.224600,344.054100,0.004478,6.921285402e-06,2.488194e+08
52,27,1.000000000e-04,4.814922507e+08,344.054100,343.911900,0.000833,6.921285402e-06,2.490411e+08
52,28,1.000000000e-04,-5.736064503e+08,343.911900,343.781700,0.001182,6.921285402e-06,2.492300e+08
52,29,1.000000000e-04,-1.235237682e+09,343.781700,343.670500,0.005482,6.921285402e-06,2.493927e+08
52,30,1.000000000e-04,1.001180776e+09,343.670500,343.570300,0.003601,6.921285402e-06,2.495418e+08
52,31,1.000000000e-04,4.529440454e+08,343.570300,343.468000,0.000737,6.921285402e-06,2.496860e+08
52,32,1.000000000e-04,-4.944993589e+08,343.468000,343.372000,0.000879,6.921285402e-06,2.498236e+08
52,33,1.000000000e-04,-1.054852992e+09,343.372000,343.285000,0.003998,6.921285402e-06,2.499471e+08
52,34,1.000000000e-04,1.108942567e+09,343.285000,343.191500,0.004418,6.921285402e-06,2.500720e+08
52,35,1.000000000e-04,5.496393465e+08,343.191500,343.108000,0.001085,6.921285402e-06,2.501990e+08
52,36,1.000000000e-04,-3.915803588e+08,343.108000,343.035000,0.000551,6.921285402e-06,2.503085e+08
52,37,1.000000000e-04,-9.036067281e+08,343.035000,342.964000,0.002934,6.921285402e-06,2.504057e+08
52,38,1.000000000e-04,1.543952856e+09,342.964000,342.916000,0.008565,6.921285402e-06,2.504816e+08
52,39,1.000000000e-04,1.019268907e+09,342.916000,342.903000,0.003733,6.921285402e-06,2.505298e+08
53,0,1.000000000e-04,-1.121309578e+09,343.328000,343.360000,0.004517,6.921285402e-06,2.499249e+08
53,1,1.000000000e-04,-1.699030992e+09,343.360000,343.451900,0.010371,6.921285402e-06,2.498318e+08
53,2,1.000000000e-04,9.899807198e+08,343.451900,343.584100,0.003521,6.921285402e-06,2.496843e+08
53,3,1.000000000e-04,4.260835541e+08,343.584100,343.764300,0.000652,6.921285402e-06,2.494706e+08
53,4,1.000000000e-04,-6.099568570e+08,343.764300,343.988500,0.001337,6.921285402e-06,2.491887e+08
53,5,1.000000000e-04,-1.228701185e+09,343.988500,344.257400,0.005424,6.921285402e-06,2.488411e+08
53,6,1.000000000e-04,1.131111761e+09,344.257400,344.584600,0.004597,6.921285402e-06,2.484278e+08
53,7,1.000000000e-04,5.104988004e+08,344.584600,344.951500,0.000936,6.921285402e-06,2.479498e+08
53,8,1.000000000e-04,-5.365794336e+08,344.951500,345.361500,0.001034,6.921285402e-06,2.474097e+08
53,9,1.000000000e-04,-1.164603624e+09,345.361500,345.791000,0.004873,6.921285402e-06,2.468217e+08
53,10,1.000000000e-04,1.150686015e+09,345.791000,346.200200,0.004757,6.921285402e-06,2.462389e+08
53,11,1.000000000e-04,5.224106013e+08,346.200200,346.547600,0.000981,6.921285402e-06,2.457176e+08
53,12,1.000000000e-04,-5.261643935e+08,346.547600,346.817300,0.000995,6.921285402e-06,2.452887e+08
53,13,1.000000000e-04,-1.155505046e+09,346.817300,346.987300,0.004797,6.921285402e-06,2.449786e+08
53,14,1.000000000e-04,1.153381470e+09,346.987300,347.058000,0.004779,6.921285402e-06,2.448113e+08
53,15,1.000000000e-04,5.240030604e+08,347.058000,347.030300,0.000987,6.921285402e-06,2.447860e+08
53,16,1.000000000e-04,-5.247990264e+08,347.030300,346.908300,0.000990,6.921285402e-06,2.448900e+08
53,17,1.000000000e-04,-1.154403189e+09,346.908300,346.684500,0.004788,6.921285402e-06,2.451258e+08
53,18,1.000000000e-04,1.153126226e+09,346.684500,346.377500,0.004777,6.921285402e-06,2.454947e+08
53,19,1.000000000e-04,5.234991014e+08,346.377500,346.017500,0.000985,6.921285402e-06,2.459628e+08
53,20,1.000000000e-04,-5.254401209e+08,346.017500,345.634500,0.000992,6.921285402e-06,2.464792e+08
53,21,1.000000000e-04,-1.155618427e+09,345.634500,345.265500,0.004798,6.921285402e-06,2.469973e+08
53,22,1.000000000e-04,1.148601649e+09,345.265500,344.937800,0.004740,6.921285402e-06,2.474815e+08
53,23,1.000000000e-04,5.182945445e+08,344.937800,344.657800,0.000965,6.921285402e-06,2.479084e+08
53,24,1.000000000e-04,-5.314036926e+08,344.657800,344.420000,0.001015,6.921285402e-06,2.482682e+08
53,25,1.000000000e-04,-1.165435030e+09,344.420000,344.224600,0.004880,6.921285402e-06,2.485647e+08
53,26,1.000000000e-04,1.116440179e+09,344.224600,344.054100,0.004478,6.921285402e-06,2.488194e+08
53,27,1.000000000e-04,4.814922507e+08,344.054100,343.911900,0.000833,6.921285402e-06,2.490411e+08
53,28,1.000000000e-04,-5.736064503e+08,343.911900,343.781700,0.001182,6.921285402e-06,2.492300e+08
53,29,1.000000000e-04,-1.235237682e+09,343.781700,343.670500,0.005482,6.921285402e-06,2.493927e+08
53,30,1.000000000e-04,1.001180776e+09,343.670500,343.570300,0.003601,6.921285402e-06,2.495418e+08
53,31,1.000000000e-04,4.529440454e+08,343.570300,343.468000,0.000737,6.921285402e-06,2.496860e+08
53,32,1.000000000e-04,-4.944993589e+08,343.468000,343.372000,0.000879,6.921285402e-06,2.498236e+08
53,33,1.000000000e-04,-1.054852992e+09,343.372000,343.285000,0.003998,6.921285402e-06,2.499471e+08
53,34,1.000000000e-04,1.108942567e+09,343.285000,343.191500,0.004418,6.921285402e-06,2.500720e+08
53,35,1.000000000e-04,5.496393465e+08,343.191500,343.108000,0.001085,6.921285402e-06,2.501990e+08
53,36,1.000000000e-04,-3.915803588e+08,343.108000,343.035000,0.000551,6.921285402e-06,2.503085e+08
53,37,1.000000000e-04,-9.036067281e+08,343.035000,342.964000,0.002934,6.921285402e-06,2.504057e+08
53,38,1.000000000e-04,1.543952856e+09,342.964000,342.916000,0.008565,6.921285402e-06,2.504816e+08
53,39,1.000000000e-04,1.019268907e+09,342.916000,342.903000,0.003733,6.921285402e-06,2.505298e+08
54,0,1.000000000e-04,-3.248701944e+08,342.658000,342.677000,0.000379,6.921285402e-06,2.508702e+08
54,1,1.000000000e-04,-4.916044441e+08,342.677000,342.711100,0.000868,6.921285402e-06,2.508327e+08
54,2,1.000000000e-04,2.843101934e+08,342.711100,342.767000,0.000290,6.921285402e-06,2.507709e+08
54,3,1.000000000e-04,1.223161752e+08,342.767000,342.831000,0.000054,6.921285402e-06,2.506878e+08
54,4,1.000000000e-04,-1.764039437e+08,342.831000,342.895000,0.000112,6.921285402e-06,2.505988e+08
54,5,1.000000000e-04,-3.543518167e+08,342.895000,342.966000,0.000451,6.921285402e-06,2.505046e+08
54,6,1.000000000e-04,3.254366288e+08,342.966000,343.032100,0.000381,6.921285402e-06,2.504094e+08
54,7,1.000000000e-04,1.470277600e+08,343.032100,343.103100,0.000078,6.921285402e-06,2.503144e+08
54,8,1.000000000e-04,-1.547683401e+08,343.103100,343.158700,0.000086,6.921285402e-06,2.502264e+08
54,9,1.000000000e-04,-3.353463328e+08,343.158700,343.220500,0.000404,6.921285402e-06,2.501445e+08
54,10,1.000000000e-04,3.312892530e+08,343.220500,343.272000,0.000394,6.921285402e-06,2.500657e+08
54,11,1.000000000e-04,1.506605558e+08,343.272000,343.313000,0.000082,6.921285402e-06,2.500018e+08
54,12,1.000000000e-04,-1.515278636e+08,343.313000,343.355000,0.000082,6.921285402e-06,2.499441e+08
54,13,1.000000000e-04,-3.323992199e+08,343.355000,343.387000,0.000397,6.921285402e-06,2.498923e+08
54,14,1.000000000e-04,3.328046050e+08,343.387000,343.412500,0.000398,6.921285402e-06,2.498524e+08
54,15,1.000000000e-04,1.519186444e+08,343.412500,343.430000,0.000083,6.921285402e-06,2.498229e+08
54,16,1.000000000e-04,-1.502783529e+08,343.430000,343.443900,0.000081,6.921285402e-06,2.498010e+08
54,17,1.000000000e-04,-3.307183744e+08,343.443900,343.449000,0.000393,6.921285402e-06,2.497875e+08
54,18,1.000000000e-04,3.376060251e+08,343.449000,343.449000,0.000410,6.921285402e-06,2.497839e+08
54,19,1.000000000e-04,1.571695560e+08,343.449000,343.449000,0.000089,6.921285402e-06,2.497843e+08
54,20,1.000000000e-04,-1.445685853e+08,343.449000,343.449000,0.000075,6.921285402e-06,2.497843e+08
54,21,1.000000000e-04,-3.214322262e+08,343.449000,343.444100,0.000371,6.921285402e-06,2.497874e+08
54,22,1.000000000e-04,3.706071244e+08,343.444100,343.442000,0.000493,6.921285402e-06,2.497921e+08
54,23,1.000000000e-04,1.945620553e+08,343.442000,343.444700,0.000136,6.921285402e-06,2.497921e+08
54,24,1.000000000e-04,-1.020904727e+08,343.444700,343.455000,0.000037,6.921285402e-06,2.497832e+08
54,25,1.000000000e-04,-2.504674964e+08,343.455000,343.480000,0.000225,6.921285402e-06,2.497584e+08
54,26,1.000000000e-04,6.150452982e+08,343.480000,343.526000,0.001359,6.921285402e-06,2.497077e+08
54,27,1.000000000e-04,4.803438987e+08,343.526000,343.609900,0.000829,6.921285402e-06,2.496181e+08
54,28,1.000000000e-04,2.375856327e+08,343.609900,343.737700,0.000203,6.921285402e-06,2.494717e+08
54,29,1.000000000e-04,3.248760000e+08,343.737700,343.988500,0.000379,6.921285402e-06,2.492083e+08
54,30,1.000000000e-04,1.575909501e+09,343.988500,344.238300,0.008923,6.921285402e-06,2.488502e+08
54,31,1.000000000e-04,7.772112266e+08,344.238300,344.357100,0.002170,6.921285402e-06,2.486021e+08
54,32,1.000000000e-04,-2.796969288e+08,344.357100,344.422000,0.000281,6.921285402e-06,2.484767e+08
54,33,1.000000000e-04,-9.243888008e+08,344.422000,344.438700,0.003070,6.921285402e-06,2.484166e+08
54,34,1.000000000e-04,1.253077500e+09,344.438700,344.435500,0.005641,6.921285402e-06,2.484042e+08
54,35,1.000000000e-04,6.178024147e+08,344.435500,344.417000,0.001371,6.921285402e-06,2.484244e+08
54,36,1.000000000e-04,-3.959875842e+08,344.417000,344.380100,0.000563,6.921285402e-06,2.484638e+08
54,37,1.000000000e-04,-9.630460499e+08,344.380100,344.346000,0.003332,6.921285402e-06,2.485099e+08
54,38,1.000000000e-04,1.638001484e+09,344.346000,344.323000,0.009640,6.921285402e-06,2.485420e+08
54,39,1.000000000e-04,1.069016258e+09,344.323000,344.312000,0.004106,6.921285402e-06,2.485723e+08
55,0,1.000000000e-04,-3.248701944e+08,342.658000,342.677000,0.000379,6.921285402e-06,2.508702e+08
55,1,1.000000000e-04,-4.916044441e+08,342.677000,342.711100,0.000868,6.921285402e-06,2.508327e+08
55,2,1.000000000e-04,2.843101934e+08,342.711100,342.767000,0.000290,6.921285402e-06,2.507709e+08
55,3,1.000000000e-04,1.223161752e+08,342.767000,342.831000,0.000054,6.921285402e-06,2.506878e+08
55,4,1.000000000e-04,-1.764039437e+08,342.831000,342.895000,0.000112,6.921285402e-06,2.505988e+08
55,5,1.000000000e-04,-3.543518167e+08,342.895000,342.966000,0.000451,6.921285402e-06,2.505046e+08
55,6,1.000000000e-04,3.254366288e+08,342.966000,343.032100,0.000381,6.921285402e-06,2.504094e+08
55,7,1.000000000e-04,1.470277600e+08,343.032100,343.103100,0.000078,6.921285402e-06,2.503144e+08
55,8,1.000000000e-04,-1.547683401e+08,343.103100,343.158700,0.000086,6.921285402e-06,2.502264e+08
55,9,1.000000000e-04,-3.353463328e+08,343.158700,343.220500,0.000404,6.921285402e-06,2.501445e+08
55,10,1.000000000e-04,3.312892530e+08,343.220500,343.272000,0.000394,6.921285402e-06,2.500657e+08
55,11,1.000000000e-04,1.506605558e+08,343.272000,343.313000,0.000082,6.921285402e-06,2.500018e+08
55,12,1.000000000e-04,-1.515278636e+08,343.313000,343.355000,0.000082,6.921285402e-06,2.499441e+08
55,13,1.000000000e-04,-3.323992199e+08,343.355000,343.387000,0.000397,6.921285402e-06,2.498923e+08
55,14,1.000000000e-04,3.328046050e+08,343.387000,343.412500,0.000398,6.921285402e-06,2.498524e+08
55,15,1.000000000e-04,1.519186444e+08,343.412500,343.430000,0.000083,6.921285402e-06,2.498229e+08
55,16,1.000000000e-04,-1.502783529e+08,343.430000,343.443900,0.000081,6.921285402e-06,2.498010e+08
55,17,1.000000000e-04,-3.307183744e+08,343.443900,343.449000,0.000393,6.921285402e-06,2.497875e+08
55,18,1.000000000e-04,3.376060251e+08,343.449000,343.449000,0.000410,6.921285402e-06,2.497839e+08
55,19,1.000000000e-04,1.571695560e+08,343.449000,343.450500,0.000089,6.921285402e-06,2.497832e+08
55,20,1.000000000e-04,-1.445685853e+08,343.450500,343.449000,0.000075,6.921285402e-06,2.497833e+08
55,21,1.000000000e-04,-3.214322262e+08,343.449000,343.444100,0.000371,6.921285402e-06,2.497874e+08
55,22,1.000000000e-04,3.706071244e+08,343.444100,343.442000,0.000493,6.921285402e-06,2.497921e+08
55,23,1.000000000e-04,1.945620553e+08,343.442000,343.444700,0.000136,6.921285402e-06,2.497921e+08
55,24,1.000000000e-04,-1.020904727e+08,343.444700,343.455000,0.000037,6.921285402e-06,2.497832e+08
55,25,1.000000000e-04,-2.504674964e+08,343.455000,343.480000,0.000225,6.921285402e-06,2.497584e+08
55,26,1.000000000e-04,6.150452982e+08,343.480000,343.526000,0.001359,6.921285402e-06,2.497077e+08
55,27,1.000000000e-04,4.803438987e+08,343.526000,343.609900,0.000829,6.921285402e-06,2.496181e+08
55,28,1.000000000e-04,2.375856327e+08,343.609900,343.737700,0.000203,6.921285402e-06,2.494717e+08
55,29,1.000000000e-04,3.248760000e+08,343.737700,343.988500,0.000379,6.921285402e-06,2.492083e+08
55,30,1.000000000e-04,1.575909501e+09,343.988500,344.238300,0.008923,6.921285402e-06,2.488502e+08
55,31,1.000000000e-04,7.772112266e+08,344.238300,344.357100,0.002170,6.921285402e-06,2.486021e+08
55,32,1.000000000e-04,-2.796969288e+08,344.357100,344.422000,0.000281,6.921285402e-06,2.484767e+08
55,33,1.000000000e-04,-9.243888008e+08,344.422000,344.438700,0.003070,6.921285402e-06,2.484166e+08
55,34,1.000000000e-04,1.253077500e+09,344.438700,344.435500,0.005641,6.921285402e-06,2.484042e+08
55,35,1.000000000e-04,6.178024147e+08,344.435500,344.417000,0.001371,6.921285402e-06,2.484244e+08
55,36,1.000000000e-04,-3.959875842e+08,344.417000,344.380100,0.000563,6.921285402e-06,2.484638e+08
55,37,1.000000000e-04,-9.630460499e+08,344.380100,344.346000,0.003332,6.921285402e-06,2.485099e+08
55,38,1.000000000e-04,1.638001484e+09,344.346000,344.323000,0.009640,6.921285402e-06,2.485420e+08
55,39,1.000000000e-04,1.069016258e+09,344.323000,344.312000,0.004106,6.921285402e-06,2.485723e+08
56,0,1.000000000e-04,-1.114772170e+09,343.175000,343.199000,0.004465,6.921285402e-06,2.501432e+08
56,1,1.000000000e-04,-1.688576255e+09,343.199000,343.273500,0.010244,6.921285402e-06,2.500678e+08
56,2,1.000000000e-04,9.836962087e+08,343.273500,343.375500,0.003477,6.921285402e-06,2.499533e+08
56,3,1.000000000e-04,4.234755496e+08,343.375500,343.511500,0.000644,6.921285402e-06,2.497913e+08
56,4,1.000000000e-04,-6.066472168e+08,343.511500,343.672500,0.001322,6.921285402e-06,2.495840e+08
56,5,1.000000000e-04,-1.221576956e+09,343.672500,343.847500,0.005361,6.921285402e-06,2.493457e+08
56,6,1.000000000e-04,1.124579449e+09,343.847500,344.051000,0.004544,6.921285402e-06,2.490836e+08
56,7,1.000000000e-04,5.076876621e+08,344.051000,344.267000,0.000926,6.921285402e-06,2.487964e+08
56,8,1.000000000e-04,-5.336686457e+08,344.267000,344.491000,0.001023,6.921285402e-06,2.484905e+08
56,9,1.000000000e-04,-1.157952991e+09,344.491000,344.707500,0.004817,6.921285402e-06,2.481798e+08
56,10,1.000000000e-04,1.144116048e+09,344.707500,344.917000,0.004703,6.921285402e-06,2.478838e+08
56,11,1.000000000e-04,5.195688522e+08,344.917000,345.095000,0.000970,6.921285402e-06,2.476190e+08
56,12,1.000000000e-04,-5.233094492e+08,345.095000,345.234500,0.000984,6.921285402e-06,2.473983e+08
56,13,1.000000000e-04,-1.148918911e+09,345.234500,345.329500,0.004743,6.921285402e-06,2.472308e+08
56,14,1.000000000e-04,1.146805734e+09,345.329500,345.377500,0.004725,6.921285402e-06,2.471315e+08
56,15,1.000000000e-04,5.211572539e+08,345.377500,345.377500,0.000976,6.921285402e-06,2.471026e+08
56,16,1.000000000e-04,-5.219509487e+08,345.377500,345.327000,0.000979,6.921285402e-06,2.471377e+08
56,17,1.000000000e-04,-1.147824559e+09,345.327000,345.231000,0.004734,6.921285402e-06,2.472350e+08
56,18,1.000000000e-04,1.146553314e+09,345.231000,345.098500,0.004723,6.921285402e-06,2.473938e+08
56,19,1.000000000e-04,5.206559888e+08,345.098500,344.937500,0.000974,6.921285402e-06,2.476023e+08
56,20,1.000000000e-04,-5.225910625e+08,344.937500,344.764000,0.000981,6.921285402e-06,2.478348e+08
56,21,1.000000000e-04,-1.149038662e+09,344.764000,344.591500,0.004744,6.921285402e-06,2.480707e+08
56,22,1.000000000e-04,1.142055473e+09,344.591500,344.420000,0.004686,6.921285402e-06,2.483099e+08
56,23,1.000000000e-04,5.154726006e+08,344.420000,344.264500,0.000955,6.921285402e-06,2.485416e+08
56,24,1.000000000e-04,-5.285476295e+08,344.264500,344.125000,0.001004,6.921285402e-06,2.487466e+08
56,25,1.000000000e-04,-1.158854734e+09,344.125000,344.003000,0.004825,6.921285402e-06,2.489238e+08
56,26,1.000000000e-04,1.110031009e+09,344.003000,343.894500,0.004427,6.921285402e-06,2.490844e+08
56,27,1.000000000e-04,4.787605855e+08,343.894500,343.793500,0.000824,6.921285402e-06,2.492344e+08
56,28,1.000000000e-04,-5.707566854e+08,343.793500,343.705500,0.001170,6.921285402e-06,2.493653e+08
56,29,1.000000000e-04,-1.228746005e+09,343.705500,343.620000,0.005424,6.921285402e-06,2.494808e+08
56,30,1.000000000e-04,9.950841994e+08,343.620000,343.540500,0.003558,6.921285402e-06,2.495977e+08
56,31,1.000000000e-04,4.503139818e+08,343.540500,343.465000,0.000729,6.921285402e-06,2.497088e+08
56,32,1.000000000e-04,-4.918379930e+08,343.465000,343.386500,0.000869,6.921285402e-06,2.498157e+08
56,33,1.000000000e-04,-1.048770123e+09,343.386500,343.305500,0.003952,6.921285402e-06,2.499228e+08
56,34,1.000000000e-04,1.102472374e+09,343.305500,343.225000,0.004367,6.921285402e-06,2.500346e+08
56,35,1.000000000e-04,5.466390888e+08,343.225000,343.155000,0.001074,6.921285402e-06,2.501431e+08
56,36,1.000000000e-04,-3.891900778e+08,343.155000,343.082000,0.000544,6.921285402e-06,2.502431e+08
56,37,1.000000000e-04,-8.978704364e+08,343.082000,343.019500,0.002896,6.921285402e-06,2.503345e+08
56,38,1.000000000e-04,1.534448331e+09,343.019500,342.972500,0.008459,6.921285402e-06,2.504039e+08
56,39,1.000000000e-04,1.013324748e+09,342.972500,342.960000,0.003689,6.921285402e-06,2.504510e+08
57,0,1.000000000e-04,-1.114772170e+09,343.175000,343.199000,0.004465,6.921285402e-06,2.501432e+08
57,1,1.000000000e-04,-1.688576255e+09,343.199000,343.273500,0.010244,6.921285402e-06,2.500678e+08
57,2,1.000000000e-04,9.836962087e+08,343.273500,343.379000,0.003477,6.921285402e-06,2.499508e+08
57,3,1.000000000e-04,4.234755496e+08,343.379000,343.511500,0.000644,6.921285402e-06,2.497888e+08
57,4,1.000000000e-04,-6.066472168e+08,343.511500,343.672500,0.001322,6.921285402e-06,2.495840e+08
57,5,1.000000000e-04,-1.221576956e+09,343.672500,343.848000,0.005361,6.921285402e-06,2.493453e+08
57,6,1.000000000e-04,1.124579449e+09,343.848000,344.052500,0.004544,6.921285402e-06,2.490822e+08
57,7,1.000000000e-04,5.076876621e+08,344.052500,344.267000,0.000926,6.921285402e-06,2.487953e+08
57,8,1.000000000e-04,-5.336686457e+08,344.267000,344.491000,0.001023,6.921285402e-06,2.484905e+08
57,9,1.000000000e-04,-1.157952991e+09,344.491000,344.707500,0.004817,6.921285402e-06,2.481798e+08
57,10,1.000000000e-04,1.144116048e+09,344.707500,344.917000,0.004703,6.921285402e-06,2.478838e+08
57,11,1.000000000e-04,5.195688522e+08,344.917000,345.095000,0.000970,6.921285402e-06,2.476190e+08
57,12,1.000000000e-04,-5.233094492e+08,345.095000,345.234500,0.000984,6.921285402e-06,2.473983e+08
57,13,1.000000000e-04,-1.148918911e+09,345.234500,345.329500,0.004743,6.921285402e-06,2.472308e+08
57,14,1.000000000e-04,1.146805734e+09,345.329500,345.377500,0.004725,6.921285402e-06,2.471315e+08
57,15,1.000000000e-04,5.211572539e+08,345.377500,345.377500,0.000976,6.921285402e-06,2.471026e+08
57,16,1.000000000e-04,-5.219509487e+08,345.377500,345.327000,0.000979,6.921285402e-06,2.471377e+08
57,17,1.000000000e-04,-1.147824559e+09,345.327000,345.231000,0.004734,6.921285402e-06,2.472350e+08
57,18,1.000000000e-04,1.146553314e+09,345.231000,345.098500,0.004723,6.921285402e-06,2.473938e+08
57,19,1.000000000e-04,5.206559888e+08,345.098500,344.937500,0.000974,6.921285402e-06,2.476023e+08
57,20,1.000000000e-04,-5.225910625e+08,344.937500,344.764000,0.000981,6.921285402e-06,2.478348e+08
57,21,1.000000000e-04,-1.149038662e+09,344.764000,344.591500,0.004744,6.921285402e-06,2.480707e+08
57,22,1.000000000e-04,1.142055473e+09,344.591500,344.420000,0.004686,6.921285402e-06,2.483099e+08
57,23,1.000000000e-04,5.154726006e+08,344.420000,344.264500,0.000955,6.921285402e-06,2.485416e+08
57,24,1.000000000e-04,-5.285476295e+08,344.264500,344.125000,0.001004,6.921285402e-06,2.487466e+08
57,25,1.000000000e-04,-1.158854734e+09,344.125000,344.003000,0.004825,6.921285402e-06,2.489238e+08
57,26,1.000000000e-04,1.110031009e+09,344.003000,343.894500,0.004427,6.921285402e-06,2.490844e+08
57,27,1.000000000e-04,4.787605855e+08,343.894500,343.793500,0.000824,6.921285402e-06,2.492344e+08
57,28,1.000000000e-04,-5.707566854e+08,343.793500,343.705500,0.001170,6.921285402e-06,2.493653e+08
57,29,1.000000000e-04,-1.228746005e+09,343.705500,343.620000,0.005424,6.921285402e-06,2.494808e+08
57,30,1.000000000e-04,9.950841994e+08,343.620000,343.540500,0.003558,6.921285402e-06,2.495977e+08
57,31,1.000000000e-04,4.503139818e+08,343.540500,343.465000,0.000729,6.921285402e-06,2.497088e+08
57,32,1.000000000e-04,-4.918379930e+08,343.465000,343.386500,0.000869,6.921285402e-06,2.498157e+08
57,33,1.000000000e-04,-1.048770123e+09,343.386500,343.305500,0.003952,6.921285402e-06,2.499228e+08
57,34,1.000000000e-04,1.102472374e+09,343.305500,343.225000,0.004367,6.921285402e-06,2.500346e+08
57,35,1.000000000e-04,5.466390888e+08,343.225000,343.155000,0.001074,6.921285402e-06,2.501431e+08
57,36,1.000000000e-04,-3.891900778e+08,343.155000,343.082000,0.000544,6.921285402e-06,2.502431e+08
57,37,1.000000000e-04,-8.978704364e+08,343.082000,343.019500,0.002896,6.921285402e-06,2.503345e+08
57,38,1.000000000e-04,1.534448331e+09,343.019500,342.972500,0.008459,6.921285402e-06,2.504039e+08
57,39,1.000000000e-04,1.013324748e+09,342.972500,342.960000,0.003689,6.921285402e-06,2.504510e+08
58,0,1.000000000e-04,-1.135498493e+09,342.613000,342.634100,0.004632,6.921285402e-06,2.509262e+08
58,1,1.000000000e-04,-1.765805598e+09,342.634100,342.681000,0.011203,6.921285402e-06,2.508711e+08
58,2,1.000000000e-04,1.066659740e+09,342.681000,342.748000,0.004088,6.921285402e-06,2.508004e+08
58,3,1.000000000e-04,4.400431427e+08,342.748000,342.828900,0.000696,6.921285402e-06,2.507017e+08
58,4,1.000000000e-04,-6.402595153e+08,342.828900,342.924000,0.001473,6.921285402e-06,2.505785e+08
58,5,1.000000000e-04,-1.312291154e+09,342.924000,343.029100,0.006187,6.921285402e-06,2.504337e+08
58,6,1.000000000e-04,1.198374820e+09,343.029100,343.126700,0.005160,6.921285402e-06,2.502940e+08
58,7,1.000000000e-04,5.257430814e+08,343.126700,343.233300,0.000993,6.921285402e-06,2.501571e+08
58,8,1.000000000e-04,-5.608817456e+08,343.233300,343.338100,0.001130,6.921285402e-06,2.500100e+08
58,9,1.000000000e-04,-1.240700578e+09,343.338100,343.431500,0.005531,6.921285402e-06,2.498670e+08
58,10,1.000000000e-04,1.221171269e+09,343.431500,343.512000,0.005358,6.921285402e-06,2.497464e+08
58,11,1.000000000e-04,5.410049998e+08,343.512000,343.592000,0.001052,6.921285402e-06,2.496400e+08
58,12,1.000000000e-04,-5.470987125e+08,343.592000,343.647000,0.001075,6.921285402e-06,2.495461e+08
58,13,1.000000000e-04,-1.228550493e+09,343.647000,343.695000,0.005423,6.921285402e-06,2.494693e+08
58,14,1.000000000e-04,1.225002077e+09,343.695000,343.713000,0.005391,6.921285402e-06,2.494235e+08
58,15,1.000000000e-04,5.434550335e+08,343.713000,343.718000,0.001061,6.921285402e-06,2.494127e+08
58,16,1.000000000e-04,-5.449885393e+08,343.718000,343.710300,0.001067,6.921285402e-06,2.494146e+08
58,17,1.000000000e-04,-1.226865966e+09,343.710300,343.678300,0.005408,6.921285402e-06,2.494369e+08
58,18,1.000000000e-04,1.224609918e+09,343.678300,343.630100,0.005388,6.921285402e-06,2.494927e+08
58,19,1.000000000e-04,5.426655951e+08,343.630100,343.576000,0.001058,6.921285402e-06,2.495690e+08
58,20,1.000000000e-04,-5.460081652e+08,343.576000,343.511000,0.001071,6.921285402e-06,2.496518e+08
58,21,1.000000000e-04,-1.228665470e+09,343.511000,343.437300,0.005424,6.921285402e-06,2.497429e+08
58,22,1.000000000e-04,1.218267331e+09,343.437300,343.360000,0.005332,6.921285402e-06,2.498480e+08
58,23,1.000000000e-04,5.353745351e+08,343.360000,343.279100,0.001030,6.921285402e-06,2.499631e+08
58,24,1.000000000e-04,-5.541988965e+08,343.279100,343.199000,0.001103,6.921285402e-06,2.500749e+08
58,25,1.000000000e-04,-1.241009022e+09,343.199000,343.119000,0.005533,6.921285402e-06,2.501809e+08
58,26,1.000000000e-04,1.180052622e+09,343.119000,343.045300,0.005003,6.921285402e-06,2.502883e+08
58,27,1.000000000e-04,4.924779899e+08,343.045300,342.968000,0.000871,6.921285402e-06,2.503982e+08
58,28,1.000000000e-04,-6.011688498e+08,342.968000,342.888000,0.001298,6.921285402e-06,2.505070e+08
58,29,1.000000000e-04,-1.311742160e+09,342.888000,342.817500,0.006182,6.921285402e-06,2.506058e+08
58,30,1.000000000e-04,1.064742955e+09,342.817500,342.747000,0.004073,6.921285402e-06,2.507063e+08
58,31,1.000000000e-04,4.679493808e+08,342.747000,342.674000,0.000787,6.921285402e-06,2.508100e+08
58,32,1.000000000e-04,-5.159087811e+08,342.674000,342.600000,0.000956,6.921285402e-06,2.509119e+08
58,33,1.000000000e-04,-1.123031524e+09,342.600000,342.527000,0.004531,6.921285402e-06,2.510098e+08
58,34,1.000000000e-04,1.182139666e+09,342.527000,342.462000,0.005021,6.921285402e-06,2.511051e+08
58,35,1.000000000e-04,5.749216875e+08,342.462000,342.398000,0.001188,6.921285402e-06,2.511994e+08
58,36,1.000000000e-04,-4.063222476e+08,342.398000,342.340300,0.000593,6.921285402e-06,2.512847e+08
58,37,1.000000000e-04,-9.750531103e+08,342.340300,342.286000,0.003416,6.921285402e-06,2.513591e+08
58,38,1.000000000e-04,1.604284609e+09,342.286000,342.254000,0.009247,6.921285402e-06,2.514121e+08
58,39,1.000000000e-04,1.032044690e+09,342.254000,342.241000,0.003827,6.921285402e-06,2.514499e+08
59,0,1.000000000e-04,-1.135498493e+09,342.613000,342.634100,0.004632,6.921285402e-06,2.509262e+08
59,1,1.000000000e-04,-1.765805598e+09,342.634100,342.681000,0.011203,6.921285402e-06,2.508711e+08
59,2,1.000000000e-04,1.066659740e+09,342.681000,342.748000,0.004088,6.921285402e-06,2.508004e+08
59,3,1.000000000e-04,4.400431427e+08,342.748000,342.828900,0.000696,6.921285402e-06,2.507017e+08
59,4,1.000000000e-04,-6.402595153e+08,342.828900,342.924000,0.001473,6.921285402e-06,2.505785e+08
59,5,1.000000000e-04,-1.312291154e+09,342.924000,343.029100,0.006187,6.921285402e-06,2.504337e+08
59,6,1.000000000e-04,1.198374820e+09,343.029100,343.126700,0.005160,6.921285402e-06,2.502940e+08
59,7,1.000000000e-04,5.257430814e+08,343.126700,343.233300,0.000993,6.921285402e-06,2.501571e+08
59,8,1.000000000e-04,-5.608817456e+08,343.233300,343.338100,0.001130,6.921285402e-06,2.500100e+08
59,9,1.000000000e-04,-1.240700578e+09,343.338100,343.431500,0.005531,6.921285402e-06,2.498670e+08
59,10,1.000000000e-04,1.221171269e+09,343.431500,343.512000,0.005358,6.921285402e-06,2.497464e+08
59,11,1.000000000e-04,5.410049998e+08,343.512000,343.592000,0.001052,6.921285402e-06,2.496400e+08
59,12,1.000000000e-04,-5.470987125e+08,343.592000,343.647000,0.001075,6.921285402e-06,2.495461e+08
59,13,1.000000000e-04,-1.228550493e+09,343.647000,343.695000,0.005423,6.921285402e-06,2.494693e+08
59,14,1.000000000e-04,1.225002077e+09,343.695000,343.713000,0.005391,6.921285402e-06,2.494235e+08
59,15,1.000000000e-04,5.434550335e+08,343.713000,343.718000,0.001061,6.921285402e-06,2.494127e+08
59,16,1.000000000e-04,-5.449885393e+08,343.718000,343.710300,0.001067,6.921285402e-06,2.494146e+08
59,17,1.000000000e-04,-1.226865966e+09,343.710300,343.678300,0.005408,6.921285402e-06,2.494369e+08
59,18,1.000000000e-04,1.224609918e+09,343.678300,343.630100,0.005388,6.921285402e-06,2.494927e+08
59,19,1.000000000e-04,5.426655951e+08,343.630100,343.576000,0.001058,6.921285402e-06,2.495690e+08
59,20,1.000000000e-04,-5.460081652e+08,343.576000,343.511000,0.001071,6.921285402e-06,2.496518e+08
59,21,1.000000000e-04,-1.228665470e+09,343.511000,343.437300,0.005424,6.921285402e-06,2.497429e+08
59,22,1.000000000e-04,1.218267331e+09,343.437300,343.360000,0.005332,6.921285402e-06,2.498480e+08
59,23,1.000000000e-04,5.353745351e+08,343.360000,343.279100,0.001030,6.921285402e-06,2.499631e+08
59,24,1.000000000e-04,-5.541988965e+08,343.279100,343.199000,0.001103,6.921285402e-06,2.500749e+08
59,25,1.000000000e-04,-1.241009022e+09,343.199000,343.119000,0.005533,6.921285402e-06,2.501809e+08
59,26,1.000000000e-04,1.180052622e+09,343.119000,343.045300,0.005003,6.921285402e-06,2.502883e+08
59,27,1.000000000e-04,4.924779899e+08,343.045300,342.968000,0.000871,6.921285402e-06,2.503982e+08
59,28,1.000000000e-04,-6.011688498e+08,342.968000,342.888000,0.001298,6.921285402e-06,2.505070e+08
59,29,1.000000000e-04,-1.311742160e+09,342.888000,342.817500,0.006182,6.921285402e-06,2.506058e+08
59,30,1.000000000e-04,1.064742955e+09,342.817500,342.747100,0.004073,6.921285402e-06,2.507062e+08
59,31,1.000000000e-04,4.679493808e+08,342.747100,342.674300,0.000787,6.921285402e-06,2.508097e+08
59,32,1.000000000e-04,-5.159087811e+08,342.674300,342.600000,0.000956,6.921285402e-06,2.509117e+08
59,33,1.000000000e-04,-1.123031524e+09,342.600000,342.527000,0.004531,6.921285402e-06,2.510098e+08
59,34,1.000000000e-04,1.182139666e+09,342.527000,342.462000,0.005021,6.921285402e-06,2.511051e+08
59,35,1.000000000e-04,5.749216875e+08,342.462000,342.398000,0.001188,6.921285402e-06,2.511994e+08
59,36,1.000000000e-04,-4.063222476e+08,342.398000,342.340300,0.000593,6.921285402e-06,2.512847e+08
59,37,1.000000000e-04,-9.750531103e+08,342.340300,342.286000,0.003416,6.921285402e-06,2.513591e+08
59,38,1.000000000e-04,1.604284609e+09,342.286000,342.254000,0.009247,6.921285402e-06,2.514121e+08
59,39,1.000000000e-04,1.032044690e+09,342.254000,342.242000,0.003827,6.921285402e-06,2.514492e+08
60,0,1.000000000e-04,-1.107966729e+09,343.025000,343.045300,0.004411,6.921285402e-06,2.503544e+08
60,1,1.000000000e-04,-1.681006306e+09,343.045300,343.103000,0.010153,6.921285402e-06,2.502933e+08
60,2,1.000000000e-04,9.834453368e+08,343.103000,343.186000,0.003475,6.921285402e-06,2.502035e+08
60,3,1.000000000e-04,4.229800939e+08,343.186000,343.291000,0.000643,6.921285402e-06,2.500762e+08
60,4,1.000000000e-04,-6.033117047e+08,343.291000,343.407500,0.001308,6.921285402e-06,2.499215e+08
60,5,1.000000000e-04,-1.217730569e+09,343.407500,343.535300,0.005328,6.921285402e-06,2.497469e+08
60,6,1.000000000e-04,1.121863727e+09,343.535300,343.673000,0.004522,6.921285402e-06,2.495633e+08
60,7,1.000000000e-04,5.056874187e+08,343.673000,343.810900,0.000919,6.921285402e-06,2.493761e+08
60,8,1.000000000e-04,-5.313007693e+08,343.810900,343.943700,0.001014,6.921285402e-06,2.491878e+08
60,9,1.000000000e-04,-1.154742054e+09,343.943700,344.076500,0.004791,6.921285402e-06,2.489987e+08
60,10,1.000000000e-04,1.141040891e+09,344.076500,344.197600,0.004678,6.921285402e-06,2.488224e+08
60,11,1.000000000e-04,5.173663386e+08,344.197600,344.301100,0.000962,6.921285402e-06,2.486708e+08
60,12,1.000000000e-04,-5.210645452e+08,344.301100,344.382900,0.000975,6.921285402e-06,2.485420e+08
60,13,1.000000000e-04,-1.145785748e+09,344.382900,344.449000,0.004717,6.921285402e-06,2.484347e+08
60,14,1.000000000e-04,1.143687178e+09,344.449000,344.479500,0.004699,6.921285402e-06,2.483676e+08
60,15,1.000000000e-04,5.189312533e+08,344.479500,344.492000,0.000968,6.921285402e-06,2.483421e+08
60,16,1.000000000e-04,-5.197186637e+08,344.492000,344.473900,0.000970,6.921285402e-06,2.483460e+08
60,17,1.000000000e-04,-1.144697077e+09,344.473900,344.438000,0.004708,6.921285402e-06,2.483791e+08
60,18,1.000000000e-04,1.143434988e+09,344.438000,344.384600,0.004697,6.921285402e-06,2.484412e+08
60,19,1.000000000e-04,5.184354877e+08,344.384600,344.311500,0.000966,6.921285402e-06,2.485336e+08
60,20,1.000000000e-04,-5.203467085e+08,344.311500,344.226700,0.000973,6.921285402e-06,2.486433e+08
60,21,1.000000000e-04,-1.145888350e+09,344.226700,344.139800,0.004718,6.921285402e-06,2.487581e+08
60,22,1.000000000e-04,1.138977206e+09,344.139800,344.054100,0.004661,6.921285402e-06,2.488782e+08
60,23,1.000000000e-04,5.133109251e+08,344.054100,343.969300,0.000947,6.921285402e-06,2.490011e+08
60,24,1.000000000e-04,-5.262148278e+08,343.969300,343.894500,0.000995,6.921285402e-06,2.491120e+08
60,25,1.000000000e-04,-1.155558613e+09,343.894500,343.820700,0.004798,6.921285402e-06,2.492107e+08
60,26,1.000000000e-04,1.107188889e+09,343.820700,343.754000,0.004404,6.921285402e-06,2.493088e+08
60,27,1.000000000e-04,4.768817842e+08,343.754000,343.699100,0.000817,6.921285402e-06,2.493976e+08
60,28,1.000000000e-04,-5.681032416e+08,343.699100,343.646300,0.001160,6.921285402e-06,2.494721e+08
60,29,1.000000000e-04,-1.225024900e+09,343.646300,343.603500,0.005392,6.921285402e-06,2.495334e+08
60,30,1.000000000e-04,9.928153360e+08,343.603500,343.554400,0.003541,6.921285402e-06,2.495995e+08
60,31,1.000000000e-04,4.485938852e+08,343.554400,343.505100,0.000723,6.921285402e-06,2.496713e+08
60,32,1.000000000e-04,-4.897028271e+08,343.505100,343.451100,0.000862,6.921285402e-06,2.497429e+08
60,33,1.000000000e-04,-1.046068849e+09,343.451100,343.392000,0.003931,6.921285402e-06,2.498178e+08
60,34,1.000000000e-04,1.099113517e+09,343.392000,343.326500,0.004340,6.921285402e-06,2.499039e+08
60,35,1.000000000e-04,5.436871455e+08,343.326500,343.261000,0.001062,6.921285402e-06,2.499989e+08
60,36,1.000000000e-04,-3.886894005e+08,343.261000,343.197000,0.000543,6.921285402e-06,2.500895e+08
60,37,1.000000000e-04,-8.976103014e+08,343.197000,343.143000,0.002895,6.921285402e-06,2.501687e+08
60,38,1.000000000e-04,1.527583727e+09,343.143000,343.097700,0.008384,6.921285402e-06,2.502312e+08
60,39,1.000000000e-04,1.007145227e+09,343.097700,343.085000,0.003644,6.921285402e-06,2.502772e+08
61,0,1.000000000e-04,-1.107966729e+09,343.025000,343.045300,0.004411,6.921285402e-06,2.503544e+08
61,1,1.000000000e-04,-1.681006306e+09,343.045300,343.103000,0.010153,6.921285402e-06,2.502933e+08
61,2,1.000000000e-04,9.834453368e+08,343.103000,343.186000,0.003475,6.921285402e-06,2.502035e+08
61,3,1.000000000e-04,4.229800939e+08,343.186000,343.291000,0.000643,6.921285402e-06,2.500762e+08
61,4,1.000000000e-04,-6.033117047e+08,343.291000,343.407500,0.001308,6.921285402e-06,2.499215e+08
61,5,1.000000000e-04,-1.217730569e+09,343.407500,343.535300,0.005328,6.921285402e-06,2.497469e+08
61,6,1.000000000e-04,1.121863727e+09,343.535300,343.673000,0.004522,6.921285402e-06,2.495633e+08
61,7,1.000000000e-04,5.056874187e+08,343.673000,343.810900,0.000919,6.921285402e-06,2.493761e+08
61,8,1.000000000e-04,-5.313007693e+08,343.810900,343.943700,0.001014,6.921285402e-06,2.491878e+08
61,9,1.000000000e-04,-1.154742054e+09,343.943700,344.076500,0.004791,6.921285402e-06,2.489987e+08
61,10,1.000000000e-04,1.141040891e+09,344.076500,344.197600,0.004678,6.921285402e-06,2.488224e+08
61,11,1.000000000e-04,5.173663386e+08,344.197600,344.301100,0.000962,6.921285402e-06,2.486708e+08
61,12,1.000000000e-04,-5.210645452e+08,344.301100,344.382900,0.000975,6.921285402e-06,2.485420e+08
61,13,1.000000000e-04,-1.145785748e+09,344.382900,344.449000,0.004717,6.921285402e-06,2.484347e+08
61,14,1.000000000e-04,1.143687178e+09,344.449000,344.479500,0.004699,6.921285402e-06,2.483676e+08
61,15,1.000000000e-04,5.189312533e+08,344.479500,344.492000,0.000968,6.921285402e-06,2.483421e+08
61,16,1.000000000e-04,-5.197186637e+08,344.492000,344.473900,0.000970,6.921285402e-06,2.483460e+08
61,17,1.000000000e-04,-1.144697077e+09,344.473900,344.438000,0.004708,6.921285402e-06,2.483791e+08
61,18,1.000000000e-04,1.143434988e+09,344.438000,344.384600,0.004697,6.921285402e-06,2.484412e+08
61,19,1.000000000e-04,5.184354877e+08,344.384600,344.311500,0.000966,6.921285402e-06,2.485336e+08
61,20,1.000000000e-04,-5.203467085e+08,344.311500,344.226700,0.000973,6.921285402e-06,2.486433e+08
61,21,1.000000000e-04,-1.145888350e+09,344.226700,344.141900,0.004718,6.921285402e-06,2.487567e+08
61,22,1.000000000e-04,1.138977206e+09,344.141900,344.054100,0.004661,6.921285402e-06,2.488767e+08
61,23,1.000000000e-04,5.133109251e+08,344.054100,343.969300,0.000947,6.921285402e-06,2.490011e+08
61,24,1.000000000e-04,-5.262148278e+08,343.969300,343.894500,0.000995,6.921285402e-06,2.491120e+08
61,25,1.000000000e-04,-1.155558613e+09,343.894500,343.820700,0.004798,6.921285402e-06,2.492107e+08
61,26,1.000000000e-04,1.107188889e+09,343.820700,343.754000,0.004404,6.921285402e-06,2.493088e+08
61,27,1.000000000e-04,4.768817842e+08,343.754000,343.699100,0.000817,6.921285402e-06,2.493976e+08
61,28,1.000000000e-04,-5.681032416e+08,343.699100,343.646300,0.001160,6.921285402e-06,2.494721e+08
61,29,1.000000000e-04,-1.225024900e+09,343.646300,343.603500,0.005392,6.921285402e-06,2.495334e+08
61,30,1.000000000e-04,9.928153360e+08,343.603500,343.554400,0.003541,6.921285402e-06,2.495995e+08
61,31,1.000000000e-04,4.485938852e+08,343.554400,343.505100,0.000723,6.921285402e-06,2.496713e+08
61,32,1.000000000e-04,-4.897028271e+08,343.505100,343.451100,0.000862,6.921285402e-06,2.497429e+08
61,33,1.000000000e-04,-1.046068849e+09,343.451100,343.392000,0.003931,6.921285402e-06,2.498178e+08
61,34,1.000000000e-04,1.099113517e+09,343.392000,343.326500,0.004340,6.921285402e-06,2.499039e+08
61,35,1.000000000e-04,5.436871455e+08,343.326500,343.261000,0.001062,6.921285402e-06,2.499989e+08
61,36,1.000000000e-04,-3.886894005e+08,343.261000,343.197000,0.000543,6.921285402e-06,2.500895e+08
61,37,1.000000000e-04,-8.976103014e+08,343.197000,343.143000,0.002895,6.921285402e-06,2.501687e+08
61,38,1.000000000e-04,1.527583727e+09,343.143000,343.097700,0.008384,6.921285402e-06,2.502312e+08
61,39,1.000000000e-04,1.007145227e+09,343.097700,343.085000,0.003644,6.921285402e-06,2.502772e+08
62,0,1.000000000e-04,-1.101501368e+09,342.329000,342.340300,0.004359,6.921285402e-06,2.513281e+08
62,1,1.000000000e-04,-1.678783423e+09,342.340300,342.370900,0.010126,6.921285402e-06,2.512921e+08
62,2,1.000000000e-04,1.003709344e+09,342.370900,342.418900,0.003620,6.921285402e-06,2.512453e+08
62,3,1.000000000e-04,4.302644830e+08,342.418900,342.469000,0.000665,6.921285402e-06,2.511806e+08
62,4,1.000000000e-04,-6.067450257e+08,342.469000,342.527000,0.001323,6.921285402e-06,2.511047e+08
62,5,1.000000000e-04,-1.231925408e+09,342.527000,342.585000,0.005453,6.921285402e-06,2.510191e+08
62,6,1.000000000e-04,1.135164793e+09,342.585000,342.635100,0.004630,6.921285402e-06,2.509450e+08
62,7,1.000000000e-04,5.094014011e+08,342.635100,342.691000,0.000932,6.921285402e-06,2.508757e+08
62,8,1.000000000e-04,-5.358580394e+08,342.691000,342.739000,0.001032,6.921285402e-06,2.508034e+08
62,9,1.000000000e-04,-1.168397636e+09,342.739000,342.783500,0.004905,6.921285402e-06,2.507345e+08
62,10,1.000000000e-04,1.153214105e+09,342.783500,342.827000,0.004778,6.921285402e-06,2.506735e+08
62,11,1.000000000e-04,5.208378061e+08,342.827000,342.859000,0.000975,6.921285402e-06,2.506256e+08
62,12,1.000000000e-04,-5.250212210e+08,342.859000,342.891000,0.000990,6.921285402e-06,2.505811e+08
62,13,1.000000000e-04,-1.158433553e+09,342.891000,342.916700,0.004821,6.921285402e-06,2.505364e+08
62,14,1.000000000e-04,1.155822231e+09,342.916700,342.940000,0.004800,6.921285402e-06,2.505023e+08
62,15,1.000000000e-04,5.224592309e+08,342.940000,342.956000,0.000981,6.921285402e-06,2.504796e+08
62,16,1.000000000e-04,-5.234490377e+08,342.956000,342.972000,0.000984,6.921285402e-06,2.504574e+08
62,17,1.000000000e-04,-1.157053003e+09,342.972000,342.988000,0.004810,6.921285402e-06,2.504305e+08
62,18,1.000000000e-04,1.155427865e+09,342.988000,342.995000,0.004796,6.921285402e-06,2.504146e+08
62,19,1.000000000e-04,5.218588943e+08,342.995000,343.005000,0.000978,6.921285402e-06,2.504073e+08
62,20,1.000000000e-04,-5.240692321e+08,343.005000,343.012300,0.000987,6.921285402e-06,2.503953e+08
62,21,1.000000000e-04,-1.158179634e+09,343.012300,343.019900,0.004819,6.921285402e-06,2.503803e+08
62,22,1.000000000e-04,1.150376510e+09,343.019900,343.035000,0.004755,6.921285402e-06,2.503647e+08
62,23,1.000000000e-04,5.163899616e+08,343.035000,343.051000,0.000958,6.921285402e-06,2.503476e+08
62,24,1.000000000e-04,-5.297466619e+08,343.051000,343.082000,0.001008,6.921285402e-06,2.503149e+08
62,25,1.000000000e-04,-1.167079221e+09,343.082000,343.126000,0.004894,6.921285402e-06,2.502581e+08
62,26,1.000000000e-04,1.118242601e+09,343.126000,343.197000,0.004493,6.921285402e-06,2.501786e+08
62,27,1.000000000e-04,4.811505842e+08,343.197000,343.303900,0.000832,6.921285402e-06,2.500594e+08
62,28,1.000000000e-04,-5.676959882e+08,343.303900,343.458300,0.001158,6.921285402e-06,2.498774e+08
62,29,1.000000000e-04,-1.228062258e+09,343.458300,343.680500,0.005418,6.921285402e-06,2.496105e+08
62,30,1.000000000e-04,1.011001916e+09,343.680500,343.899700,0.003672,6.921285402e-06,2.493059e+08
62,31,1.000000000e-04,4.550253977e+08,343.899700,344.047100,0.000744,6.921285402e-06,2.490546e+08
62,32,1.000000000e-04,-4.932816779e+08,344.047100,344.135000,0.000874,6.921285402e-06,2.488909e+08
62,33,1.000000000e-04,-1.059656463e+09,344.135000,344.174000,0.004034,6.921285402e-06,2.487989e+08
62,34,1.000000000e-04,1.112408849e+09,344.174000,344.193000,0.004446,6.921285402e-06,2.487581e+08
62,35,1.000000000e-04,5.468055074e+08,344.193000,344.184700,0.001074,6.921285402e-06,2.487547e+08
62,36,1.000000000e-04,-3.957770637e+08,344.184700,344.166000,0.000563,6.921285402e-06,2.487741e+08
62,37,1.000000000e-04,-9.166920264e+08,344.166000,344.137900,0.003019,6.921285402e-06,2.488037e+08
62,38,1.000000000e-04,1.525701895e+09,344.137900,344.114300,0.008363,6.921285402e-06,2.488332e+08
62,39,1.000000000e-04,1.001380957e+09,344.114300,344.106000,0.003603,6.921285402e-06,2.488611e+08
63,0,1.000000000e-04,-1.101501368e+09,342.329000,342.340300,0.004359,6.921285402e-06,2.513281e+08
63,1,1.000000000e-04,-1.678783423e+09,342.340300,342.370900,0.010126,6.921285402e-06,2.512921e+08
63,2,1.000000000e-04,1.003709344e+09,342.370900,342.418900,0.003620,6.921285402e-06,2.512453e+08
63,3,1.000000000e-04,4.302644830e+08,342.418900,342.469000,0.000665,6.921285402e-06,2.511806e+08
63,4,1.000000000e-04,-6.067450257e+08,342.469000,342.527000,0.001323,6.921285402e-06,2.511047e+08
63,5,1.000000000e-04,-1.231925408e+09,342.527000,342.585000,0.005453,6.921285402e-06,2.510191e+08
63,6,1.000000000e-04,1.135164793e+09,342.585000,342.635100,0.004630,6.921285402e-06,2.509450e+08
63,7,1.000000000e-04,5.094014011e+08,342.635100,342.691000,0.000932,6.921285402e-06,2.508757e+08
63,8,1.000000000e-04,-5.358580394e+08,342.691000,342.739000,0.001032,6.921285402e-06,2.508034e+08
63,9,1.000000000e-04,-1.168397636e+09,342.739000,342.783500,0.004905,6.921285402e-06,2.507345e+08
63,10,1.000000000e-04,1.153214105e+09,342.783500,342.824300,0.004778,6.921285402e-06,2.506754e+08
63,11,1.000000000e-04,5.208378061e+08,342.824300,342.859000,0.000975,6.921285402e-06,2.506274e+08
63,12,1.000000000e-04,-5.250212210e+08,342.859000,342.891000,0.000990,6.921285402e-06,2.505811e+08
63,13,1.000000000e-04,-1.158433553e+09,342.891000,342.916700,0.004821,6.921285402e-06,2.505364e+08
63,14,1.000000000e-04,1.155822231e+09,342.916700,342.940000,0.004800,6.921285402e-06,2.505023e+08
63,15,1.000000000e-04,5.224592309e+08,342.940000,342.956000,0.000981,6.921285402e-06,2.504796e+08
63,16,1.000000000e-04,-5.234490377e+08,342.956000,342.972000,0.000984,6.921285402e-06,2.504574e+08
63,17,1.000000000e-04,-1.157053003e+09,342.972000,342.988000,0.004810,6.921285402e-06,2.504305e+08
63,18,1.000000000e-04,1.155427865e+09,342.988000,342.995000,0.004796,6.921285402e-06,2.504146e+08
63,19,1.000000000e-04,5.218588943e+08,342.995000,343.005000,0.000978,6.921285402e-06,2.504073e+08
63,20,1.000000000e-04,-5.240692321e+08,343.005000,343.012300,0.000987,6.921285402e-06,2.503953e+08
63,21,1.000000000e-04,-1.158179634e+09,343.012300,343.019900,0.004819,6.921285402e-06,2.503803e+08
63,22,1.000000000e-04,1.150376510e+09,343.019900,343.035000,0.004755,6.921285402e-06,2.503647e+08
63,23,1.000000000e-04,5.163899616e+08,343.035000,343.051000,0.000958,6.921285402e-06,2.503476e+08
63,24,1.000000000e-04,-5.297466619e+08,343.051000,343.082000,0.001008,6.921285402e-06,2.503149e+08
63,25,1.000000000e-04,-1.167079221e+09,343.082000,343.126000,0.004894,6.921285402e-06,2.502581e+08
63,26,1.000000000e-04,1.118242601e+09,343.126000,343.197000,0.004493,6.921285402e-06,2.501786e+08
63,27,1.000000000e-04,4.811505842e+08,343.197000,343.303900,0.000832,6.921285402e-06,2.500594e+08
63,28,1.000000000e-04,-5.676959882e+08,343.303900,343.458300,0.001158,6.921285402e-06,2.498774e+08
63,29,1.000000000e-04,-1.228062258e+09,343.458300,343.680500,0.005418,6.921285402e-06,2.496105e+08
63,30,1.000000000e-04,1.011001916e+09,343.680500,343.899700,0.003672,6.921285402e-06,2.493059e+08
63,31,1.000000000e-04,4.550253977e+08,343.899700,344.047100,0.000744,6.921285402e-06,2.490546e+08
63,32,1.000000000e-04,-4.932816779e+08,344.047100,344.135000,0.000874,6.921285402e-06,2.488909e+08
63,33,1.000000000e-04,-1.059656463e+09,344.135000,344.174000,0.004034,6.921285402e-06,2.487989e+08
63,34,1.000000000e-04,1.112408849e+09,344.174000,344.193000,0.004446,6.921285402e-06,2.487581e+08
63,35,1.000000000e-04,5.468055074e+08,344.193000,344.184700,0.001074,6.921285402e-06,2.487547e+08
63,36,1.000000000e-04,-3.957770637e+08,344.184700,344.166000,0.000563,6.921285402e-06,2.487741e+08
63,37,1.000000000e-04,-9.166920264e+08,344.166000,344.137900,0.003019,6.921285402e-06,2.488037e+08
63,38,1.000000000e-04,1.525701895e+09,344.137900,344.114300,0.008363,6.921285402e-06,2.488332e+08
63,39,1.000000000e-04,1.001380957e+09,344.114300,344.106000,0.003603,6.921285402e-06,2.488611e+08
64,0,1.000000000e-04,-1.073232977e+09,342.875000,342.888000,0.004138,6.921285402e-06,2.505683e+08
64,1,1.000000000e-04,-1.623273876e+09,342.888000,342.943000,0.009467,6.921285402e-06,2.505146e+08
64,2,1.000000000e-04,9.392609072e+08,342.943000,343.010300,0.003170,6.921285402e-06,2.504372e+08
64,3,1.000000000e-04,4.044000209e+08,343.010300,343.100000,0.000588,6.921285402e-06,2.503311e+08
64,4,1.000000000e-04,-5.830271945e+08,343.100000,343.196000,0.001221,6.921285402e-06,2.502013e+08
64,5,1.000000000e-04,-1.170766624e+09,343.196000,343.293000,0.004925,6.921285402e-06,2.500627e+08
64,6,1.000000000e-04,1.075878718e+09,343.293000,343.389700,0.004159,6.921285402e-06,2.499290e+08
64,7,1.000000000e-04,4.863347562e+08,343.389700,343.487000,0.000850,6.921285402e-06,2.497982e+08
64,8,1.000000000e-04,-5.118019612e+08,343.487000,343.583900,0.000941,6.921285402e-06,2.496631e+08
64,9,1.000000000e-04,-1.108562211e+09,343.583900,343.675500,0.004415,6.921285402e-06,2.495279e+08
64,10,1.000000000e-04,1.094953740e+09,343.675500,343.755100,0.004308,6.921285402e-06,2.494091e+08
64,11,1.000000000e-04,4.979539936e+08,343.755100,343.820700,0.000891,6.921285402e-06,2.493123e+08
64,12,1.000000000e-04,-5.016399327e+08,343.820700,343.882000,0.000904,6.921285402e-06,2.492240e+08
64,13,1.000000000e-04,-1.099680579e+09,343.882000,343.930000,0.004345,6.921285402e-06,2.491440e+08
64,14,1.000000000e-04,1.097585921e+09,343.930000,343.958500,0.004328,6.921285402e-06,2.490908e+08
64,15,1.000000000e-04,4.995118575e+08,343.958500,343.973000,0.000896,6.921285402e-06,2.490650e+08
64,16,1.000000000e-04,-5.002989154e+08,343.973000,343.973000,0.000899,6.921285402e-06,2.490550e+08
64,17,1.000000000e-04,-1.098594168e+09,343.973000,343.959700,0.004336,6.921285402e-06,2.490601e+08
64,18,1.000000000e-04,1.097335481e+09,343.959700,343.942100,0.004326,6.921285402e-06,2.490816e+08
64,19,1.000000000e-04,4.990201490e+08,343.942100,343.910500,0.000895,6.921285402e-06,2.491199e+08
64,20,1.000000000e-04,-5.009211802e+08,343.910500,343.867900,0.000902,6.921285402e-06,2.491714e+08
64,21,1.000000000e-04,-1.099774005e+09,343.867900,343.828000,0.004346,6.921285402e-06,2.492246e+08
64,22,1.000000000e-04,1.092939188e+09,343.828000,343.781700,0.004292,6.921285402e-06,2.492846e+08
64,23,1.000000000e-04,4.939562098e+08,343.781700,343.740000,0.000877,6.921285402e-06,2.493499e+08
64,24,1.000000000e-04,-5.067420129e+08,343.740000,343.705500,0.000923,6.921285402e-06,2.494028e+08
64,25,1.000000000e-04,-1.109366903e+09,343.705500,343.672000,0.004422,6.921285402e-06,2.494458e+08
64,26,1.000000000e-04,1.061771821e+09,343.672000,343.646300,0.004050,6.921285402e-06,2.494874e+08
64,27,1.000000000e-04,4.580792693e+08,343.646300,343.641700,0.000754,6.921285402e-06,2.495124e+08
64,28,1.000000000e-04,-5.483473243e+08,343.641700,343.640100,0.001080,6.921285402e-06,2.495164e+08
64,29,1.000000000e-04,-1.178654429e+09,343.640100,343.657000,0.004991,6.921285402e-06,2.495010e+08
64,30,1.000000000e-04,9.513906375e+08,343.657000,343.673900,0.003252,6.921285402e-06,2.494796e+08
64,31,1.000000000e-04,4.311943612e+08,343.673900,343.666000,0.000668,6.921285402e-06,2.494765e+08
64,32,1.000000000e-04,-4.716786744e+08,343.666000,343.645700,0.000799,6.921285402e-06,2.494959e+08
64,33,1.000000000e-04,-1.003813853e+09,343.645700,343.613000,0.003620,6.921285402e-06,2.495294e+08
64,34,1.000000000e-04,1.056483199e+09,343.613000,343.565000,0.004010,6.921285402e-06,2.495850e+08
64,35,1.000000000e-04,5.252831563e+08,343.565000,343.515100,0.000991,6.921285402e-06,2.496566e+08
64,36,1.000000000e-04,-3.717578394e+08,343.515100,343.458300,0.000497,6.921285402e-06,2.497314e+08
64,37,1.000000000e-04,-8.574044876e+08,343.458300,343.410000,0.002641,6.921285402e-06,2.498019e+08
64,38,1.000000000e-04,1.475110361e+09,343.410000,343.371000,0.007818,6.921285402e-06,2.498563e+08
64,39,1.000000000e-04,9.755735377e+08,343.371000,343.359000,0.003419,6.921285402e-06,2.498971e+08
65,0,1.000000000e-04,-1.073232977e+09,342.875000,342.888000,0.004138,6.921285402e-06,2.505683e+08
65,1,1.000000000e-04,-1.623273876e+09,342.888000,342.943000,0.009467,6.921285402e-06,2.505146e+08
65,2,1.000000000e-04,9.392609072e+08,342.943000,343.011000,0.003170,6.921285402e-06,2.504367e+08
65,3,1.000000000e-04,4.044000209e+08,343.011000,343.100000,0.000588,6.921285402e-06,2.503307e+08
65,4,1.000000000e-04,-5.830271945e+08,343.100000,343.196000,0.001221,6.921285402e-06,2.502013e+08
65,5,1.000000000e-04,-1.170766624e+09,343.196000,343.293000,0.004925,6.921285402e-06,2.500627e+08
65,6,1.000000000e-04,1.075878718e+09,343.293000,343.389700,0.004159,6.921285402e-06,2.499290e+08
65,7,1.000000000e-04,4.863347562e+08,343.389700,343.487000,0.000850,6.921285402e-06,2.497982e+08
65,8,1.000000000e-04,-5.118019612e+08,343.487000,343.583900,0.000941,6.921285402e-06,2.496631e+08
65,9,1.000000000e-04,-1.108562211e+09,343.583900,343.675500,0.004415,6.921285402e-06,2.495279e+08
65,10,1.000000000e-04,1.094953740e+09,343.675500,343.755100,0.004308,6.921285402e-06,2.494091e+08
65,11,1.000000000e-04,4.979539936e+08,343.755100,343.820700,0.000891,6.921285402e-06,2.493123e+08
65,12,1.000000000e-04,-5.016399327e+08,343.820700,343.882000,0.000904,6.921285402e-06,2.492240e+08
65,13,1.000000000e-04,-1.099680579e+09,343.882000,343.930000,0.004345,6.921285402e-06,2.491440e+08
65,14,1.000000000e-04,1.097585921e+09,343.930000,343.958500,0.004328,6.921285402e-06,2.490908e+08
65,15,1.000000000e-04,4.995118575e+08,343.958500,343.973100,0.000896,6.921285402e-06,2.490650e+08
65,16,1.000000000e-04,-5.002989154e+08,343.973100,343.973300,0.000899,6.921285402e-06,2.490547e+08
65,17,1.000000000e-04,-1.098594168e+09,343.973300,343.959700,0.004336,6.921285402e-06,2.490599e+08
65,18,1.000000000e-04,1.097335481e+09,343.959700,343.942100,0.004326,6.921285402e-06,2.490816e+08
65,19,1.000000000e-04,4.990201490e+08,343.942100,343.910500,0.000895,6.921285402e-06,2.491199e+08
65,20,1.000000000e-04,-5.009211802e+08,343.910500,343.867900,0.000902,6.921285402e-06,2.491714e+08
65,21,1.000000000e-04,-1.099774005e+09,343.867900,343.828000,0.004346,6.921285402e-06,2.492246e+08
65,22,1.000000000e-04,1.092939188e+09,343.828000,343.781700,0.004292,6.921285402e-06,2.492846e+08
65,23,1.000000000e-04,4.939562098e+08,343.781700,343.740000,0.000877,6.921285402e-06,2.493499e+08
65,24,1.000000000e-04,-5.067420129e+08,343.740000,343.705500,0.000923,6.921285402e-06,2.494028e+08
65,25,1.000000000e-04,-1.109366903e+09,343.705500,343.672000,0.004422,6.921285402e-06,2.494458e+08
65,26,1.000000000e-04,1.061771821e+09,343.672000,343.646300,0.004050,6.921285402e-06,2.494874e+08
65,27,1.000000000e-04,4.580792693e+08,343.646300,343.641700,0.000754,6.921285402e-06,2.495124e+08
65,28,1.000000000e-04,-5.483473243e+08,343.641700,343.640100,0.001080,6.921285402e-06,2.495164e+08
65,29,1.000000000e-04,-1.178654429e+09,343.640100,343.657000,0.004991,6.921285402e-06,2.495010e+08
65,30,1.000000000e-04,9.513906375e+08,343.657000,343.673900,0.003252,6.921285402e-06,2.494796e+08
65,31,1.000000000e-04,4.311943612e+08,343.673900,343.666000,0.000668,6.921285402e-06,2.494765e+08
65,32,1.000000000e-04,-4.716786744e+08,343.666000,343.645700,0.000799,6.921285402e-06,2.494959e+08
65,33,1.000000000e-04,-1.003813853e+09,343.645700,343.613000,0.003620,6.921285402e-06,2.495294e+08
65,34,1.000000000e-04,1.056483199e+09,343.613000,343.565000,0.004010,6.921285402e-06,2.495850e+08
65,35,1.000000000e-04,5.252831563e+08,343.565000,343.515100,0.000991,6.921285402e-06,2.496566e+08
65,36,1.000000000e-04,-3.717578394e+08,343.515100,343.458300,0.000497,6.921285402e-06,2.497314e+08
65,37,1.000000000e-04,-8.574044876e+08,343.458300,343.410000,0.002641,6.921285402e-06,2.498019e+08
65,38,1.000000000e-04,1.475110361e+09,343.410000,343.371000,0.007818,6.921285402e-06,2.498563e+08
65,39,1.000000000e-04,9.755735377e+08,343.371000,343.359000,0.003419,6.921285402e-06,2.498971e+08
66,0,1.000000000e-04,-1.065076010e+09,342.726000,342.747100,0.004076,6.921285402e-06,2.507698e+08
66,1,1.000000000e-04,-1.614295354e+09,342.747100,342.787000,0.009363,6.921285402e-06,2.507211e+08
66,2,1.000000000e-04,9.385560701e+08,342.787000,342.850000,0.003165,6.921285402e-06,2.506570e+08
66,3,1.000000000e-04,4.035100383e+08,342.850000,342.921000,0.000585,6.921285402e-06,2.505670e+08
66,4,1.000000000e-04,-5.790509602e+08,342.921000,343.000000,0.001205,6.921285402e-06,2.504620e+08
66,5,1.000000000e-04,-1.166105726e+09,343.000000,343.079000,0.004886,6.921285402e-06,2.503477e+08
66,6,1.000000000e-04,1.072314449e+09,343.079000,343.159000,0.004131,6.921285402e-06,2.502381e+08
66,7,1.000000000e-04,4.837257936e+08,343.159000,343.238700,0.000841,6.921285402e-06,2.501311e+08
66,8,1.000000000e-04,-5.088785136e+08,343.238700,343.317100,0.000930,6.921285402e-06,2.500211e+08
66,9,1.000000000e-04,-1.104555338e+09,343.317100,343.382000,0.004383,6.921285402e-06,2.499174e+08
66,10,1.000000000e-04,1.091019331e+09,343.382000,343.445900,0.004277,6.921285402e-06,2.498280e+08
66,11,1.000000000e-04,4.951443085e+08,343.445900,343.502000,0.000881,6.921285402e-06,2.497487e+08
66,12,1.000000000e-04,-4.988220303e+08,343.502000,343.547000,0.000894,6.921285402e-06,2.496784e+08
66,13,1.000000000e-04,-1.095728116e+09,343.547000,343.579000,0.004314,6.921285402e-06,2.496208e+08
66,14,1.000000000e-04,1.093621023e+09,343.579000,343.606000,0.004297,6.921285402e-06,2.495798e+08
66,15,1.000000000e-04,4.966876752e+08,343.606000,343.631000,0.000886,6.921285402e-06,2.495477e+08
66,16,1.000000000e-04,-4.974841008e+08,343.631000,343.638000,0.000889,6.921285402e-06,2.495255e+08
66,17,1.000000000e-04,-1.094639024e+09,343.638000,343.638300,0.004305,6.921285402e-06,2.495163e+08
66,18,1.000000000e-04,1.093373661e+09,343.638300,343.632000,0.004295,6.921285402e-06,2.495205e+08
66,19,1.000000000e-04,4.962043172e+08,343.632000,343.617500,0.000885,6.921285402e-06,2.495390e+08
66,20,1.000000000e-04,-4.980866546e+08,343.617500,343.602000,0.000891,6.921285402e-06,2.495599e+08
66,21,1.000000000e-04,-1.095780775e+09,343.602000,343.586000,0.004314,6.921285402e-06,2.495777e+08
66,22,1.000000000e-04,1.089046310e+09,343.586000,343.570300,0.004261,6.921285402e-06,2.495998e+08
66,23,1.000000000e-04,4.912701221e+08,343.570300,343.555000,0.000867,6.921285402e-06,2.496254e+08
66,24,1.000000000e-04,-5.036608248e+08,343.555000,343.540500,0.000911,6.921285402e-06,2.496460e+08
66,25,1.000000000e-04,-1.104903525e+09,343.540500,343.537000,0.004386,6.921285402e-06,2.496544e+08
66,26,1.000000000e-04,1.058760686e+09,343.537000,343.554400,0.004027,6.921285402e-06,2.496452e+08
66,27,1.000000000e-04,4.569692185e+08,343.554400,343.597300,0.000750,6.921285402e-06,2.496072e+08
66,28,1.000000000e-04,-5.422915015e+08,343.597300,343.673900,0.001057,6.921285402e-06,2.495238e+08
66,29,1.000000000e-04,-1.168108143e+09,343.673900,343.798000,0.004902,6.921285402e-06,2.493797e+08
66,30,1.000000000e-04,9.512668699e+08,343.798000,343.928200,0.003251,6.921285402e-06,2.492049e+08
66,31,1.000000000e-04,4.303519072e+08,343.928200,343.987700,0.000665,6.921285402e-06,2.490762e+08
66,32,1.000000000e-04,-4.683261950e+08,343.987700,344.017300,0.000788,6.921285402e-06,2.490141e+08
66,33,1.000000000e-04,-1.000025750e+09,344.017300,344.009900,0.003593,6.921285402e-06,2.489953e+08
66,34,1.000000000e-04,1.052540998e+09,344.009900,343.984500,0.003980,6.921285402e-06,2.490176e+08
66,35,1.000000000e-04,5.218221417e+08,343.984500,343.947000,0.000978,6.921285402e-06,2.490649e+08
66,36,1.000000000e-04,-3.708718210e+08,343.947000,343.899700,0.000494,6.921285402e-06,2.491245e+08
66,37,1.000000000e-04,-8.567252278e+08,343.899700,343.861300,0.002637,6.921285402e-06,2.491814e+08
66,38,1.000000000e-04,1.466972057e+09,343.861300,343.823000,0.007732,6.921285402e-06,2.492287e+08
66,39,1.000000000e-04,9.681704635e+08,343.823000,343.811000,0.003368,6.921285402e-06,2.492688e+08
67,0,1.000000000e-04,-1.065076010e+09,342.726000,342.747000,0.004076,6.921285402e-06,2.507699e+08
67,1,1.000000000e-04,-1.614295354e+09,342.747000,342.786700,0.009363,6.921285402e-06,2.507214e+08
67,2,1.000000000e-04,9.385560701e+08,342.786700,342.850000,0.003165,6.921285402e-06,2.506572e+08
67,3,1.000000000e-04,4.035100383e+08,342.850000,342.921000,0.000585,6.921285402e-06,2.505670e+08
67,4,1.000000000e-04,-5.790509602e+08,342.921000,343.000000,0.001205,6.921285402e-06,2.504620e+08
67,5,1.000000000e-04,-1.166105726e+09,343.000000,343.079000,0.004886,6.921285402e-06,2.503477e+08
67,6,1.000000000e-04,1.072314449e+09,343.079000,343.159000,0.004131,6.921285402e-06,2.502381e+08
67,7,1.000000000e-04,4.837257936e+08,343.159000,343.238700,0.000841,6.921285402e-06,2.501311e+08
67,8,1.000000000e-04,-5.088785136e+08,343.238700,343.317100,0.000930,6.921285402e-06,2.500211e+08
67,9,1.000000000e-04,-1.104555338e+09,343.317100,343.382000,0.004383,6.921285402e-06,2.499174e+08
67,10,1.000000000e-04,1.091019331e+09,343.382000,343.445900,0.004277,6.921285402e-06,2.498280e+08
67,11,1.000000000e-04,4.951443085e+08,343.445900,343.502000,0.000881,6.921285402e-06,2.497487e+08
67,12,1.000000000e-04,-4.988220303e+08,343.502000,343.547000,0.000894,6.921285402e-06,2.496784e+08
67,13,1.000000000e-04,-1.095728116e+09,343.547000,343.579000,0.004314,6.921285402e-06,2.496208e+08
67,14,1.000000000e-04,1.093621023e+09,343.579000,343.606000,0.004297,6.921285402e-06,2.495798e+08
67,15,1.000000000e-04,4.966876752e+08,343.606000,343.622900,0.000886,6.921285402e-06,2.495534e+08
67,16,1.000000000e-04,-4.974841008e+08,343.622900,343.638000,0.000889,6.921285402e-06,2.495311e+08
67,17,1.000000000e-04,-1.094639024e+09,343.638000,343.638300,0.004305,6.921285402e-06,2.495163e+08
67,18,1.000000000e-04,1.093373661e+09,343.638300,343.632000,0.004295,6.921285402e-06,2.495205e+08
67,19,1.000000000e-04,4.962043172e+08,343.632000,343.617500,0.000885,6.921285402e-06,2.495390e+08
67,20,1.000000000e-04,-4.980866546e+08,343.617500,343.602000,0.000891,6.921285402e-06,2.495599e+08
67,21,1.000000000e-04,-1.095780775e+09,343.602000,343.586000,0.004314,6.921285402e-06,2.495777e+08
67,22,1.000000000e-04,1.089046310e+09,343.586000,343.570300,0.004261,6.921285402e-06,2.495998e+08
67,23,1.000000000e-04,4.912701221e+08,343.570300,343.555000,0.000867,6.921285402e-06,2.496254e+08
67,24,1.000000000e-04,-5.036608248e+08,343.555000,343.540500,0.000911,6.921285402e-06,2.496460e+08
67,25,1.000000000e-04,-1.104903525e+09,343.540500,343.537000,0.004386,6.921285402e-06,2.496544e+08
67,26,1.000000000e-04,1.058760686e+09,343.537000,343.554400,0.004027,6.921285402e-06,2.496452e+08
67,27,1.000000000e-04,4.569692185e+08,343.554400,343.597300,0.000750,6.921285402e-06,2.496072e+08
67,28,1.000000000e-04,-5.422915015e+08,343.597300,343.673900,0.001057,6.921285402e-06,2.495238e+08
67,29,1.000000000e-04,-1.168108143e+09,343.673900,343.798000,0.004902,6.921285402e-06,2.493797e+08
67,30,1.000000000e-04,9.512668699e+08,343.798000,343.928200,0.003251,6.921285402e-06,2.492049e+08
67,31,1.000000000e-04,4.303519072e+08,343.928200,343.987700,0.000665,6.921285402e-06,2.490762e+08
67,32,1.000000000e-04,-4.683261950e+08,343.987700,344.017300,0.000788,6.921285402e-06,2.490141e+08
67,33,1.000000000e-04,-1.000025750e+09,344.017300,344.009900,0.003593,6.921285402e-06,2.489953e+08
67,34,1.000000000e-04,1.052540998e+09,344.009900,343.984500,0.003980,6.921285402e-06,2.490176e+08
67,35,1.000000000e-04,5.218221417e+08,343.984500,343.947000,0.000978,6.921285402e-06,2.490649e+08
67,36,1.000000000e-04,-3.708718210e+08,343.947000,343.899700,0.000494,6.921285402e-06,2.491245e+08
67,37,1.000000000e-04,-8.567252278e+08,343.899700,343.861300,0.002637,6.921285402e-06,2.491814e+08
67,38,1.000000000e-04,1.466972057e+09,343.861300,343.823000,0.007732,6.921285402e-06,2.492287e+08
67,39,1.000000000e-04,9.681704635e+08,343.823000,343.811000,0.003368,6.921285402e-06,2.492688e+08
68,0,1.000000000e-04,-1.049988272e+09,342.588000,342.600000,0.003961,6.921285402e-06,2.509681e+08
68,1,1.000000000e-04,-1.588878447e+09,342.600000,342.639000,0.009070,6.921285402e-06,2.509265e+08
68,2,1.000000000e-04,9.188879887e+08,342.639000,342.697000,0.003034,6.921285402e-06,2.508663e+08
68,3,1.000000000e-04,3.953186321e+08,342.697000,342.761000,0.000561,6.921285402e-06,2.507845e+08
68,4,1.000000000e-04,-5.701521469e+08,342.761000,342.828500,0.001168,6.921285402e-06,2.506924e+08
68,5,1.000000000e-04,-1.145289978e+09,342.828500,342.899000,0.004713,6.921285402e-06,2.505922e+08
68,6,1.000000000e-04,1.051755356e+09,342.899000,342.967900,0.003974,6.921285402e-06,2.504962e+08
68,7,1.000000000e-04,4.751293962e+08,342.967900,343.034000,0.000811,6.921285402e-06,2.504062e+08
68,8,1.000000000e-04,-5.002841202e+08,343.034000,343.095300,0.000899,6.921285402e-06,2.503176e+08
68,9,1.000000000e-04,-1.083956174e+09,343.095300,343.150500,0.004221,6.921285402e-06,2.502326e+08
68,10,1.000000000e-04,1.070319790e+09,343.150500,343.202000,0.004116,6.921285402e-06,2.501586e+08
68,11,1.000000000e-04,4.864930787e+08,343.202000,343.250000,0.000850,6.921285402e-06,2.500933e+08
68,12,1.000000000e-04,-4.902017343e+08,343.250000,343.285000,0.000863,6.921285402e-06,2.500356e+08
68,13,1.000000000e-04,-1.075051778e+09,343.285000,343.317000,0.004152,6.921285402e-06,2.499851e+08
68,14,1.000000000e-04,1.072890382e+09,343.317000,343.344000,0.004136,6.921285402e-06,2.499442e+08
68,15,1.000000000e-04,4.880284282e+08,343.344000,343.360000,0.000856,6.921285402e-06,2.499182e+08
68,16,1.000000000e-04,-4.888412236e+08,343.360000,343.376000,0.000859,6.921285402e-06,2.498960e+08
68,17,1.000000000e-04,-1.073923610e+09,343.376000,343.382000,0.004144,6.921285402e-06,2.498767e+08
68,18,1.000000000e-04,1.072618903e+09,343.382000,343.389000,0.004134,6.921285402e-06,2.498677e+08
68,19,1.000000000e-04,4.875330727e+08,343.389000,343.385500,0.000854,6.921285402e-06,2.498692e+08
68,20,1.000000000e-04,-4.894336600e+08,343.385500,343.381700,0.000861,6.921285402e-06,2.498743e+08
68,21,1.000000000e-04,-1.075038533e+09,343.381700,343.374100,0.004152,6.921285402e-06,2.498782e+08
68,22,1.000000000e-04,1.068256848e+09,343.374100,343.372000,0.004100,6.921285402e-06,2.498851e+08
68,23,1.000000000e-04,4.825975639e+08,343.372000,343.374700,0.000837,6.921285402e-06,2.498885e+08
68,24,1.000000000e-04,-4.949569643e+08,343.374700,343.386500,0.000880,6.921285402e-06,2.498784e+08
68,25,1.000000000e-04,-1.084037752e+09,343.386500,343.407300,0.004222,6.921285402e-06,2.498518e+08
68,26,1.000000000e-04,1.038309982e+09,343.407300,343.451100,0.003873,6.921285402e-06,2.498073e+08
68,27,1.000000000e-04,4.486630863e+08,343.451100,343.529000,0.000723,6.921285402e-06,2.497265e+08
68,28,1.000000000e-04,-5.333607406e+08,343.529000,343.645700,0.001022,6.921285402e-06,2.495909e+08
68,29,1.000000000e-04,-1.147238480e+09,343.645700,343.833500,0.004729,6.921285402e-06,2.493748e+08
68,30,1.000000000e-04,9.329072324e+08,343.833500,344.017300,0.003127,6.921285402e-06,2.491184e+08
68,31,1.000000000e-04,4.227768618e+08,344.017300,344.125000,0.000642,6.921285402e-06,2.489188e+08
68,32,1.000000000e-04,-4.603418366e+08,344.125000,344.182000,0.000761,6.921285402e-06,2.488042e+08
68,33,1.000000000e-04,-9.812567993e+08,344.182000,344.198700,0.003459,6.921285402e-06,2.487498e+08
68,34,1.000000000e-04,1.033717900e+09,344.198700,344.194000,0.003839,6.921285402e-06,2.487410e+08
68,35,1.000000000e-04,5.137667160e+08,344.194000,344.167000,0.000948,6.921285402e-06,2.487665e+08
68,36,1.000000000e-04,-3.634535527e+08,344.167000,344.135000,0.000475,6.921285402e-06,2.488080e+08
68,37,1.000000000e-04,-8.389086931e+08,344.135000,344.096000,0.002529,6.921285402e-06,2.488549e+08
68,38,1.000000000e-04,1.443909101e+09,344.096000,344.064000,0.007491,6.921285402e-06,2.488983e+08
68,39,1.000000000e-04,9.544817277e+08,344.064000,344.052000,0.003273,6.921285402e-06,2.489340e+08
69,0,1.000000000e-04,-1.049988272e+09,342.588000,342.600000,0.003961,6.921285402e-06,2.509681e+08
69,1,1.000000000e-04,-1.588878447e+09,342.600000,342.639000,0.009070,6.921285402e-06,2.509265e+08
69,2,1.000000000e-04,9.188879887e+08,342.639000,342.697000,0.003034,6.921285402e-06,2.508663e+08
69,3,1.000000000e-04,3.953186321e+08,342.697000,342.761000,0.000561,6.921285402e-06,2.507845e+08
69,4,1.000000000e-04,-5.701521469e+08,342.761000,342.828500,0.001168,6.921285402e-06,2.506924e+08
69,5,1.000000000e-04,-1.145289978e+09,342.828500,342.899000,0.004713,6.921285402e-06,2.505922e+08
69,6,1.000000000e-04,1.051755356e+09,342.899000,342.967900,0.003974,6.921285402e-06,2.504962e+08
69,7,1.000000000e-04,4.751293962e+08,342.967900,343.034000,0.000811,6.921285402e-06,2.504062e+08
69,8,1.000000000e-04,-5.002841202e+08,343.034000,343.095300,0.000899,6.921285402e-06,2.503176e+08
69,9,1.000000000e-04,-1.083956174e+09,343.095300,343.150500,0.004221,6.921285402e-06,2.502326e+08
69,10,1.000000000e-04,1.070319790e+09,343.150500,343.202000,0.004116,6.921285402e-06,2.501586e+08
69,11,1.000000000e-04,4.864930787e+08,343.202000,343.250000,0.000850,6.921285402e-06,2.500933e+08
69,12,1.000000000e-04,-4.902017343e+08,343.250000,343.285000,0.000863,6.921285402e-06,2.500356e+08
69,13,1.000000000e-04,-1.075051778e+09,343.285000,343.317000,0.004152,6.921285402e-06,2.499851e+08
69,14,1.000000000e-04,1.072890382e+09,343.317000,343.344000,0.004136,6.921285402e-06,2.499442e+08
69,15,1.000000000e-04,4.880284282e+08,343.344000,343.360000,0.000856,6.921285402e-06,2.499182e+08
69,16,1.000000000e-04,-4.888412236e+08,343.360000,343.376000,0.000859,6.921285402e-06,2.498960e+08
69,17,1.000000000e-04,-1.073923610e+09,343.376000,343.382000,0.004144,6.921285402e-06,2.498767e+08
69,18,1.000000000e-04,1.072618903e+09,343.382000,343.389000,0.004134,6.921285402e-06,2.498677e+08
69,19,1.000000000e-04,4.875330727e+08,343.389000,343.385500,0.000854,6.921285402e-06,2.498692e+08
69,20,1.000000000e-04,-4.894336600e+08,343.385500,343.381700,0.000861,6.921285402e-06,2.498743e+08
69,21,1.000000000e-04,-1.075038533e+09,343.381700,343.374100,0.004152,6.921285402e-06,2.498782e+08
69,22,1.000000000e-04,1.068256848e+09,343.374100,343.372000,0.004100,6.921285402e-06,2.498851e+08
69,23,1.000000000e-04,4.825975639e+08,343.372000,343.374700,0.000837,6.921285402e-06,2.498885e+08
69,24,1.000000000e-04,-4.949569643e+08,343.374700,343.386500,0.000880,6.921285402e-06,2.498784e+08
69,25,1.000000000e-04,-1.084037752e+09,343.386500,343.407300,0.004222,6.921285402e-06,2.498518e+08
69,26,1.000000000e-04,1.038309982e+09,343.407300,343.451100,0.003873,6.921285402e-06,2.498073e+08
69,27,1.000000000e-04,4.486630863e+08,343.451100,343.529000,0.000723,6.921285402e-06,2.497265e+08
69,28,1.000000000e-04,-5.333607406e+08,343.529000,343.645700,0.001022,6.921285402e-06,2.495909e+08
69,29,1.000000000e-04,-1.147238480e+09,343.645700,343.833500,0.004729,6.921285402e-06,2.493748e+08
69,30,1.000000000e-04,9.329072324e+08,343.833500,344.017300,0.003127,6.921285402e-06,2.491184e+08
69,31,1.000000000e-04,4.227768618e+08,344.017300,344.125000,0.000642,6.921285402e-06,2.489188e+08
69,32,1.000000000e-04,-4.603418366e+08,344.125000,344.182000,0.000761,6.921285402e-06,2.488042e+08
69,33,1.000000000e-04,-9.812567993e+08,344.182000,344.198700,0.003459,6.921285402e-06,2.487498e+08
69,34,1.000000000e-04,1.033717900e+09,344.198700,344.194000,0.003839,6.921285402e-06,2.487410e+08
69,35,1.000000000e-04,5.137667160e+08,344.194000,344.167000,0.000948,6.921285402e-06,2.487665e+08
69,36,1.000000000e-04,-3.634535527e+08,344.167000,344.135000,0.000475,6.921285402e-06,2.488080e+08
69,37,1.000000000e-04,-8.389086931e+08,344.135000,344.096000,0.002529,6.921285402e-06,2.488549e+08
69,38,1.000000000e-04,1.443909101e+09,344.096000,344.064000,0.007491,6.921285402e-06,2.488983e+08
69,39,1.000000000e-04,9.544817277e+08,344.064000,344.052000,0.003273,6.921285402e-06,2.489340e+08
70,0,1.000000000e-04,-1.054832507e+09,342.450000,342.462000,0.003998,6.921285402e-06,2.511599e+08
70,1,1.000000000e-04,-1.593627446e+09,342.462000,342.501000,0.009124,6.921285402e-06,2.511183e+08
70,2,1.000000000e-04,9.219783951e+08,342.501000,342.550500,0.003054,6.921285402e-06,2.510641e+08
70,3,1.000000000e-04,3.975329147e+08,342.550500,342.606500,0.000568,6.921285402e-06,2.509937e+08
70,4,1.000000000e-04,-5.729692763e+08,342.606500,342.665000,0.001179,6.921285402e-06,2.509134e+08
70,5,1.000000000e-04,-1.149243123e+09,342.665000,342.729000,0.004745,6.921285402e-06,2.508240e+08
70,6,1.000000000e-04,1.054951187e+09,342.729000,342.793000,0.003999,6.921285402e-06,2.507359e+08
70,7,1.000000000e-04,4.773285084e+08,342.793000,342.845500,0.000819,6.921285402e-06,2.506588e+08
70,8,1.000000000e-04,-5.029780427e+08,342.845500,342.901500,0.000909,6.921285402e-06,2.505832e+08
70,9,1.000000000e-04,-1.087697057e+09,342.901500,342.955000,0.004251,6.921285402e-06,2.505031e+08
70,10,1.000000000e-04,1.073606946e+09,342.955000,342.993000,0.004141,6.921285402e-06,2.504397e+08
70,11,1.000000000e-04,4.887925540e+08,342.993000,343.034000,0.000858,6.921285402e-06,2.503887e+08
70,12,1.000000000e-04,-4.927259538e+08,343.034000,343.071000,0.000872,6.921285402e-06,2.503345e+08
70,13,1.000000000e-04,-1.078604985e+09,343.071000,343.098500,0.004180,6.921285402e-06,2.502857e+08
70,14,1.000000000e-04,1.076285912e+09,343.098500,343.125000,0.004162,6.921285402e-06,2.502482e+08
70,15,1.000000000e-04,4.903985183e+08,343.125000,343.141000,0.000864,6.921285402e-06,2.502226e+08
70,16,1.000000000e-04,-4.913047368e+08,343.141000,343.157000,0.000867,6.921285402e-06,2.502004e+08
70,17,1.000000000e-04,-1.077434248e+09,343.157000,343.170000,0.004171,6.921285402e-06,2.501762e+08
70,18,1.000000000e-04,1.076013780e+09,343.170000,343.174500,0.004160,6.921285402e-06,2.501641e+08
70,19,1.000000000e-04,4.898807581e+08,343.174500,343.180000,0.000862,6.921285402e-06,2.501611e+08
70,20,1.000000000e-04,-4.919324746e+08,343.180000,343.180500,0.000869,6.921285402e-06,2.501569e+08
70,21,1.000000000e-04,-1.078615468e+09,343.180500,343.188500,0.004180,6.921285402e-06,2.501470e+08
70,22,1.000000000e-04,1.071525240e+09,343.188500,343.191500,0.004125,6.921285402e-06,2.501395e+08
70,23,1.000000000e-04,4.848155427e+08,343.191500,343.204000,0.000844,6.921285402e-06,2.501326e+08
70,24,1.000000000e-04,-4.975622665e+08,343.204000,343.225000,0.000889,6.921285402e-06,2.501093e+08
70,25,1.000000000e-04,-1.087741899e+09,343.225000,343.263500,0.004251,6.921285402e-06,2.500639e+08
70,26,1.000000000e-04,1.041356545e+09,343.263500,343.326500,0.003896,6.921285402e-06,2.499938e+08
70,27,1.000000000e-04,4.507699990e+08,343.326500,343.422500,0.000730,6.921285402e-06,2.498871e+08
70,28,1.000000000e-04,-5.358429749e+08,343.422500,343.565000,0.001032,6.921285402e-06,2.497210e+08
70,29,1.000000000e-04,-1.150655850e+09,343.565000,343.777500,0.004757,6.921285402e-06,2.494698e+08
70,30,1.000000000e-04,9.361705051e+08,343.777500,343.984500,0.003149,6.921285402e-06,2.491801e+08
70,31,1.000000000e-04,4.250594362e+08,343.984500,344.115500,0.000649,6.921285402e-06,2.489482e+08
70,32,1.000000000e-04,-4.626785590e+08,344.115500,344.194000,0.000769,6.921285402e-06,2.488025e+08
70,33,1.000000000e-04,-9.845573007e+08,344.194000,344.228500,0.003483,6.921285402e-06,2.487207e+08
70,34,1.000000000e-04,1.037080009e+09,344.228500,344.232500,0.003864,6.921285402e-06,2.486935e+08
70,35,1.000000000e-04,5.161650463e+08,344.232500,344.218000,0.000957,6.921285402e-06,2.487043e+08
70,36,1.000000000e-04,-3.656222056e+08,344.218000,344.193000,0.000480,6.921285402e-06,2.487323e+08
70,37,1.000000000e-04,-8.418487896e+08,344.193000,344.164000,0.002546,6.921285402e-06,2.487673e+08
70,38,1.000000000e-04,1.448174718e+09,344.164000,344.136500,0.007535,6.921285402e-06,2.488006e+08
70,39,1.000000000e-04,9.588739477e+08,344.136500,344.125000,0.003303,6.921285402e-06,2.488328e+08
71,0,1.000000000e-04,-1.054832507e+09,342.450000,342.462000,0.003998,6.921285402e-06,2.511599e+08
71,1,1.000000000e-04,-1.593627446e+09,342.462000,342.497500,0.009124,6.921285402e-06,2.511207e+08
71,2,1.000000000e-04,9.219783951e+08,342.497500,342.550500,0.003054,6.921285402e-06,2.510665e+08
71,3,1.000000000e-04,3.975329147e+08,342.550500,342.606500,0.000568,6.921285402e-06,2.509937e+08
71,4,1.000000000e-04,-5.729692763e+08,342.606500,342.665000,0.001179,6.921285402e-06,2.509134e+08
71,5,1.000000000e-04,-1.149243123e+09,342.665000,342.729000,0.004745,6.921285402e-06,2.508240e+08
71,6,1.000000000e-04,1.054951187e+09,342.729000,342.789500,0.003999,6.921285402e-06,2.507384e+08
71,7,1.000000000e-04,4.773285084e+08,342.789500,342.845500,0.000819,6.921285402e-06,2.506612e+08
71,8,1.000000000e-04,-5.029780427e+08,342.845500,342.901500,0.000909,6.921285402e-06,2.505832e+08
71,9,1.000000000e-04,-1.087697057e+09,342.901500,342.955000,0.004251,6.921285402e-06,2.505031e+08
71,10,1.000000000e-04,1.073606946e+09,342.955000,342.993000,0.004141,6.921285402e-06,2.504397e+08
71,11,1.000000000e-04,4.887925540e+08,342.993000,343.034000,0.000858,6.921285402e-06,2.503887e+08
71,12,1.000000000e-04,-4.927259538e+08,343.034000,343.071000,0.000872,6.921285402e-06,2.503345e+08
71,13,1.000000000e-04,-1.078604985e+09,343.071000,343.098500,0.004180,6.921285402e-06,2.502857e+08
71,14,1.000000000e-04,1.076285912e+09,343.098500,343.125000,0.004162,6.921285402e-06,2.502482e+08
71,15,1.000000000e-04,4.903985183e+08,343.125000,343.141000,0.000864,6.921285402e-06,2.502226e+08
71,16,1.000000000e-04,-4.913047368e+08,343.141000,343.157000,0.000867,6.921285402e-06,2.502004e+08
71,17,1.000000000e-04,-1.077434248e+09,343.157000,343.166500,0.004171,6.921285402e-06,2.501787e+08
71,18,1.000000000e-04,1.076013780e+09,343.166500,343.174500,0.004160,6.921285402e-06,2.501665e+08
71,19,1.000000000e-04,4.898807581e+08,343.174500,343.180000,0.000862,6.921285402e-06,2.501611e+08
71,20,1.000000000e-04,-4.919324746e+08,343.180000,343.180500,0.000869,6.921285402e-06,2.501569e+08
71,21,1.000000000e-04,-1.078615468e+09,343.180500,343.188500,0.004180,6.921285402e-06,2.501470e+08
71,22,1.000000000e-04,1.071525240e+09,343.188500,343.191500,0.004125,6.921285402e-06,2.501395e+08
71,23,1.000000000e-04,4.848155427e+08,343.191500,343.204000,0.000844,6.921285402e-06,2.501326e+08
71,24,1.000000000e-04,-4.975622665e+08,343.204000,343.225000,0.000889,6.921285402e-06,2.501093e+08
71,25,1.000000000e-04,-1.087741899e+09,343.225000,343.263500,0.004251,6.921285402e-06,2.500639e+08
71,26,1.000000000e-04,1.041356545e+09,343.263500,343.326500,0.003896,6.921285402e-06,2.499938e+08
71,27,1.000000000e-04,4.507699990e+08,343.326500,343.422500,0.000730,6.921285402e-06,2.498871e+08
71,28,1.000000000e-04,-5.358429749e+08,343.422500,343.565000,0.001032,6.921285402e-06,2.497210e+08
71,29,1.000000000e-04,-1.150655850e+09,343.565000,343.777500,0.004757,6.921285402e-06,2.494698e+08
71,30,1.000000000e-04,9.361705051e+08,343.777500,343.984500,0.003149,6.921285402e-06,2.491801e+08
71,31,1.000000000e-04,4.250594362e+08,343.984500,344.115500,0.000649,6.921285402e-06,2.489482e+08
71,32,1.000000000e-04,-4.626785590e+08,344.115500,344.194000,0.000769,6.921285402e-06,2.488025e+08
71,33,1.000000000e-04,-9.845573007e+08,344.194000,344.228500,0.003483,6.921285402e-06,2.487207e+08
71,34,1.000000000e-04,1.037080009e+09,344.228500,344.232500,0.003864,6.921285402e-06,2.486935e+08
71,35,1.000000000e-04,5.161650463e+08,344.232500,344.218000,0.000957,6.921285402e-06,2.487043e+08
71,36,1.000000000e-04,-3.656222056e+08,344.218000,344.193000,0.000480,6.921285402e-06,2.487323e+08
71,37,1.000000000e-04,-8.418487896e+08,344.193000,344.164000,0.002546,6.921285402e-06,2.487673e+08
71,38,1.000000000e-04,1.448174718e+09,344.164000,344.136500,0.007535,6.921285402e-06,2.488006e+08
71,39,1.000000000e-04,9.588739477e+08,344.136500,344.125000,0.003303,6.921285402e-06,2.488328e+08
72,0,1.000000000e-04,-1.033711284e+09,342.242000,342.254000,0.003839,6.921285402e-06,2.514492e+08
72,1,1.000000000e-04,-1.607484283e+09,342.254000,342.286000,0.009284,6.921285402e-06,2.514121e+08
72,2,1.000000000e-04,9.704538690e+08,342.286000,342.328300,0.003384,6.921285402e-06,2.513675e+08
72,3,1.000000000e-04,4.002754363e+08,342.328300,342.378100,0.000576,6.921285402e-06,2.513069e+08
72,4,1.000000000e-04,-5.827895963e+08,342.378100,342.427000,0.001220,6.921285402e-06,2.512375e+08
72,5,1.000000000e-04,-1.194289657e+09,342.427000,342.476900,0.005125,6.921285402e-06,2.511642e+08
72,6,1.000000000e-04,1.090308488e+09,342.476900,342.533000,0.004271,6.921285402e-06,2.510915e+08
72,7,1.000000000e-04,4.783168360e+08,342.533000,342.581000,0.000822,6.921285402e-06,2.510233e+08
72,8,1.000000000e-04,-5.104018134e+08,342.581000,342.629000,0.000936,6.921285402e-06,2.509564e+08
72,9,1.000000000e-04,-1.128942938e+09,342.629000,342.667500,0.004579,6.921285402e-06,2.508919e+08
72,10,1.000000000e-04,1.111086613e+09,342.667500,342.705000,0.004435,6.921285402e-06,2.508393e+08
72,11,1.000000000e-04,4.922380859e+08,342.705000,342.737000,0.000871,6.921285402e-06,2.507953e+08
72,12,1.000000000e-04,-4.978112689e+08,342.737000,342.769000,0.000890,6.921285402e-06,2.507508e+08
72,13,1.000000000e-04,-1.117833296e+09,342.769000,342.800100,0.004489,6.921285402e-06,2.507026e+08
72,14,1.000000000e-04,1.114584493e+09,342.800100,342.818000,0.004463,6.921285402e-06,2.506686e+08
72,15,1.000000000e-04,4.944770689e+08,342.818000,342.834000,0.000878,6.921285402e-06,2.506493e+08
72,16,1.000000000e-04,-4.958795933e+08,342.834000,342.850000,0.000883,6.921285402e-06,2.506271e+08
72,17,1.000000000e-04,-1.116288684e+09,342.850000,342.865700,0.004477,6.921285402e-06,2.506007e+08
72,18,1.000000000e-04,1.114229051e+09,342.865700,342.872900,0.004461,6.921285402e-06,2.505848e+08
72,19,1.000000000e-04,4.937598507e+08,342.872900,342.883000,0.000876,6.921285402e-06,2.505771e+08
72,20,1.000000000e-04,-4.968049483e+08,342.883000,342.893900,0.000887,6.921285402e-06,2.505625e+08
72,21,1.000000000e-04,-1.117922805e+09,342.893900,342.902700,0.004490,6.921285402e-06,2.505445e+08
72,22,1.000000000e-04,1.108455170e+09,342.902700,342.916000,0.004414,6.921285402e-06,2.505292e+08
72,23,1.000000000e-04,4.871262012e+08,342.916000,342.940100,0.000853,6.921285402e-06,2.505075e+08
72,24,1.000000000e-04,-5.042511353e+08,342.940100,342.972500,0.000914,6.921285402e-06,2.504681e+08
72,25,1.000000000e-04,-1.129140470e+09,342.972500,343.026000,0.004581,6.921285402e-06,2.504041e+08
72,26,1.000000000e-04,1.073699382e+09,343.026000,343.097700,0.004142,6.921285402e-06,2.503176e+08
72,27,1.000000000e-04,4.481249643e+08,343.097700,343.209000,0.000721,6.921285402e-06,2.501945e+08
72,28,1.000000000e-04,-5.469379208e+08,343.209000,343.371000,0.001075,6.921285402e-06,2.500041e+08
72,29,1.000000000e-04,-1.193414015e+09,343.371000,343.602000,0.005117,6.921285402e-06,2.497261e+08
72,30,1.000000000e-04,9.688946301e+08,343.602000,343.823000,0.003373,6.921285402e-06,2.494141e+08
72,31,1.000000000e-04,4.258662987e+08,343.823000,343.977300,0.000652,6.921285402e-06,2.491565e+08
72,32,1.000000000e-04,-4.693690002e+08,343.977300,344.064000,0.000792,6.921285402e-06,2.489888e+08
72,33,1.000000000e-04,-1.021771552e+09,344.064000,344.118100,0.003751,6.921285402e-06,2.488874e+08
72,34,1.000000000e-04,1.075849458e+09,344.118100,344.136500,0.004159,6.921285402e-06,2.488366e+08
72,35,1.000000000e-04,5.233203023e+08,344.136500,344.131000,0.000984,6.921285402e-06,2.488314e+08
72,36,1.000000000e-04,-3.696079184e+08,344.131000,344.114300,0.000491,6.921285402e-06,2.488474e+08
72,37,1.000000000e-04,-8.871169058e+08,344.114300,344.095300,0.002827,6.921285402e-06,2.488694e+08
72,38,1.000000000e-04,1.460448181e+09,344.095300,344.072100,0.007663,6.921285402e-06,2.488930e+08
72,39,1.000000000e-04,9.395332181e+08,344.072100,344.071000,0.003171,6.921285402e-06,2.489152e+08
73,0,1.000000000e-04,-1.033711284e+09,342.242000,342.254000,0.003839,6.921285402e-06,2.514492e+08
73,1,1.000000000e-04,-1.607484283e+09,342.254000,342.286000,0.009284,6.921285402e-06,2.514121e+08
73,2,1.000000000e-04,9.704538690e+08,342.286000,342.331000,0.003384,6.921285402e-06,2.513656e+08
73,3,1.000000000e-04,4.002754363e+08,342.331000,342.379000,0.000576,6.921285402e-06,2.513044e+08
73,4,1.000000000e-04,-5.827895963e+08,342.379000,342.427000,0.001220,6.921285402e-06,2.512369e+08
73,5,1.000000000e-04,-1.194289657e+09,342.427000,342.485000,0.005125,6.921285402e-06,2.511585e+08
73,6,1.000000000e-04,1.090308488e+09,342.485000,342.533000,0.004271,6.921285402e-06,2.510859e+08
73,7,1.000000000e-04,4.783168360e+08,342.533000,342.581000,0.000822,6.921285402e-06,2.510233e+08
73,8,1.000000000e-04,-5.104018134e+08,342.581000,342.629000,0.000936,6.921285402e-06,2.509564e+08
73,9,1.000000000e-04,-1.128942938e+09,342.629000,342.668000,0.004579,6.921285402e-06,2.508916e+08
73,10,1.000000000e-04,1.111086613e+09,342.668000,342.705000,0.004435,6.921285402e-06,2.508390e+08
73,11,1.000000000e-04,4.922380859e+08,342.705000,342.737000,0.000871,6.921285402e-06,2.507953e+08
73,12,1.000000000e-04,-4.978112689e+08,342.737000,342.769000,0.000890,6.921285402e-06,2.507508e+08
73,13,1.000000000e-04,-1.117833296e+09,342.769000,342.800100,0.004489,6.921285402e-06,2.507026e+08
73,14,1.000000000e-04,1.114584493e+09,342.800100,342.818000,0.004463,6.921285402e-06,2.506686e+08
73,15,1.000000000e-04,4.944770689e+08,342.818000,342.834000,0.000878,6.921285402e-06,2.506493e+08
73,16,1.000000000e-04,-4.958795933e+08,342.834000,342.850000,0.000883,6.921285402e-06,2.506271e+08
73,17,1.000000000e-04,-1.116288684e+09,342.850000,342.865700,0.004477,6.921285402e-06,2.506007e+08
73,18,1.000000000e-04,1.114229051e+09,342.865700,342.872900,0.004461,6.921285402e-06,2.505848e+08
73,19,1.000000000e-04,4.937598507e+08,342.872900,342.883000,0.000876,6.921285402e-06,2.505771e+08
73,20,1.000000000e-04,-4.968049483e+08,342.883000,342.893900,0.000887,6.921285402e-06,2.505625e+08
73,21,1.000000000e-04,-1.117922805e+09,342.893900,342.902700,0.004490,6.921285402e-06,2.505445e+08
73,22,1.000000000e-04,1.108455170e+09,342.902700,342.916000,0.004414,6.921285402e-06,2.505292e+08
73,23,1.000000000e-04,4.871262012e+08,342.916000,342.940100,0.000853,6.921285402e-06,2.505075e+08
73,24,1.000000000e-04,-5.042511353e+08,342.940100,342.972500,0.000914,6.921285402e-06,2.504681e+08
73,25,1.000000000e-04,-1.129140470e+09,342.972500,343.026000,0.004581,6.921285402e-06,2.504041e+08
73,26,1.000000000e-04,1.073699382e+09,343.026000,343.097700,0.004142,6.921285402e-06,2.503176e+08
73,27,1.000000000e-04,4.481249643e+08,343.097700,343.209000,0.000721,6.921285402e-06,2.501945e+08
73,28,1.000000000e-04,-5.469379208e+08,343.209000,343.371000,0.001075,6.921285402e-06,2.500041e+08
73,29,1.000000000e-04,-1.193414015e+09,343.371000,343.602000,0.005117,6.921285402e-06,2.497261e+08
73,30,1.000000000e-04,9.688946301e+08,343.602000,343.823000,0.003373,6.921285402e-06,2.494141e+08
73,31,1.000000000e-04,4.258662987e+08,343.823000,343.977300,0.000652,6.921285402e-06,2.491565e+08
73,32,1.000000000e-04,-4.693690002e+08,343.977300,344.064000,0.000792,6.921285402e-06,2.489888e+08
73,33,1.000000000e-04,-1.021771552e+09,344.064000,344.118100,0.003751,6.921285402e-06,2.488874e+08
73,34,1.000000000e-04,1.075849458e+09,344.118100,344.136500,0.004159,6.921285402e-06,2.488366e+08
73,35,1.000000000e-04,5.233203023e+08,344.136500,344.131000,0.000984,6.921285402e-06,2.488314e+08
73,36,1.000000000e-04,-3.696079184e+08,344.131000,344.114300,0.000491,6.921285402e-06,2.488474e+08
73,37,1.000000000e-04,-8.871169058e+08,344.114300,344.095300,0.002827,6.921285402e-06,2.488694e+08
73,38,1.000000000e-04,1.460448181e+09,344.095300,344.072100,0.007663,6.921285402e-06,2.488930e+08
73,39,1.000000000e-04,9.395332181e+08,344.072100,344.071000,0.003171,6.921285402e-06,2.489152e+08
74,0,1.000000000e-04,-4.431526792e+08,343.385000,343.443000,0.000706,6.921285402e-06,2.498322e+08
74,1,1.000000000e-04,2.534245382e+08,343.443000,343.599000,0.000231,6.921285402e-06,2.496840e+08
74,2,1.000000000e-04,-2.534245382e+08,343.599000,343.845000,0.000231,6.921285402e-06,2.494046e+08
74,3,1.000000000e-04,2.459171546e+08,343.845000,344.201000,0.000217,6.921285402e-06,2.489863e+08
74,4,1.000000000e-04,-2.459171546e+08,344.201000,344.695000,0.000217,6.921285402e-06,2.483955e+08
74,5,1.000000000e-04,2.498346696e+08,344.695000,345.379000,0.000224,6.921285402e-06,2.475768e+08
74,6,1.000000000e-04,-2.498346696e+08,345.379000,346.334000,0.000224,6.921285402e-06,2.464377e+08
74,7,1.000000000e-04,2.969504355e+08,346.334000,347.677000,0.000317,6.921285402e-06,2.448405e+08
74,8,1.000000000e-04,-2.969504355e+08,347.677000,349.602000,0.000317,6.921285402e-06,2.425692e+08
74,9,1.000000000e-04,1.093453429e+09,349.602000,352.865000,0.004296,6.921285402e-06,2.389588e+08
74,10,1.000000000e-04,-1.093453429e+09,352.865000,356.082500,0.004296,6.921285402e-06,2.344548e+08
74,11,1.000000000e-04,1.206205494e+09,356.082500,357.891500,0.005227,6.921285402e-06,2.309603e+08
74,12,1.000000000e-04,-1.206205494e+09,357.891500,359.025000,0.005227,6.921285402e-06,2.289153e+08
74,13,1.000000000e-04,1.217038115e+09,359.025000,359.663000,0.005322,6.921285402e-06,2.276840e+08
74,14,1.000000000e-04,-1.217038115e+09,359.663000,359.860000,0.005322,6.921285402e-06,2.271036e+08
74,15,1.000000000e-04,1.213445084e+09,359.860000,359.700500,0.005290,6.921285402e-06,2.270776e+08
74,16,1.000000000e-04,-1.213445084e+09,359.700500,359.106000,0.005290,6.921285402e-06,2.276016e+08
74,17,1.000000000e-04,1.166360310e+09,359.106000,358.017500,0.004888,6.921285402e-06,2.287718e+08
74,18,1.000000000e-04,-1.166360310e+09,358.017500,356.245000,0.004888,6.921285402e-06,2.307602e+08
74,19,1.000000000e-04,3.698555441e+08,356.245000,353.065000,0.000491,6.921285402e-06,2.342075e+08
74,20,1.000000000e-04,-3.698555441e+08,353.065000,349.844000,0.000491,6.921285402e-06,2.386562e+08
74,21,1.000000000e-04,2.570555607e+08,349.844000,347.951000,0.000237,6.921285402e-06,2.422107e+08
74,22,1.000000000e-04,-2.570555607e+08,347.951000,346.645000,0.000237,6.921285402e-06,2.444340e+08
74,23,1.000000000e-04,2.457399575e+08,346.645000,345.717500,0.000217,6.921285402e-06,2.459863e+08
74,24,1.000000000e-04,-2.457399575e+08,345.717500,345.065000,0.000217,6.921285402e-06,2.470844e+08
74,25,1.000000000e-04,2.444997651e+08,345.065000,344.576000,0.000215,6.921285402e-06,2.478777e+08
74,26,1.000000000e-04,-2.444997651e+08,344.576000,344.216500,0.000215,6.921285402e-06,2.484675e+08
74,27,1.000000000e-04,2.433020574e+08,344.216500,343.940000,0.000213,6.921285402e-06,2.489095e+08
74,28,1.000000000e-04,-2.433020574e+08,343.940000,343.718000,0.000213,6.921285402e-06,2.492559e+08
74,29,1.000000000e-04,2.251433374e+08,343.718000,343.535000,0.000182,6.921285402e-06,2.495374e+08
74,30,1.000000000e-04,-2.251433374e+08,343.535000,343.381000,0.000182,6.921285402e-06,2.497717e+08
74,31,1.000000000e-04,2.225678925e+08,343.381000,343.244000,0.000178,6.921285402e-06,2.499739e+08
74,32,1.000000000e-04,-2.225678925e+08,343.244000,343.119000,0.000178,6.921285402e-06,2.501560e+08
74,33,1.000000000e-04,2.223809904e+08,343.119000,343.007000,0.000178,6.921285402e-06,2.503207e+08
74,34,1.000000000e-04,-2.223809904e+08,343.007000,342.897500,0.000178,6.921285402e-06,2.504747e+08
74,35,1.000000000e-04,2.230873973e+08,342.897500,342.799500,0.000179,6.921285402e-06,2.506189e+08
74,36,1.000000000e-04,-2.230873973e+08,342.799500,342.711500,0.000179,6.921285402e-06,2.507481e+08
74,37,1.000000000e-04,2.303383534e+08,342.711500,342.633000,0.000191,6.921285402e-06,2.508638e+08
74,38,1.000000000e-04,-2.303383534e+08,342.633000,342.578000,0.000191,6.921285402e-06,2.509566e+08
74,39,1.000000000e-04,4.028552282e+08,342.578000,342.555000,0.000583,6.921285402e-06,2.510104e+08
75,0,1.000000000e-04,-4.431526792e+08,343.385000,343.443000,0.000706,6.921285402e-06,2.498322e+08
75,1,1.000000000e-04,2.534245382e+08,343.443000,343.599000,0.000231,6.921285402e-06,2.496840e+08
75,2,1.000000000e-04,-2.534245382e+08,343.599000,343.845000,0.000231,6.921285402e-06,2.494046e+08
75,3,1.000000000e-04,2.459171546e+08,343.845000,344.201000,0.000217,6.921285402e-06,2.489863e+08
75,4,1.000000000e-04,-2.459171546e+08,344.201000,344.695000,0.000217,6.921285402e-06,2.483955e+08
75,5,1.000000000e-04,2.498346696e+08,344.695000,345.379000,0.000224,6.921285402e-06,2.475768e+08
75,6,1.000000000e-04,-2.498346696e+08,345.379000,346.334000,0.000224,6.921285402e-06,2.464377e+08
75,7,1.000000000e-04,2.969504355e+08,346.334000,347.677000,0.000317,6.921285402e-06,2.448405e+08
75,8,1.000000000e-04,-2.969504355e+08,347.677000,349.602000,0.000317,6.921285402e-06,2.425692e+08
75,9,1.000000000e-04,1.093453429e+09,349.602000,352.865000,0.004296,6.921285402e-06,2.389588e+08
75,10,1.000000000e-04,-1.093453429e+09,352.865000,356.083000,0.004296,6.921285402e-06,2.344545e+08
75,11,1.000000000e-04,1.206205494e+09,356.083000,357.893000,0.005227,6.921285402e-06,2.309589e+08
75,12,1.000000000e-04,-1.206205494e+09,357.893000,359.025000,0.005227,6.921285402e-06,2.289142e+08
75,13,1.000000000e-04,1.217038115e+09,359.025000,359.663000,0.005322,6.921285402e-06,2.276840e+08
75,14,1.000000000e-04,-1.217038115e+09,359.663000,359.860000,0.005322,6.921285402e-06,2.271036e+08
75,15,1.000000000e-04,1.213445084e+09,359.860000,359.700500,0.005290,6.921285402e-06,2.270776e+08
75,16,1.000000000e-04,-1.213445084e+09,359.700500,359.106000,0.005290,6.921285402e-06,2.276016e+08
75,17,1.000000000e-04,1.166360310e+09,359.106000,358.017500,0.004888,6.921285402e-06,2.287718e+08
75,18,1.000000000e-04,-1.166360310e+09,358.017500,356.245000,0.004888,6.921285402e-06,2.307602e+08
75,19,1.000000000e-04,3.698555441e+08,356.245000,353.065000,0.000491,6.921285402e-06,2.342075e+08
75,20,1.000000000e-04,-3.698555441e+08,353.065000,349.844000,0.000491,6.921285402e-06,2.386562e+08
75,21,1.000000000e-04,2.570555607e+08,349.844000,347.951000,0.000237,6.921285402e-06,2.422107e+08
75,22,1.000000000e-04,-2.570555607e+08,347.951000,346.645000,0.000237,6.921285402e-06,2.444340e+08
75,23,1.000000000e-04,2.457399575e+08,346.645000,345.717500,0.000217,6.921285402e-06,2.459863e+08
75,24,1.000000000e-04,-2.457399575e+08,345.717500,345.065000,0.000217,6.921285402e-06,2.470844e+08
75,25,1.000000000e-04,2.444997651e+08,345.065000,344.576000,0.000215,6.921285402e-06,2.478777e+08
75,26,1.000000000e-04,-2.444997651e+08,344.576000,344.216500,0.000215,6.921285402e-06,2.484675e+08
75,27,1.000000000e-04,2.433020574e+08,344.216500,343.940000,0.000213,6.921285402e-06,2.489095e+08
75,28,1.000000000e-04,-2.433020574e+08,343.940000,343.718000,0.000213,6.921285402e-06,2.492559e+08
75,29,1.000000000e-04,2.251433374e+08,343.718000,343.535000,0.000182,6.921285402e-06,2.495374e+08
75,30,1.000000000e-04,-2.251433374e+08,343.535000,343.381000,0.000182,6.921285402e-06,2.497717e+08
75,31,1.000000000e-04,2.225678925e+08,343.381000,343.244000,0.000178,6.921285402e-06,2.499739e+08
75,32,1.000000000e-04,-2.225678925e+08,343.244000,343.117500,0.000178,6.921285402e-06,2.501570e+08
75,33,1.000000000e-04,2.223809904e+08,343.117500,343.002000,0.000178,6.921285402e-06,2.503252e+08
75,34,1.000000000e-04,-2.223809904e+08,343.002000,342.897500,0.000178,6.921285402e-06,2.504781e+08
75,35,1.000000000e-04,2.230873973e+08,342.897500,342.799500,0.000179,6.921285402e-06,2.506189e+08
75,36,1.000000000e-04,-2.230873973e+08,342.799500,342.711500,0.000179,6.921285402e-06,2.507481e+08
75,37,1.000000000e-04,2.303383534e+08,342.711500,342.633000,0.000191,6.921285402e-06,2.508638e+08
75,38,1.000000000e-04,-2.303383534e+08,342.633000,342.578000,0.000191,6.921285402e-06,2.509566e+08
75,39,1.000000000e-04,4.028552282e+08,342.578000,342.555000,0.000583,6.921285402e-06,2.510104e+08
76,0,1.000000000e-04,-4.431539233e+08,343.329000,343.377000,0.000706,6.921285402e-06,2.499170e+08
76,1,1.000000000e-04,2.534238489e+08,343.377000,343.526000,0.000231,6.921285402e-06,2.497806e+08
76,2,1.000000000e-04,-2.534238489e+08,343.526000,343.763900,0.000231,6.921285402e-06,2.495117e+08
76,3,1.000000000e-04,2.459091077e+08,343.763900,344.101700,0.000217,6.921285402e-06,2.491116e+08
76,4,1.000000000e-04,-2.459091077e+08,344.101700,344.569500,0.000217,6.921285402e-06,2.485518e+08
76,5,1.000000000e-04,2.497657423e+08,344.569500,345.208300,0.000224,6.921285402e-06,2.477827e+08
76,6,1.000000000e-04,-2.497657423e+08,345.208300,346.110300,0.000224,6.921285402e-06,2.467118e+08
76,7,1.000000000e-04,2.964233641e+08,346.110300,347.374700,0.000316,6.921285402e-06,2.452060e+08
76,8,1.000000000e-04,-2.964233641e+08,347.374700,349.211800,0.000316,6.921285402e-06,2.430505e+08
76,9,1.000000000e-04,1.090317798e+09,349.211800,352.353500,0.004271,6.921285402e-06,2.395855e+08
76,10,1.000000000e-04,-1.090317798e+09,352.353500,355.459200,0.004271,6.921285402e-06,2.352436e+08
76,11,1.000000000e-04,1.202612520e+09,355.459200,357.179300,0.005196,6.921285402e-06,2.318885e+08
76,12,1.000000000e-04,-1.202612520e+09,357.179300,358.237800,0.005196,6.921285402e-06,2.299574e+08
76,13,1.000000000e-04,1.213391501e+09,358.237800,358.836700,0.005290,6.921285402e-06,2.288054e+08
76,14,1.000000000e-04,-1.213391501e+09,358.836700,359.025000,0.005290,6.921285402e-06,2.282583e+08
76,15,1.000000000e-04,1.209852109e+09,359.025000,358.878700,0.005259,6.921285402e-06,2.282291e+08
76,16,1.000000000e-04,-1.209852109e+09,358.878700,358.318800,0.005259,6.921285402e-06,2.287199e+08
76,17,1.000000000e-04,1.163224679e+09,358.318800,357.296200,0.004861,6.921285402e-06,2.298203e+08
76,18,1.000000000e-04,-1.163224679e+09,357.296200,355.616500,0.004861,6.921285402e-06,2.316984e+08
76,19,1.000000000e-04,3.693284719e+08,355.616500,352.545000,0.000490,6.921285402e-06,2.350057e+08
76,20,1.000000000e-04,-3.693284719e+08,352.545000,349.443800,0.000490,6.921285402e-06,2.392957e+08
76,21,1.000000000e-04,2.569866290e+08,349.443800,347.645700,0.000237,6.921285402e-06,2.427010e+08
76,22,1.000000000e-04,-2.569866290e+08,347.645700,346.414200,0.000237,6.921285402e-06,2.448066e+08
76,23,1.000000000e-04,2.457318833e+08,346.414200,345.545600,0.000217,6.921285402e-06,2.462662e+08
76,24,1.000000000e-04,-2.457318833e+08,345.545600,344.926000,0.000217,6.921285402e-06,2.473005e+08
76,25,1.000000000e-04,2.444989090e+08,344.926000,344.465400,0.000215,6.921285402e-06,2.480512e+08
76,26,1.000000000e-04,-2.444989090e+08,344.465400,344.122000,0.000215,6.921285402e-06,2.486100e+08
76,27,1.000000000e-04,2.433020062e+08,344.122000,343.859100,0.000213,6.921285402e-06,2.490314e+08
76,28,1.000000000e-04,-2.433020062e+08,343.859100,343.642000,0.000213,6.921285402e-06,2.493650e+08
76,29,1.000000000e-04,2.251433719e+08,343.642000,343.469000,0.000182,6.921285402e-06,2.496361e+08
76,30,1.000000000e-04,-2.251433719e+08,343.469000,343.317300,0.000182,6.921285402e-06,2.498618e+08
76,31,1.000000000e-04,2.225679355e+08,343.317300,343.183000,0.000178,6.921285402e-06,2.500606e+08
76,32,1.000000000e-04,-2.225679355e+08,343.183000,343.065000,0.000178,6.921285402e-06,2.502359e+08
76,33,1.000000000e-04,2.223810372e+08,343.065000,342.953000,0.000178,6.921285402e-06,2.503958e+08
76,34,1.000000000e-04,-2.223810372e+08,342.953000,342.846000,0.000178,6.921285402e-06,2.505480e+08
76,35,1.000000000e-04,2.230874654e+08,342.846000,342.750000,0.000179,6.921285402e-06,2.506891e+08
76,36,1.000000000e-04,-2.230874654e+08,342.750000,342.661000,0.000179,6.921285402e-06,2.508176e+08
76,37,1.000000000e-04,2.303385544e+08,342.661000,342.584000,0.000191,6.921285402e-06,2.509330e+08
76,38,1.000000000e-04,-2.303385544e+08,342.584000,342.529000,0.000191,6.921285402e-06,2.510247e+08
76,39,1.000000000e-04,4.028565710e+08,342.529000,342.513000,0.000583,6.921285402e-06,2.510736e+08
77,0,1.000000000e-04,-4.431539233e+08,343.329000,343.377000,0.000706,6.921285402e-06,2.499170e+08
77,1,1.000000000e-04,2.534238489e+08,343.377000,343.526000,0.000231,6.921285402e-06,2.497806e+08
77,2,1.000000000e-04,-2.534238489e+08,343.526000,343.763900,0.000231,6.921285402e-06,2.495117e+08
77,3,1.000000000e-04,2.459091077e+08,343.763900,344.101700,0.000217,6.921285402e-06,2.491116e+08
77,4,1.000000000e-04,-2.459091077e+08,344.101700,344.569500,0.000217,6.921285402e-06,2.485518e+08
77,5,1.000000000e-04,2.497657423e+08,344.569500,345.208300,0.000224,6.921285402e-06,2.477827e+08
77,6,1.000000000e-04,-2.497657423e+08,345.208300,346.110300,0.000224,6.921285402e-06,2.467118e+08
77,7,1.000000000e-04,2.964233641e+08,346.110300,347.374700,0.000316,6.921285402e-06,2.452060e+08
77,8,1.000000000e-04,-2.964233641e+08,347.374700,349.211800,0.000316,6.921285402e-06,2.430505e+08
77,9,1.000000000e-04,1.090317798e+09,349.211800,352.353500,0.004271,6.921285402e-06,2.395855e+08
77,10,1.000000000e-04,-1.090317798e+09,352.353500,355.459200,0.004271,6.921285402e-06,2.352436e+08
77,11,1.000000000e-04,1.202612520e+09,355.459200,357.179300,0.005196,6.921285402e-06,2.318885e+08
77,12,1.000000000e-04,-1.202612520e+09,357.179300,358.237800,0.005196,6.921285402e-06,2.299574e+08
77,13,1.000000000e-04,1.213391501e+09,358.237800,358.836700,0.005290,6.921285402e-06,2.288054e+08
77,14,1.000000000e-04,-1.213391501e+09,358.836700,359.025000,0.005290,6.921285402e-06,2.282583e+08
77,15,1.000000000e-04,1.209852109e+09,359.025000,358.879400,0.005259,6.921285402e-06,2.282286e+08
77,16,1.000000000e-04,-1.209852109e+09,358.879400,358.320900,0.005259,6.921285402e-06,2.287180e+08
77,17,1.000000000e-04,1.163224679e+09,358.320900,357.296200,0.004861,6.921285402e-06,2.298188e+08
77,18,1.000000000e-04,-1.163224679e+09,357.296200,355.616500,0.004861,6.921285402e-06,2.316984e+08
77,19,1.000000000e-04,3.693284719e+08,355.616500,352.545000,0.000490,6.921285402e-06,2.350057e+08
77,20,1.000000000e-04,-3.693284719e+08,352.545000,349.443800,0.000490,6.921285402e-06,2.392957e+08
77,21,1.000000000e-04,2.569866290e+08,349.443800,347.645700,0.000237,6.921285402e-06,2.427010e+08
77,22,1.000000000e-04,-2.569866290e+08,347.645700,346.414200,0.000237,6.921285402e-06,2.448066e+08
77,23,1.000000000e-04,2.457318833e+08,346.414200,345.545600,0.000217,6.921285402e-06,2.462662e+08
77,24,1.000000000e-04,-2.457318833e+08,345.545600,344.926000,0.000217,6.921285402e-06,2.473005e+08
77,25,1.000000000e-04,2.444989090e+08,344.926000,344.465400,0.000215,6.921285402e-06,2.480512e+08
77,26,1.000000000e-04,-2.444989090e+08,344.465400,344.122000,0.000215,6.921285402e-06,2.486100e+08
77,27,1.000000000e-04,2.433020062e+08,344.122000,343.859100,0.000213,6.921285402e-06,2.490314e+08
77,28,1.000000000e-04,-2.433020062e+08,343.859100,343.642000,0.000213,6.921285402e-06,2.493650e+08
77,29,1.000000000e-04,2.251433719e+08,343.642000,343.469000,0.000182,6.921285402e-06,2.496361e+08
77,30,1.000000000e-04,-2.251433719e+08,343.469000,343.317300,0.000182,6.921285402e-06,2.498618e+08
77,31,1.000000000e-04,2.225679355e+08,343.317300,343.183000,0.000178,6.921285402e-06,2.500606e+08
77,32,1.000000000e-04,-2.225679355e+08,343.183000,343.065000,0.000178,6.921285402e-06,2.502359e+08
77,33,1.000000000e-04,2.223810372e+08,343.065000,342.953000,0.000178,6.921285402e-06,2.503958e+08
77,34,1.000000000e-04,-2.223810372e+08,342.953000,342.846000,0.000178,6.921285402e-06,2.505480e+08
77,35,1.000000000e-04,2.230874654e+08,342.846000,342.750000,0.000179,6.921285402e-06,2.506891e+08
77,36,1.000000000e-04,-2.230874654e+08,342.750000,342.661000,0.000179,6.921285402e-06,2.508176e+08
77,37,1.000000000e-04,2.303385544e+08,342.661000,342.591000,0.000191,6.921285402e-06,2.509281e+08
77,38,1.000000000e-04,-2.303385544e+08,342.591000,342.529700,0.000191,6.921285402e-06,2.510194e+08
77,39,1.000000000e-04,4.028565710e+08,342.529700,342.513000,0.000583,6.921285402e-06,2.510731e+08
78,0,1.000000000e-04,-3.295382972e+08,342.805000,342.818000,0.000390,6.921285402e-06,2.506700e+08
78,1,1.000000000e-04,-4.994684198e+08,342.818000,342.863300,0.000896,6.921285402e-06,2.506289e+08
78,2,1.000000000e-04,2.903947308e+08,342.863300,342.920000,0.000303,6.921285402e-06,2.505587e+08
78,3,1.000000000e-04,1.248499439e+08,342.920000,342.991000,0.000056,6.921285402e-06,2.504703e+08
78,4,1.000000000e-04,-1.791575527e+08,342.991000,343.069500,0.000115,6.921285402e-06,2.503663e+08
78,5,1.000000000e-04,-3.607925467e+08,343.069500,343.149000,0.000468,6.921285402e-06,2.502561e+08
78,6,1.000000000e-04,3.317923461e+08,343.149000,343.229000,0.000396,6.921285402e-06,2.501453e+08
78,7,1.000000000e-04,1.496831711e+08,343.229000,343.308000,0.000080,6.921285402e-06,2.500352e+08
78,8,1.000000000e-04,-1.574293849e+08,343.308000,343.379000,0.000089,6.921285402e-06,2.499309e+08
78,9,1.000000000e-04,-3.417216131e+08,343.379000,343.452000,0.000420,6.921285402e-06,2.498305e+08
78,10,1.000000000e-04,3.376600265e+08,343.452000,343.515000,0.000410,6.921285402e-06,2.497359e+08
78,11,1.000000000e-04,1.533097316e+08,343.515000,343.569300,0.000084,6.921285402e-06,2.496548e+08
78,12,1.000000000e-04,-1.542073394e+08,343.569300,343.610700,0.000085,6.921285402e-06,2.495883e+08
78,13,1.000000000e-04,-3.388087595e+08,343.610700,343.649000,0.000412,6.921285402e-06,2.495325e+08
78,14,1.000000000e-04,3.390029872e+08,343.649000,343.676000,0.000413,6.921285402e-06,2.494871e+08
78,15,1.000000000e-04,1.544204773e+08,343.676000,343.692000,0.000086,6.921285402e-06,2.494576e+08
78,16,1.000000000e-04,-1.530346394e+08,343.692000,343.701700,0.000084,6.921285402e-06,2.494398e+08
78,17,1.000000000e-04,-3.372144607e+08,343.701700,343.708300,0.000409,6.921285402e-06,2.494281e+08
78,18,1.000000000e-04,3.426135452e+08,343.708300,343.702000,0.000422,6.921285402e-06,2.494278e+08
78,19,1.000000000e-04,1.586747877e+08,343.702000,343.687000,0.000090,6.921285402e-06,2.494430e+08
78,20,1.000000000e-04,-1.478251011e+08,343.687000,343.672000,0.000079,6.921285402e-06,2.494639e+08
78,21,1.000000000e-04,-3.285218389e+08,343.672000,343.656000,0.000388,6.921285402e-06,2.494851e+08
78,22,1.000000000e-04,3.673543646e+08,343.656000,343.637300,0.000485,6.921285402e-06,2.495091e+08
78,23,1.000000000e-04,1.890266884e+08,343.637300,343.615900,0.000128,6.921285402e-06,2.495374e+08
78,24,1.000000000e-04,-1.091093618e+08,343.615900,343.610500,0.000043,6.921285402e-06,2.495561e+08
78,25,1.000000000e-04,-2.622870317e+08,343.610500,343.607100,0.000247,6.921285402e-06,2.495620e+08
78,26,1.000000000e-04,5.518095135e+08,343.607100,343.631000,0.001094,6.921285402e-06,2.495467e+08
78,27,1.000000000e-04,4.261448192e+08,343.631000,343.670300,0.000652,6.921285402e-06,2.495033e+08
78,28,1.000000000e-04,2.174383028e+08,343.670300,343.754800,0.000170,6.921285402e-06,2.494179e+08
78,29,1.000000000e-04,3.369909299e+08,343.754800,343.948000,0.000408,6.921285402e-06,2.492246e+08
78,30,1.000000000e-04,1.285673653e+09,343.948000,344.132100,0.005939,6.921285402e-06,2.489557e+08
78,31,1.000000000e-04,6.409817809e+08,344.132100,344.208700,0.001476,6.921285402e-06,2.487799e+08
78,32,1.000000000e-04,-1.995705441e+08,344.208700,344.238300,0.000143,6.921285402e-06,2.487077e+08
78,33,1.000000000e-04,-6.902560139e+08,344.238300,344.230900,0.001712,6.921285402e-06,2.486904e+08
78,34,1.000000000e-04,9.604472653e+08,344.230900,344.210000,0.003314,6.921285402e-06,2.487081e+08
78,35,1.000000000e-04,4.882913630e+08,344.210000,344.169000,0.000857,6.921285402e-06,2.487541e+08
78,36,1.000000000e-04,-2.884729149e+08,344.169000,344.130000,0.000299,6.921285402e-06,2.488103e+08
78,37,1.000000000e-04,-7.004261236e+08,344.130000,344.092300,0.001763,6.921285402e-06,2.488619e+08
78,38,1.000000000e-04,1.269845006e+09,344.092300,344.062100,0.005793,6.921285402e-06,2.489043e+08
78,39,1.000000000e-04,8.457570054e+08,344.062100,344.051000,0.002570,6.921285402e-06,2.489368e+08
79,0,1.000000000e-04,-3.295382972e+08,342.805000,342.818000,0.000390,6.921285402e-06,2.506700e+08
79,1,1.000000000e-04,-4.994684198e+08,342.818000,342.863300,0.000896,6.921285402e-06,2.506289e+08
79,2,1.000000000e-04,2.903947308e+08,342.863300,342.920000,0.000303,6.921285402e-06,2.505587e+08
79,3,1.000000000e-04,1.248499439e+08,342.920000,342.991000,0.000056,6.921285402e-06,2.504703e+08
79,4,1.000000000e-04,-1.791575527e+08,342.991000,343.069500,0.000115,6.921285402e-06,2.503663e+08
79,5,1.000000000e-04,-3.607925467e+08,343.069500,343.149000,0.000468,6.921285402e-06,2.502561e+08
79,6,1.000000000e-04,3.317923461e+08,343.149000,343.229000,0.000396,6.921285402e-06,2.501453e+08
79,7,1.000000000e-04,1.496831711e+08,343.229000,343.308000,0.000080,6.921285402e-06,2.500352e+08
79,8,1.000000000e-04,-1.574293849e+08,343.308000,343.387100,0.000089,6.921285402e-06,2.499253e+08
79,9,1.000000000e-04,-3.417216131e+08,343.387100,343.452000,0.000420,6.921285402e-06,2.498248e+08
79,10,1.000000000e-04,3.376600265e+08,343.452000,343.515000,0.000410,6.921285402e-06,2.497359e+08
79,11,1.000000000e-04,1.533097316e+08,343.515000,343.569300,0.000084,6.921285402e-06,2.496548e+08
79,12,1.000000000e-04,-1.542073394e+08,343.569300,343.617000,0.000085,6.921285402e-06,2.495839e+08
79,13,1.000000000e-04,-3.388087595e+08,343.617000,343.649000,0.000412,6.921285402e-06,2.495281e+08
79,14,1.000000000e-04,3.390029872e+08,343.649000,343.676000,0.000413,6.921285402e-06,2.494871e+08
79,15,1.000000000e-04,1.544204773e+08,343.676000,343.692000,0.000086,6.921285402e-06,2.494576e+08
79,16,1.000000000e-04,-1.530346394e+08,343.692000,343.708000,0.000084,6.921285402e-06,2.494354e+08
79,17,1.000000000e-04,-3.372144607e+08,343.708000,343.708300,0.000409,6.921285402e-06,2.494237e+08
79,18,1.000000000e-04,3.426135452e+08,343.708300,343.702000,0.000422,6.921285402e-06,2.494278e+08
79,19,1.000000000e-04,1.586747877e+08,343.702000,343.687000,0.000090,6.921285402e-06,2.494430e+08
79,20,1.000000000e-04,-1.478251011e+08,343.687000,343.672000,0.000079,6.921285402e-06,2.494639e+08
79,21,1.000000000e-04,-3.285218389e+08,343.672000,343.656000,0.000388,6.921285402e-06,2.494851e+08
79,22,1.000000000e-04,3.673543646e+08,343.656000,343.637300,0.000485,6.921285402e-06,2.495091e+08
79,23,1.000000000e-04,1.890266884e+08,343.637300,343.615900,0.000128,6.921285402e-06,2.495374e+08
79,24,1.000000000e-04,-1.091093618e+08,343.615900,343.610500,0.000043,6.921285402e-06,2.495561e+08
79,25,1.000000000e-04,-2.622870317e+08,343.610500,343.607100,0.000247,6.921285402e-06,2.495620e+08
79,26,1.000000000e-04,5.518095135e+08,343.607100,343.631000,0.001094,6.921285402e-06,2.495467e+08
79,27,1.000000000e-04,4.261448192e+08,343.631000,343.670300,0.000652,6.921285402e-06,2.495033e+08
79,28,1.000000000e-04,2.174383028e+08,343.670300,343.754800,0.000170,6.921285402e-06,2.494179e+08
79,29,1.000000000e-04,3.369909299e+08,343.754800,343.948000,0.000408,6.921285402e-06,2.492246e+08
79,30,1.000000000e-04,1.285673653e+09,343.948000,344.132100,0.005939,6.921285402e-06,2.489557e+08
79,31,1.000000000e-04,6.409817809e+08,344.132100,344.208700,0.001476,6.921285402e-06,2.487799e+08
79,32,1.000000000e-04,-1.995705441e+08,344.208700,344.238300,0.000143,6.921285402e-06,2.487077e+08
79,33,1.000000000e-04,-6.902560139e+08,344.238300,344.230900,0.001712,6.921285402e-06,2.486904e+08
79,34,1.000000000e-04,9.604472653e+08,344.230900,344.210000,0.003314,6.921285402e-06,2.487081e+08
79,35,1.000000000e-04,4.882913630e+08,344.210000,344.169000,0.000857,6.921285402e-06,2.487541e+08
79,36,1.000000000e-04,-2.884729149e+08,344.169000,344.130000,0.000299,6.921285402e-06,2.488103e+08
79,37,1.000000000e-04,-7.004261236e+08,344.130000,344.092300,0.001763,6.921285402e-06,2.488619e+08
79,38,1.000000000e-04,1.269845006e+09,344.092300,344.062100,0.005793,6.921285402e-06,2.489043e+08
79,39,1.000000000e-04,8.457570054e+08,344.062100,344.051000,0.002570,6.921285402e-06,2.489368e+08
80,0,1.000000000e-04,-2.393855020e+08,342.457000,342.468900,0.000206,6.921285402e-06,2.511548e+08
80,1,1.000000000e-04,-2.903645886e+08,342.468900,342.507000,0.000303,6.921285402e-06,2.511199e+08
80,2,1.000000000e-04,9.042166172e+07,342.507000,342.548000,0.000029,6.921285402e-06,2.510652e+08
80,3,1.000000000e-04,5.622728289e+07,342.548000,342.603000,0.000011,6.921285402e-06,2.509985e+08
80,4,1.000000000e-04,-1.216462899e+08,342.603000,342.660500,0.000053,6.921285402e-06,2.509203e+08
80,5,1.000000000e-04,-1.778154539e+08,342.660500,342.719900,0.000114,6.921285402e-06,2.508390e+08
80,6,1.000000000e-04,1.471093472e+08,342.719900,342.776700,0.000078,6.921285402e-06,2.507583e+08
80,7,1.000000000e-04,8.856194846e+07,342.776700,342.834000,0.000028,6.921285402e-06,2.506790e+08
80,8,1.000000000e-04,-9.822605881e+07,342.834000,342.882000,0.000035,6.921285402e-06,2.506058e+08
80,9,1.000000000e-04,-1.601171851e+08,342.882000,342.930000,0.000092,6.921285402e-06,2.505390e+08
80,10,1.000000000e-04,1.556899340e+08,342.930000,342.976100,0.000087,6.921285402e-06,2.504737e+08
80,11,1.000000000e-04,9.350230244e+07,342.976100,343.009000,0.000031,6.921285402e-06,2.504188e+08
80,12,1.000000000e-04,-9.448851702e+07,343.009000,343.041000,0.000032,6.921285402e-06,2.503737e+08
80,13,1.000000000e-04,-1.570130654e+08,343.041000,343.072100,0.000089,6.921285402e-06,2.503298e+08
80,14,1.000000000e-04,1.578716693e+08,343.072100,343.094500,0.000090,6.921285402e-06,2.502926e+08
80,15,1.000000000e-04,9.540184508e+07,343.094500,343.115000,0.000033,6.921285402e-06,2.502629e+08
80,16,1.000000000e-04,-9.236361451e+07,343.115000,343.131000,0.000031,6.921285402e-06,2.502375e+08
80,17,1.000000000e-04,-1.537965486e+08,343.131000,343.138000,0.000085,6.921285402e-06,2.502214e+08
80,18,1.000000000e-04,1.639261903e+08,343.138000,343.145000,0.000097,6.921285402e-06,2.502117e+08
80,19,1.000000000e-04,1.031660750e+08,343.145000,343.155000,0.000038,6.921285402e-06,2.502000e+08
80,20,1.000000000e-04,-8.187255590e+07,343.155000,343.164100,0.000024,6.921285402e-06,2.501867e+08
80,21,1.000000000e-04,-1.353068846e+08,343.164100,343.172000,0.000066,6.921285402e-06,2.501748e+08
80,22,1.000000000e-04,2.024165083e+08,343.172000,343.178000,0.000147,6.921285402e-06,2.501651e+08
80,23,1.000000000e-04,1.538360615e+08,343.178000,343.194900,0.000085,6.921285402e-06,2.501492e+08
80,24,1.000000000e-04,-1.225217812e+07,343.194900,343.225500,0.000001,6.921285402e-06,2.501163e+08
80,25,1.000000000e-04,-1.158945863e+07,343.225500,343.270000,0.000000,6.921285402e-06,2.500641e+08
80,26,1.000000000e-04,4.600431243e+08,343.270000,343.341000,0.000760,6.921285402e-06,2.499829e+08
80,27,1.000000000e-04,4.959989034e+08,343.341000,343.444000,0.000884,6.921285402e-06,2.498619e+08
80,28,1.000000000e-04,4.619189046e+08,343.444000,343.614100,0.000767,6.921285402e-06,2.496722e+08
80,29,1.000000000e-04,8.279295256e+08,343.614100,343.892000,0.002463,6.921285402e-06,2.493588e+08
80,30,1.000000000e-04,1.238651692e+09,343.892000,344.169000,0.005512,6.921285402e-06,2.489695e+08
80,31,1.000000000e-04,7.260322257e+08,344.169000,344.324000,0.001894,6.921285402e-06,2.486736e+08
80,32,1.000000000e-04,-4.050942822e+07,344.324000,344.417000,0.000006,6.921285402e-06,2.485035e+08
80,33,1.000000000e-04,-3.161031735e+08,344.417000,344.456900,0.000359,6.921285402e-06,2.484107e+08
80,34,1.000000000e-04,7.244974363e+08,344.456900,344.469000,0.001886,6.921285402e-06,2.483727e+08
80,35,1.000000000e-04,4.818071514e+08,344.469000,344.466100,0.000834,6.921285402e-06,2.483676e+08
80,36,1.000000000e-04,-1.628847206e+08,344.466100,344.442000,0.000095,6.921285402e-06,2.483873e+08
80,37,1.000000000e-04,-2.963488448e+08,344.442000,344.416000,0.000316,6.921285402e-06,2.484218e+08
80,38,1.000000000e-04,1.026584142e+09,344.416000,344.400000,0.003786,6.921285402e-06,2.484468e+08
80,39,1.000000000e-04,8.416164509e+08,344.400000,344.389000,0.002545,6.921285402e-06,2.484671e+08
81,0,1.000000000e-04,-2.393855020e+08,342.457000,342.468900,0.000206,6.921285402e-06,2.511548e+08
81,1,1.000000000e-04,-2.903645886e+08,342.468900,342.500700,0.000303,6.921285402e-06,2.511243e+08
81,2,1.000000000e-04,9.042166172e+07,342.500700,342.548000,0.000029,6.921285402e-06,2.510696e+08
81,3,1.000000000e-04,5.622728289e+07,342.548000,342.603000,0.000011,6.921285402e-06,2.509985e+08
81,4,1.000000000e-04,-1.216462899e+08,342.603000,342.660500,0.000053,6.921285402e-06,2.509203e+08
81,5,1.000000000e-04,-1.778154539e+08,342.660500,342.719900,0.000114,6.921285402e-06,2.508390e+08
81,6,1.000000000e-04,1.471093472e+08,342.719900,342.776700,0.000078,6.921285402e-06,2.507583e+08
81,7,1.000000000e-04,8.856194846e+07,342.776700,342.834000,0.000028,6.921285402e-06,2.506790e+08
81,8,1.000000000e-04,-9.822605881e+07,342.834000,342.882000,0.000035,6.921285402e-06,2.506058e+08
81,9,1.000000000e-04,-1.601171851e+08,342.882000,342.930000,0.000092,6.921285402e-06,2.505390e+08
81,10,1.000000000e-04,1.556899340e+08,342.930000,342.976100,0.000087,6.921285402e-06,2.504737e+08
81,11,1.000000000e-04,9.350230244e+07,342.976100,343.009000,0.000031,6.921285402e-06,2.504188e+08
81,12,1.000000000e-04,-9.448851702e+07,343.009000,343.041000,0.000032,6.921285402e-06,2.503737e+08
81,13,1.000000000e-04,-1.570130654e+08,343.041000,343.072100,0.000089,6.921285402e-06,2.503298e+08
81,14,1.000000000e-04,1.578716693e+08,343.072100,343.094500,0.000090,6.921285402e-06,2.502926e+08
81,15,1.000000000e-04,9.540184508e+07,343.094500,343.115000,0.000033,6.921285402e-06,2.502629e+08
81,16,1.000000000e-04,-9.236361451e+07,343.115000,343.131000,0.000031,6.921285402e-06,2.502375e+08
81,17,1.000000000e-04,-1.537965486e+08,343.131000,343.138000,0.000085,6.921285402e-06,2.502214e+08
81,18,1.000000000e-04,1.639261903e+08,343.138000,343.145000,0.000097,6.921285402e-06,2.502117e+08
81,19,1.000000000e-04,1.031660750e+08,343.145000,343.155000,0.000038,6.921285402e-06,2.502000e+08
81,20,1.000000000e-04,-8.187255590e+07,343.155000,343.164100,0.000024,6.921285402e-06,2.501867e+08
81,21,1.000000000e-04,-1.353068846e+08,343.164100,343.172000,0.000066,6.921285402e-06,2.501748e+08
81,22,1.000000000e-04,2.024165083e+08,343.172000,343.178000,0.000147,6.921285402e-06,2.501651e+08
81,23,1.000000000e-04,1.538360615e+08,343.178000,343.194900,0.000085,6.921285402e-06,2.501492e+08
81,24,1.000000000e-04,-1.225217812e+07,343.194900,343.225500,0.000001,6.921285402e-06,2.501163e+08
81,25,1.000000000e-04,-1.158945863e+07,343.225500,343.270000,0.000000,6.921285402e-06,2.500641e+08
81,26,1.000000000e-04,4.600431243e+08,343.270000,343.341000,0.000760,6.921285402e-06,2.499829e+08
81,27,1.000000000e-04,4.959989034e+08,343.341000,343.444000,0.000884,6.921285402e-06,2.498619e+08
81,28,1.000000000e-04,4.619189046e+08,343.444000,343.614100,0.000767,6.921285402e-06,2.496722e+08
81,29,1.000000000e-04,8.279295256e+08,343.614100,343.892000,0.002463,6.921285402e-06,2.493588e+08
81,30,1.000000000e-04,1.238651692e+09,343.892000,344.169000,0.005512,6.921285402e-06,2.489695e+08
81,31,1.000000000e-04,7.260322257e+08,344.169000,344.324000,0.001894,6.921285402e-06,2.486736e+08
81,32,1.000000000e-04,-4.050942823e+07,344.324000,344.417000,0.000006,6.921285402e-06,2.485035e+08
81,33,1.000000000e-04,-3.161031735e+08,344.417000,344.456900,0.000359,6.921285402e-06,2.484107e+08
81,34,1.000000000e-04,7.244974363e+08,344.456900,344.469000,0.001886,6.921285402e-06,2.483727e+08
81,35,1.000000000e-04,4.818071514e+08,344.469000,344.466100,0.000834,6.921285402e-06,2.483676e+08
81,36,1.000000000e-04,-1.628847206e+08,344.466100,344.442000,0.000095,6.921285402e-06,2.483873e+08
81,37,1.000000000e-04,-2.963488448e+08,344.442000,344.416000,0.000316,6.921285402e-06,2.484218e+08
81,38,1.000000000e-04,1.026584142e+09,344.416000,344.400000,0.003786,6.921285402e-06,2.484468e+08
81,39,1.000000000e-04,8.416164509e+08,344.400000,344.389000,0.002545,6.921285402e-06,2.484671e+08
82,0,1.000000000e-04,-6.089492481e+08,343.176000,343.198900,0.001332,6.921285402e-06,2.501463e+08
82,1,1.000000000e-04,-1.748073578e+09,343.198900,343.262700,0.010979,6.921285402e-06,2.500745e+08
82,2,1.000000000e-04,1.517182074e+09,343.262700,343.355000,0.008270,6.921285402e-06,2.499693e+08
82,3,1.000000000e-04,3.501928900e+08,343.355000,343.475100,0.000441,6.921285402e-06,2.498311e+08
82,4,1.000000000e-04,-3.783090791e+08,343.475100,343.607000,0.000514,6.921285402e-06,2.496558e+08
82,5,1.000000000e-04,-1.489065885e+09,343.607000,343.759900,0.007966,6.921285402e-06,2.494490e+08
82,6,1.000000000e-04,1.461123753e+09,343.759900,343.925300,0.007670,6.921285402e-06,2.492281e+08
82,7,1.000000000e-04,3.541392115e+08,343.925300,344.098700,0.000451,6.921285402e-06,2.490013e+08
82,8,1.000000000e-04,-3.581227943e+08,344.098700,344.272200,0.000461,6.921285402e-06,2.487602e+08
82,9,1.000000000e-04,-1.457140170e+09,344.272200,344.441000,0.007628,6.921285402e-06,2.485137e+08
82,10,1.000000000e-04,1.453199900e+09,344.441000,344.597800,0.007587,6.921285402e-06,2.482874e+08
82,11,1.000000000e-04,3.547180566e+08,344.597800,344.732300,0.000452,6.921285402e-06,2.480935e+08
82,12,1.000000000e-04,-3.552475489e+08,344.732300,344.840000,0.000453,6.921285402e-06,2.479252e+08
82,13,1.000000000e-04,-1.452670408e+09,344.840000,344.919100,0.007582,6.921285402e-06,2.477868e+08
82,14,1.000000000e-04,1.452362849e+09,344.919100,344.958500,0.007579,6.921285402e-06,2.477045e+08
82,15,1.000000000e-04,3.549758352e+08,344.958500,344.963000,0.000453,6.921285402e-06,2.476825e+08
82,16,1.000000000e-04,-3.548152383e+08,344.963000,344.933700,0.000452,6.921285402e-06,2.476998e+08
82,17,1.000000000e-04,-1.452523446e+09,344.933700,344.871300,0.007580,6.921285402e-06,2.477549e+08
82,18,1.000000000e-04,1.453983212e+09,344.871300,344.784800,0.007595,6.921285402e-06,2.478584e+08
82,19,1.000000000e-04,3.560239096e+08,344.784800,344.671000,0.000455,6.921285402e-06,2.480062e+08
82,20,1.000000000e-04,-3.546602233e+08,344.671000,344.546200,0.000452,6.921285402e-06,2.481720e+08
82,21,1.000000000e-04,-1.455346898e+09,344.546200,344.420700,0.007610,6.921285402e-06,2.483374e+08
82,22,1.000000000e-04,1.463576385e+09,344.420700,344.298300,0.007696,6.921285402e-06,2.485096e+08
82,23,1.000000000e-04,3.612772624e+08,344.298300,344.187900,0.000469,6.921285402e-06,2.486800e+08
82,24,1.000000000e-04,-3.546038781e+08,344.187900,344.077500,0.000452,6.921285402e-06,2.488335e+08
82,25,1.000000000e-04,-1.470249770e+09,344.077500,343.978200,0.007766,6.921285402e-06,2.489705e+08
82,26,1.000000000e-04,1.503465672e+09,343.978200,343.891000,0.008121,6.921285402e-06,2.490997e+08
82,27,1.000000000e-04,3.784898679e+08,343.891000,343.812300,0.000515,6.921285402e-06,2.492241e+08
82,28,1.000000000e-04,-3.605305602e+08,343.812300,343.742900,0.000467,6.921285402e-06,2.493271e+08
82,29,1.000000000e-04,-1.521424980e+09,343.742900,343.679500,0.008316,6.921285402e-06,2.494100e+08
82,30,1.000000000e-04,1.572340639e+09,343.679500,343.607100,0.008882,6.921285402e-06,2.495037e+08
82,31,1.000000000e-04,4.036635642e+08,343.607100,343.544000,0.000585,6.921285402e-06,2.496078e+08
82,32,1.000000000e-04,-3.779554395e+08,343.544000,343.480000,0.000513,6.921285402e-06,2.496962e+08
82,33,1.000000000e-04,-1.598048764e+09,343.480000,343.407900,0.009175,6.921285402e-06,2.497804e+08
82,34,1.000000000e-04,1.669553502e+09,343.407900,343.338500,0.010015,6.921285402e-06,2.498778e+08
82,35,1.000000000e-04,4.361960569e+08,343.338500,343.270000,0.000684,6.921285402e-06,2.499848e+08
82,36,1.000000000e-04,-3.900170556e+08,343.270000,343.206000,0.000547,6.921285402e-06,2.500770e+08
82,37,1.000000000e-04,-1.715732503e+09,343.206000,343.145000,0.010576,6.921285402e-06,2.501519e+08
82,38,1.000000000e-04,2.028648718e+09,343.145000,343.106000,0.014786,6.921285402e-06,2.502163e+08
82,39,1.000000000e-04,7.209409376e+08,343.106000,343.094000,0.001867,6.921285402e-06,2.502673e+08
83,0,1.000000000e-04,-6.089492481e+08,343.176000,343.198000,0.001332,6.921285402e-06,2.501470e+08
83,1,1.000000000e-04,-1.748073578e+09,343.198000,343.260000,0.010979,6.921285402e-06,2.500770e+08
83,2,1.000000000e-04,1.517182074e+09,343.260000,343.355000,0.008270,6.921285402e-06,2.499712e+08
83,3,1.000000000e-04,3.501928900e+08,343.355000,343.475100,0.000441,6.921285402e-06,2.498311e+08
83,4,1.000000000e-04,-3.783090791e+08,343.475100,343.607000,0.000514,6.921285402e-06,2.496558e+08
83,5,1.000000000e-04,-1.489065885e+09,343.607000,343.759900,0.007966,6.921285402e-06,2.494490e+08
83,6,1.000000000e-04,1.461123753e+09,343.759900,343.925300,0.007670,6.921285402e-06,2.492281e+08
83,7,1.000000000e-04,3.541392115e+08,343.925300,344.098700,0.000451,6.921285402e-06,2.490013e+08
83,8,1.000000000e-04,-3.581227943e+08,344.098700,344.272200,0.000461,6.921285402e-06,2.487602e+08
83,9,1.000000000e-04,-1.457140170e+09,344.272200,344.441000,0.007628,6.921285402e-06,2.485137e+08
83,10,1.000000000e-04,1.453199900e+09,344.441000,344.597800,0.007587,6.921285402e-06,2.482874e+08
83,11,1.000000000e-04,3.547180566e+08,344.597800,344.732300,0.000452,6.921285402e-06,2.480935e+08
83,12,1.000000000e-04,-3.552475489e+08,344.732300,344.840000,0.000453,6.921285402e-06,2.479252e+08
83,13,1.000000000e-04,-1.452670408e+09,344.840000,344.919100,0.007582,6.921285402e-06,2.477868e+08
83,14,1.000000000e-04,1.452362849e+09,344.919100,344.958500,0.007579,6.921285402e-06,2.477045e+08
83,15,1.000000000e-04,3.549758352e+08,344.958500,344.963000,0.000453,6.921285402e-06,2.476825e+08
83,16,1.000000000e-04,-3.548152383e+08,344.963000,344.933700,0.000452,6.921285402e-06,2.476998e+08
83,17,1.000000000e-04,-1.452523446e+09,344.933700,344.871300,0.007580,6.921285402e-06,2.477549e+08
83,18,1.000000000e-04,1.453983212e+09,344.871300,344.784800,0.007595,6.921285402e-06,2.478584e+08
83,19,1.000000000e-04,3.560239096e+08,344.784800,344.671000,0.000455,6.921285402e-06,2.480062e+08
83,20,1.000000000e-04,-3.546602233e+08,344.671000,344.546200,0.000452,6.921285402e-06,2.481720e+08
83,21,1.000000000e-04,-1.455346898e+09,344.546200,344.420700,0.007610,6.921285402e-06,2.483374e+08
83,22,1.000000000e-04,1.463576385e+09,344.420700,344.298300,0.007696,6.921285402e-06,2.485096e+08
83,23,1.000000000e-04,3.612772624e+08,344.298300,344.187900,0.000469,6.921285402e-06,2.486800e+08
83,24,1.000000000e-04,-3.546038781e+08,344.187900,344.077500,0.000452,6.921285402e-06,2.488335e+08
83,25,1.000000000e-04,-1.470249770e+09,344.077500,343.978200,0.007766,6.921285402e-06,2.489705e+08
83,26,1.000000000e-04,1.503465672e+09,343.978200,343.891000,0.008121,6.921285402e-06,2.490997e+08
83,27,1.000000000e-04,3.784898679e+08,343.891000,343.812300,0.000515,6.921285402e-06,2.492241e+08
83,28,1.000000000e-04,-3.605305602e+08,343.812300,343.742900,0.000467,6.921285402e-06,2.493271e+08
83,29,1.000000000e-04,-1.521424980e+09,343.742900,343.679500,0.008316,6.921285402e-06,2.494100e+08
83,30,1.000000000e-04,1.572340639e+09,343.679500,343.607100,0.008882,6.921285402e-06,2.495037e+08
83,31,1.000000000e-04,4.036635642e+08,343.607100,343.544000,0.000585,6.921285402e-06,2.496078e+08
83,32,1.000000000e-04,-3.779554395e+08,343.544000,343.480000,0.000513,6.921285402e-06,2.496962e+08
83,33,1.000000000e-04,-1.598048764e+09,343.480000,343.407900,0.009175,6.921285402e-06,2.497804e+08
83,34,1.000000000e-04,1.669553502e+09,343.407900,343.338500,0.010015,6.921285402e-06,2.498778e+08
83,35,1.000000000e-04,4.361960569e+08,343.338500,343.270000,0.000684,6.921285402e-06,2.499848e+08
83,36,1.000000000e-04,-3.900170556e+08,343.270000,343.206000,0.000547,6.921285402e-06,2.500770e+08
83,37,1.000000000e-04,-1.715732503e+09,343.206000,343.145000,0.010576,6.921285402e-06,2.501519e+08
83,38,1.000000000e-04,2.028648718e+09,343.145000,343.106000,0.014786,6.921285402e-06,2.502163e+08
83,39,1.000000000e-04,7.209409376e+08,343.106000,343.094000,0.001867,6.921285402e-06,2.502673e+08
84,0,1.000000000e-04,-4.431507514e+08,343.383000,343.431000,0.000706,6.921285402e-06,2.498419e+08
84,1,1.000000000e-04,2.534189065e+08,343.431000,343.582100,0.000231,6.921285402e-06,2.497041e+08
84,2,1.000000000e-04,-2.534189065e+08,343.582100,343.823000,0.000231,6.921285402e-06,2.494317e+08
84,3,1.000000000e-04,2.458675007e+08,343.823000,344.165700,0.000217,6.921285402e-06,2.490261e+08
84,4,1.000000000e-04,-2.458675007e+08,344.165700,344.633500,0.000217,6.921285402e-06,2.484628e+08
84,5,1.000000000e-04,2.494126645e+08,344.633500,345.278900,0.000223,6.921285402e-06,2.476891e+08
84,6,1.000000000e-04,-2.494126645e+08,345.278900,346.180100,0.000223,6.921285402e-06,2.466142e+08
84,7,1.000000000e-04,2.937187317e+08,346.180100,347.445700,0.000310,6.921285402e-06,2.451082e+08
84,8,1.000000000e-04,-2.937187317e+08,347.445700,349.282800,0.000310,6.921285402e-06,2.429518e+08
84,9,1.000000000e-04,1.074112232e+09,349.282800,352.427500,0.004145,6.921285402e-06,2.394849e+08
84,10,1.000000000e-04,-1.074112232e+09,352.427500,355.533200,0.004145,6.921285402e-06,2.351408e+08
84,11,1.000000000e-04,1.181511675e+09,355.533200,357.253300,0.005015,6.921285402e-06,2.317859e+08
84,12,1.000000000e-04,-1.181511675e+09,357.253300,358.318800,0.005015,6.921285402e-06,2.298499e+08
84,13,1.000000000e-04,1.191565113e+09,358.318800,358.917700,0.005101,6.921285402e-06,2.286930e+08
84,14,1.000000000e-04,-1.191565113e+09,358.917700,359.106000,0.005101,6.921285402e-06,2.281459e+08
84,15,1.000000000e-04,1.188240281e+09,359.106000,358.960700,0.005073,6.921285402e-06,2.281161e+08
84,16,1.000000000e-04,-1.188240281e+09,358.960700,358.404900,0.005073,6.921285402e-06,2.286033e+08
84,17,1.000000000e-04,1.143953210e+09,358.404900,357.381400,0.004702,6.921285402e-06,2.297014e+08
84,18,1.000000000e-04,-1.143953210e+09,357.381400,355.700900,0.004702,6.921285402e-06,2.315807e+08
84,19,1.000000000e-04,3.635571411e+08,355.700900,352.636000,0.000475,6.921285402e-06,2.348838e+08
84,20,1.000000000e-04,-3.635571411e+08,352.636000,349.528500,0.000475,6.921285402e-06,2.391736e+08
84,21,1.000000000e-04,2.561145595e+08,349.528500,347.736700,0.000236,6.921285402e-06,2.425789e+08
84,22,1.000000000e-04,-2.561145595e+08,347.736700,346.500300,0.000236,6.921285402e-06,2.446835e+08
84,23,1.000000000e-04,2.456222424e+08,346.500300,345.636600,0.000217,6.921285402e-06,2.461431e+08
84,24,1.000000000e-04,-2.456222424e+08,345.636600,345.017000,0.000217,6.921285402e-06,2.471740e+08
84,25,1.000000000e-04,2.444862186e+08,345.017000,344.556400,0.000215,6.921285402e-06,2.479247e+08
84,26,1.000000000e-04,-2.444862186e+08,344.556400,344.215100,0.000215,6.921285402e-06,2.484821e+08
84,27,1.000000000e-04,2.433005638e+08,344.215100,343.950100,0.000213,6.921285402e-06,2.489034e+08
84,28,1.000000000e-04,-2.433005638e+08,343.950100,343.733000,0.000213,6.921285402e-06,2.492385e+08
84,29,1.000000000e-04,2.251431696e+08,343.733000,343.560000,0.000182,6.921285402e-06,2.495096e+08
84,30,1.000000000e-04,-2.251431696e+08,343.560000,343.408300,0.000182,6.921285402e-06,2.497353e+08
84,31,1.000000000e-04,2.225678658e+08,343.408300,343.274000,0.000178,6.921285402e-06,2.499341e+08
84,32,1.000000000e-04,-2.225678658e+08,343.274000,343.153900,0.000178,6.921285402e-06,2.501109e+08
84,33,1.000000000e-04,2.223809773e+08,343.153900,343.037000,0.000178,6.921285402e-06,2.502756e+08
84,34,1.000000000e-04,-2.223809773e+08,343.037000,342.933500,0.000178,6.921285402e-06,2.504288e+08
84,35,1.000000000e-04,2.230873782e+08,342.933500,342.832000,0.000179,6.921285402e-06,2.505713e+08
84,36,1.000000000e-04,-2.230873782e+08,342.832000,342.745000,0.000179,6.921285402e-06,2.507023e+08
84,37,1.000000000e-04,2.303382876e+08,342.745000,342.667100,0.000191,6.921285402e-06,2.508169e+08
84,38,1.000000000e-04,-2.303382876e+08,342.667100,342.610000,0.000191,6.921285402e-06,2.509107e+08
84,39,1.000000000e-04,4.028547679e+08,342.610000,342.587000,0.000583,6.921285402e-06,2.509659e+08
85,0,1.000000000e-04,-4.431507514e+08,343.383000,343.431000,0.000706,6.921285402e-06,2.498419e+08
85,1,1.000000000e-04,2.534189065e+08,343.431000,343.582100,0.000231,6.921285402e-06,2.497041e+08
85,2,1.000000000e-04,-2.534189065e+08,343.582100,343.823000,0.000231,6.921285402e-06,2.494317e+08
85,3,1.000000000e-04,2.458675007e+08,343.823000,344.165700,0.000217,6.921285402e-06,2.490261e+08
85,4,1.000000000e-04,-2.458675007e+08,344.165700,344.633500,0.000217,6.921285402e-06,2.484628e+08
85,5,1.000000000e-04,2.494126645e+08,344.633500,345.278900,0.000223,6.921285402e-06,2.476891e+08
85,6,1.000000000e-04,-2.494126645e+08,345.278900,346.180100,0.000223,6.921285402e-06,2.466142e+08
85,7,1.000000000e-04,2.937187317e+08,346.180100,347.445700,0.000310,6.921285402e-06,2.451082e+08
85,8,1.000000000e-04,-2.937187317e+08,347.445700,349.282800,0.000310,6.921285402e-06,2.429518e+08
85,9,1.000000000e-04,1.074112232e+09,349.282800,352.427500,0.004145,6.921285402e-06,2.394849e+08
85,10,1.000000000e-04,-1.074112232e+09,352.427500,355.533200,0.004145,6.921285402e-06,2.351408e+08
85,11,1.000000000e-04,1.181511675e+09,355.533200,357.253300,0.005015,6.921285402e-06,2.317859e+08
85,12,1.000000000e-04,-1.181511675e+09,357.253300,358.320900,0.005015,6.921285402e-06,2.298484e+08
85,13,1.000000000e-04,1.191565113e+09,358.320900,358.917700,0.005101,6.921285402e-06,2.286916e+08
85,14,1.000000000e-04,-1.191565113e+09,358.917700,359.106000,0.005101,6.921285402e-06,2.281459e+08
85,15,1.000000000e-04,1.188240281e+09,359.106000,358.960700,0.005073,6.921285402e-06,2.281161e+08
85,16,1.000000000e-04,-1.188240281e+09,358.960700,358.404900,0.005073,6.921285402e-06,2.286033e+08
85,17,1.000000000e-04,1.143953210e+09,358.404900,357.381400,0.004702,6.921285402e-06,2.297014e+08
85,18,1.000000000e-04,-1.143953210e+09,357.381400,355.700900,0.004702,6.921285402e-06,2.315807e+08
85,19,1.000000000e-04,3.635571411e+08,355.700900,352.636000,0.000475,6.921285402e-06,2.348838e+08
85,20,1.000000000e-04,-3.635571411e+08,352.636000,349.528500,0.000475,6.921285402e-06,2.391736e+08
85,21,1.000000000e-04,2.561145595e+08,349.528500,347.736700,0.000236,6.921285402e-06,2.425789e+08
85,22,1.000000000e-04,-2.561145595e+08,347.736700,346.500300,0.000236,6.921285402e-06,2.446835e+08
85,23,1.000000000e-04,2.456222424e+08,346.500300,345.636600,0.000217,6.921285402e-06,2.461431e+08
85,24,1.000000000e-04,-2.456222424e+08,345.636600,345.017000,0.000217,6.921285402e-06,2.471740e+08
85,25,1.000000000e-04,2.444862186e+08,345.017000,344.556400,0.000215,6.921285402e-06,2.479247e+08
85,26,1.000000000e-04,-2.444862186e+08,344.556400,344.215100,0.000215,6.921285402e-06,2.484821e+08
85,27,1.000000000e-04,2.433005638e+08,344.215100,343.950100,0.000213,6.921285402e-06,2.489034e+08
85,28,1.000000000e-04,-2.433005638e+08,343.950100,343.733000,0.000213,6.921285402e-06,2.492385e+08
85,29,1.000000000e-04,2.251431696e+08,343.733000,343.560000,0.000182,6.921285402e-06,2.495096e+08
85,30,1.000000000e-04,-2.251431696e+08,343.560000,343.408300,0.000182,6.921285402e-06,2.497353e+08
85,31,1.000000000e-04,2.225678658e+08,343.408300,343.271900,0.000178,6.921285402e-06,2.499355e+08
85,32,1.000000000e-04,-2.225678658e+08,343.271900,343.149000,0.000178,6.921285402e-06,2.501158e+08
85,33,1.000000000e-04,2.223809773e+08,343.149000,343.037000,0.000178,6.921285402e-06,2.502790e+08
85,34,1.000000000e-04,-2.223809773e+08,343.037000,342.932000,0.000178,6.921285402e-06,2.504298e+08
85,35,1.000000000e-04,2.230873782e+08,342.932000,342.831300,0.000179,6.921285402e-06,2.505728e+08
85,36,1.000000000e-04,-2.230873782e+08,342.831300,342.742900,0.000179,6.921285402e-06,2.507042e+08
85,37,1.000000000e-04,2.303382876e+08,342.742900,342.667100,0.000191,6.921285402e-06,2.508183e+08
85,38,1.000000000e-04,-2.303382876e+08,342.667100,342.610000,0.000191,6.921285402e-06,2.509107e+08
85,39,1.000000000e-04,4.028547679e+08,342.610000,342.587000,0.000583,6.921285402e-06,2.509659e+08
86,0,1.000000000e-04,-8.473184221e+08,342.814000,342.828900,0.002579,6.921285402e-06,2.506536e+08
86,1,1.000000000e-04,-1.027629974e+09,342.828900,342.892000,0.003794,6.921285402e-06,2.505979e+08
86,2,1.000000000e-04,3.210224245e+08,342.892000,342.981000,0.000370,6.921285402e-06,2.504963e+08
86,3,1.000000000e-04,1.996377515e+08,342.981000,343.086000,0.000143,6.921285402e-06,2.503618e+08
86,4,1.000000000e-04,-4.306693533e+08,343.086000,343.216500,0.000666,6.921285402e-06,2.501975e+08
86,5,1.000000000e-04,-6.297770222e+08,343.216500,343.360800,0.001425,6.921285402e-06,2.500056e+08
86,6,1.000000000e-04,5.214438411e+08,343.360800,343.518300,0.000977,6.921285402e-06,2.497964e+08
86,7,1.000000000e-04,3.138384737e+08,343.518300,343.679400,0.000354,6.921285402e-06,2.495757e+08
86,8,1.000000000e-04,-3.481512473e+08,343.679400,343.853100,0.000435,6.921285402e-06,2.493429e+08
86,9,1.000000000e-04,-5.676427049e+08,343.853100,344.011500,0.001158,6.921285402e-06,2.491112e+08
86,10,1.000000000e-04,5.511779587e+08,344.011500,344.158800,0.001091,6.921285402e-06,2.488988e+08
86,11,1.000000000e-04,3.305784572e+08,344.158800,344.287000,0.000393,6.921285402e-06,2.487082e+08
86,12,1.000000000e-04,-3.358947726e+08,344.287000,344.391000,0.000405,6.921285402e-06,2.485468e+08
86,13,1.000000000e-04,-5.583072449e+08,344.391000,344.461100,0.001120,6.921285402e-06,2.484249e+08
86,14,1.000000000e-04,5.555482146e+08,344.461100,344.490000,0.001109,6.921285402e-06,2.483562e+08
86,15,1.000000000e-04,3.329697064e+08,344.490000,344.493000,0.000398,6.921285402e-06,2.483348e+08
86,16,1.000000000e-04,-3.342094713e+08,344.493000,344.454700,0.000401,6.921285402e-06,2.483594e+08
86,17,1.000000000e-04,-5.572069190e+08,344.454700,344.382300,0.001115,6.921285402e-06,2.484354e+08
86,18,1.000000000e-04,5.554985615e+08,344.382300,344.285900,0.001109,6.921285402e-06,2.485528e+08
86,19,1.000000000e-04,3.324020925e+08,344.285900,344.171000,0.000397,6.921285402e-06,2.487005e+08
86,20,1.000000000e-04,-3.352054299e+08,344.171000,344.036100,0.000404,6.921285402e-06,2.488741e+08
86,21,1.000000000e-04,-5.592524349e+08,344.036100,343.902700,0.001124,6.921285402e-06,2.490597e+08
86,22,1.000000000e-04,5.508461608e+08,343.902700,343.764300,0.001090,6.921285402e-06,2.492486e+08
86,23,1.000000000e-04,3.262723622e+08,343.764300,343.637900,0.000382,6.921285402e-06,2.494335e+08
86,24,1.000000000e-04,-3.435345020e+08,343.637900,343.511500,0.000424,6.921285402e-06,2.496092e+08
86,25,1.000000000e-04,-5.740259453e+08,343.511500,343.395100,0.001184,6.921285402e-06,2.497770e+08
86,26,1.000000000e-04,5.198931672e+08,343.395100,343.291000,0.000971,6.921285402e-06,2.499305e+08
86,27,1.000000000e-04,2.855707561e+08,343.291000,343.195300,0.000293,6.921285402e-06,2.500702e+08
86,28,1.000000000e-04,-3.992936886e+08,343.195300,343.100000,0.000573,6.921285402e-06,2.502026e+08
86,29,1.000000000e-04,-6.724806829e+08,343.100000,343.010000,0.001625,6.921285402e-06,2.503301e+08
86,30,1.000000000e-04,4.328651801e+08,343.010000,342.921000,0.000673,6.921285402e-06,2.504556e+08
86,31,1.000000000e-04,2.694132607e+08,342.921000,342.841000,0.000261,6.921285402e-06,2.505736e+08
86,32,1.000000000e-04,-3.198152421e+08,342.841000,342.761000,0.000367,6.921285402e-06,2.506847e+08
86,33,1.000000000e-04,-5.003573811e+08,342.761000,342.681000,0.000899,6.921285402e-06,2.507952e+08
86,34,1.000000000e-04,5.600212138e+08,342.681000,342.606500,0.001127,6.921285402e-06,2.509023e+08
86,35,1.000000000e-04,3.845104869e+08,342.606500,342.533000,0.000531,6.921285402e-06,2.510059e+08
86,36,1.000000000e-04,-1.866045069e+08,342.533000,342.469000,0.000125,6.921285402e-06,2.511020e+08
86,37,1.000000000e-04,-2.956079162e+08,342.469000,342.417300,0.000314,6.921285402e-06,2.511821e+08
86,38,1.000000000e-04,9.328940332e+08,342.417300,342.379000,0.003127,6.921285402e-06,2.512413e+08
86,39,1.000000000e-04,7.699461479e+08,342.379000,342.357000,0.002130,6.921285402e-06,2.512844e+08
87,0,1.000000000e-04,-8.473184221e+08,342.814000,342.828900,0.002579,6.921285402e-06,2.506536e+08
87,1,1.000000000e-04,-1.027629974e+09,342.828900,342.892000,0.003794,6.921285402e-06,2.505979e+08
87,2,1.000000000e-04,3.210224245e+08,342.892000,342.981000,0.000370,6.921285402e-06,2.504963e+08
87,3,1.000000000e-04,1.996377515e+08,342.981000,343.086000,0.000143,6.921285402e-06,2.503618e+08
87,4,1.000000000e-04,-4.306693533e+08,343.086000,343.216500,0.000666,6.921285402e-06,2.501975e+08
87,5,1.000000000e-04,-6.297770222e+08,343.216500,343.360800,0.001425,6.921285402e-06,2.500056e+08
87,6,1.000000000e-04,5.214438411e+08,343.360800,343.518300,0.000977,6.921285402e-06,2.497964e+08
87,7,1.000000000e-04,3.138384737e+08,343.518300,343.679400,0.000354,6.921285402e-06,2.495757e+08
87,8,1.000000000e-04,-3.481512473e+08,343.679400,343.853100,0.000435,6.921285402e-06,2.493429e+08
87,9,1.000000000e-04,-5.676427049e+08,343.853100,344.011500,0.001158,6.921285402e-06,2.491112e+08
87,10,1.000000000e-04,5.511779587e+08,344.011500,344.158800,0.001091,6.921285402e-06,2.488988e+08
87,11,1.000000000e-04,3.305784572e+08,344.158800,344.287000,0.000393,6.921285402e-06,2.487082e+08
87,12,1.000000000e-04,-3.358947726e+08,344.287000,344.391000,0.000405,6.921285402e-06,2.485468e+08
87,13,1.000000000e-04,-5.583072449e+08,344.391000,344.461100,0.001120,6.921285402e-06,2.484249e+08
87,14,1.000000000e-04,5.555482146e+08,344.461100,344.490000,0.001109,6.921285402e-06,2.483562e+08
87,15,1.000000000e-04,3.329697064e+08,344.490000,344.493000,0.000398,6.921285402e-06,2.483348e+08
87,16,1.000000000e-04,-3.342094713e+08,344.493000,344.454700,0.000401,6.921285402e-06,2.483594e+08
87,17,1.000000000e-04,-5.572069190e+08,344.454700,344.382300,0.001115,6.921285402e-06,2.484354e+08
87,18,1.000000000e-04,5.554985615e+08,344.382300,344.285900,0.001109,6.921285402e-06,2.485528e+08
87,19,1.000000000e-04,3.324020925e+08,344.285900,344.171000,0.000397,6.921285402e-06,2.487005e+08
87,20,1.000000000e-04,-3.352054299e+08,344.171000,344.035200,0.000404,6.921285402e-06,2.488747e+08
87,21,1.000000000e-04,-5.592524349e+08,344.035200,343.900000,0.001124,6.921285402e-06,2.490622e+08
87,22,1.000000000e-04,5.508461608e+08,343.900000,343.764300,0.001090,6.921285402e-06,2.492505e+08
87,23,1.000000000e-04,3.262723622e+08,343.764300,343.637900,0.000382,6.921285402e-06,2.494335e+08
87,24,1.000000000e-04,-3.435345020e+08,343.637900,343.511500,0.000424,6.921285402e-06,2.496092e+08
87,25,1.000000000e-04,-5.740259453e+08,343.511500,343.395100,0.001184,6.921285402e-06,2.497770e+08
87,26,1.000000000e-04,5.198931672e+08,343.395100,343.291000,0.000971,6.921285402e-06,2.499305e+08
87,27,1.000000000e-04,2.855707561e+08,343.291000,343.195300,0.000293,6.921285402e-06,2.500702e+08
87,28,1.000000000e-04,-3.992936886e+08,343.195300,343.100000,0.000573,6.921285402e-06,2.502026e+08
87,29,1.000000000e-04,-6.724806829e+08,343.100000,343.010000,0.001625,6.921285402e-06,2.503301e+08
87,30,1.000000000e-04,4.328651801e+08,343.010000,342.921000,0.000673,6.921285402e-06,2.504556e+08
87,31,1.000000000e-04,2.694132607e+08,342.921000,342.841000,0.000261,6.921285402e-06,2.505736e+08
87,32,1.000000000e-04,-3.198152421e+08,342.841000,342.761000,0.000367,6.921285402e-06,2.506847e+08
87,33,1.000000000e-04,-5.003573811e+08,342.761000,342.681000,0.000899,6.921285402e-06,2.507952e+08
87,34,1.000000000e-04,5.600212138e+08,342.681000,342.606500,0.001127,6.921285402e-06,2.509023e+08
87,35,1.000000000e-04,3.845104869e+08,342.606500,342.533000,0.000531,6.921285402e-06,2.510059e+08
87,36,1.000000000e-04,-1.866045069e+08,342.533000,342.469000,0.000125,6.921285402e-06,2.511020e+08
87,37,1.000000000e-04,-2.956079162e+08,342.469000,342.417300,0.000314,6.921285402e-06,2.511821e+08
87,38,1.000000000e-04,9.328940332e+08,342.417300,342.378100,0.003127,6.921285402e-06,2.512420e+08
87,39,1.000000000e-04,7.699461479e+08,342.378100,342.357000,0.002130,6.921285402e-06,2.512851e+08
88,0,1.000000000e-04,-8.070018484e+08,343.670000,343.718000,0.002340,6.921285402e-06,2.494410e+08
88,1,1.000000000e-04,-9.791724852e+08,343.718000,343.873300,0.003445,6.921285402e-06,2.492984e+08
88,2,1.000000000e-04,2.969507652e+08,343.873300,344.128700,0.000317,6.921285402e-06,2.490167e+08
88,3,1.000000000e-04,1.853971456e+08,344.128700,344.493000,0.000123,6.921285402e-06,2.485863e+08
88,4,1.000000000e-04,-4.080378864e+08,344.493000,345.012000,0.000598,6.921285402e-06,2.479718e+08
88,5,1.000000000e-04,-5.945719314e+08,345.012000,345.721000,0.001270,6.921285402e-06,2.471175e+08
88,6,1.000000000e-04,4.917746544e+08,345.721000,346.719900,0.000869,6.921285402e-06,2.459310e+08
88,7,1.000000000e-04,2.964482699e+08,346.719900,348.114400,0.000316,6.921285402e-06,2.442683e+08
88,8,1.000000000e-04,-3.284898005e+08,348.114400,350.072300,0.000388,6.921285402e-06,2.419383e+08
88,9,1.000000000e-04,-5.352114622e+08,350.072300,352.801500,0.001029,6.921285402e-06,2.386800e+08
88,10,1.000000000e-04,5.204969866e+08,352.801500,355.493800,0.000973,6.921285402e-06,2.349121e+08
88,11,1.000000000e-04,3.124860735e+08,355.493800,357.319600,0.000351,6.921285402e-06,2.317728e+08
88,12,1.000000000e-04,-3.171095405e+08,357.319600,358.496700,0.000361,6.921285402e-06,2.296857e+08
88,13,1.000000000e-04,-5.267656319e+08,358.496700,359.165100,0.000997,6.921285402e-06,2.284024e+08
88,14,1.000000000e-04,5.245160540e+08,359.165100,359.378500,0.000988,6.921285402e-06,2.277895e+08
88,15,1.000000000e-04,3.146632176e+08,359.378500,359.208100,0.000356,6.921285402e-06,2.277604e+08
88,16,1.000000000e-04,-3.156438872e+08,359.208100,358.580700,0.000358,6.921285402e-06,2.283149e+08
88,17,1.000000000e-04,-5.258455561e+08,358.580700,357.444900,0.000993,6.921285402e-06,2.295395e+08
88,18,1.000000000e-04,5.244973660e+08,357.444900,355.660800,0.000988,6.921285402e-06,2.315689e+08
88,19,1.000000000e-04,3.141778686e+08,355.660800,353.006500,0.000355,6.921285402e-06,2.346543e+08
88,20,1.000000000e-04,-3.165554777e+08,353.006500,350.315200,0.000360,6.921285402e-06,2.383695e+08
88,21,1.000000000e-04,-5.277210064e+08,350.315200,348.398100,0.001001,6.921285402e-06,2.415716e+08
88,22,1.000000000e-04,5.203454183e+08,348.398100,347.030300,0.000973,6.921285402e-06,2.438546e+08
88,23,1.000000000e-04,3.085332954e+08,347.030300,346.060900,0.000342,6.921285402e-06,2.454797e+08
88,24,1.000000000e-04,-3.245357736e+08,346.060900,345.377500,0.000378,6.921285402e-06,2.466284e+08
88,25,1.000000000e-04,-5.420417806e+08,345.377500,344.864000,0.001056,6.921285402e-06,2.474594e+08
88,26,1.000000000e-04,4.907095894e+08,344.864000,344.492000,0.000865,6.921285402e-06,2.480750e+08
88,27,1.000000000e-04,2.687452967e+08,344.492000,344.202300,0.000259,6.921285402e-06,2.485357e+08
88,28,1.000000000e-04,-3.803691627e+08,344.202300,343.973100,0.000520,6.921285402e-06,2.488960e+08
88,29,1.000000000e-04,-6.411725994e+08,343.973100,343.785500,0.001477,6.921285402e-06,2.491845e+08
88,30,1.000000000e-04,4.041885085e+08,343.785500,343.631000,0.000587,6.921285402e-06,2.494233e+08
88,31,1.000000000e-04,2.523473666e+08,343.631000,343.487700,0.000229,6.921285402e-06,2.496307e+08
88,32,1.000000000e-04,-3.024407440e+08,343.487700,343.360000,0.000329,6.921285402e-06,2.498190e+08
88,33,1.000000000e-04,-4.715840101e+08,343.360000,343.248000,0.000799,6.921285402e-06,2.499850e+08
88,34,1.000000000e-04,5.287125313e+08,343.248000,343.141000,0.001004,6.921285402e-06,2.501369e+08
88,35,1.000000000e-04,3.644028685e+08,343.141000,343.045000,0.000477,6.921285402e-06,2.502787e+08
88,36,1.000000000e-04,-1.731233926e+08,343.045000,342.956000,0.000108,6.921285402e-06,2.504077e+08
88,37,1.000000000e-04,-2.732280420e+08,342.956000,342.889000,0.000268,6.921285402e-06,2.505159e+08
88,38,1.000000000e-04,8.889384917e+08,342.889000,342.834000,0.002839,6.921285402e-06,2.505976e+08
88,39,1.000000000e-04,7.332822359e+08,342.834000,342.821000,0.001932,6.921285402e-06,2.506460e+08
89,0,1.000000000e-04,-8.070018484e+08,343.670000,343.718000,0.002340,6.921285402e-06,2.494410e+08
89,1,1.000000000e-04,-9.791724852e+08,343.718000,343.873300,0.003445,6.921285402e-06,2.492984e+08
89,2,1.000000000e-04,2.969507652e+08,343.873300,344.128700,0.000317,6.921285402e-06,2.490167e+08
89,3,1.000000000e-04,1.853971456e+08,344.128700,344.493000,0.000123,6.921285402e-06,2.485863e+08
89,4,1.000000000e-04,-4.080378864e+08,344.493000,345.012000,0.000598,6.921285402e-06,2.479718e+08
89,5,1.000000000e-04,-5.945719314e+08,345.012000,345.721000,0.001270,6.921285402e-06,2.471175e+08
89,6,1.000000000e-04,4.917746544e+08,345.721000,346.719900,0.000869,6.921285402e-06,2.459310e+08
89,7,1.000000000e-04,2.964482699e+08,346.719900,348.114400,0.000316,6.921285402e-06,2.442683e+08
89,8,1.000000000e-04,-3.284898005e+08,348.114400,350.072300,0.000388,6.921285402e-06,2.419383e+08
89,9,1.000000000e-04,-5.352114622e+08,350.072300,352.801500,0.001029,6.921285402e-06,2.386800e+08
89,10,1.000000000e-04,5.204969866e+08,352.801500,355.493800,0.000973,6.921285402e-06,2.349121e+08
89,11,1.000000000e-04,3.124860735e+08,355.493800,357.319600,0.000351,6.921285402e-06,2.317728e+08
89,12,1.000000000e-04,-3.171095405e+08,357.319600,358.496700,0.000361,6.921285402e-06,2.296857e+08
89,13,1.000000000e-04,-5.267656319e+08,358.496700,359.165100,0.000997,6.921285402e-06,2.284024e+08
89,14,1.000000000e-04,5.245160540e+08,359.165100,359.378500,0.000988,6.921285402e-06,2.277895e+08
89,15,1.000000000e-04,3.146632176e+08,359.378500,359.208100,0.000356,6.921285402e-06,2.277604e+08
89,16,1.000000000e-04,-3.156438872e+08,359.208100,358.580700,0.000358,6.921285402e-06,2.283149e+08
89,17,1.000000000e-04,-5.258455561e+08,358.580700,357.444900,0.000993,6.921285402e-06,2.295395e+08
89,18,1.000000000e-04,5.244973660e+08,357.444900,355.660800,0.000988,6.921285402e-06,2.315689e+08
89,19,1.000000000e-04,3.141778686e+08,355.660800,353.006500,0.000355,6.921285402e-06,2.346543e+08
89,20,1.000000000e-04,-3.165554777e+08,353.006500,350.315200,0.000360,6.921285402e-06,2.383695e+08
89,21,1.000000000e-04,-5.277210064e+08,350.315200,348.398100,0.001001,6.921285402e-06,2.415716e+08
89,22,1.000000000e-04,5.203454183e+08,348.398100,347.030300,0.000973,6.921285402e-06,2.438546e+08
89,23,1.000000000e-04,3.085332954e+08,347.030300,346.060900,0.000342,6.921285402e-06,2.454797e+08
89,24,1.000000000e-04,-3.245357736e+08,346.060900,345.377500,0.000378,6.921285402e-06,2.466284e+08
89,25,1.000000000e-04,-5.420417806e+08,345.377500,344.864000,0.001056,6.921285402e-06,2.474594e+08
89,26,1.000000000e-04,4.907095894e+08,344.864000,344.492000,0.000865,6.921285402e-06,2.480750e+08
89,27,1.000000000e-04,2.687452967e+08,344.492000,344.202000,0.000259,6.921285402e-06,2.485359e+08
89,28,1.000000000e-04,-3.803691627e+08,344.202000,343.973000,0.000520,6.921285402e-06,2.488963e+08
89,29,1.000000000e-04,-6.411725994e+08,343.973000,343.785500,0.001477,6.921285402e-06,2.491846e+08
89,30,1.000000000e-04,4.041885085e+08,343.785500,343.622900,0.000587,6.921285402e-06,2.494290e+08
89,31,1.000000000e-04,2.523473666e+08,343.622900,343.487700,0.000229,6.921285402e-06,2.496364e+08
89,32,1.000000000e-04,-3.024407440e+08,343.487700,343.360000,0.000329,6.921285402e-06,2.498190e+08
89,33,1.000000000e-04,-4.715840101e+08,343.360000,343.248000,0.000799,6.921285402e-06,2.499850e+08
89,34,1.000000000e-04,5.287125313e+08,343.248000,343.141000,0.001004,6.921285402e-06,2.501369e+08
89,35,1.000000000e-04,3.644028685e+08,343.141000,343.045000,0.000477,6.921285402e-06,2.502787e+08
89,36,1.000000000e-04,-1.731233926e+08,343.045000,342.956000,0.000108,6.921285402e-06,2.504077e+08
89,37,1.000000000e-04,-2.732280420e+08,342.956000,342.889000,0.000268,6.921285402e-06,2.505159e+08
89,38,1.000000000e-04,8.889384917e+08,342.889000,342.834000,0.002839,6.921285402e-06,2.505976e+08
89,39,1.000000000e-04,7.332822359e+08,342.834000,342.821000,0.001932,6.921285402e-06,2.506460e+08
90,0,1.000000000e-04,-8.083304727e+08,343.548000,343.592000,0.002348,6.921285402e-06,2.496134e+08
90,1,1.000000000e-04,-9.808409701e+08,343.592000,343.732000,0.003456,6.921285402e-06,2.494842e+08
90,2,1.000000000e-04,2.970578822e+08,343.732000,343.960200,0.000317,6.921285402e-06,2.492320e+08
90,3,1.000000000e-04,1.854505147e+08,343.960200,344.287000,0.000124,6.921285402e-06,2.488465e+08
90,4,1.000000000e-04,-4.086904651e+08,344.287000,344.750000,0.000600,6.921285402e-06,2.482971e+08
90,5,1.000000000e-04,-5.954305716e+08,344.750000,345.378100,0.001274,6.921285402e-06,2.475379e+08
90,6,1.000000000e-04,4.922419197e+08,345.378100,346.254600,0.000871,6.921285402e-06,2.464927e+08
90,7,1.000000000e-04,2.967312746e+08,346.254600,347.481600,0.000316,6.921285402e-06,2.450315e+08
90,8,1.000000000e-04,-3.289156561e+08,347.481600,349.205700,0.000389,6.921285402e-06,2.429804e+08
90,9,1.000000000e-04,-5.358616318e+08,349.205700,351.652500,0.001032,6.921285402e-06,2.400808e+08
90,10,1.000000000e-04,5.210551799e+08,351.652500,354.072600,0.000975,6.921285402e-06,2.366984e+08
90,11,1.000000000e-04,3.128245139e+08,354.072600,355.678300,0.000352,6.921285402e-06,2.339012e+08
90,12,1.000000000e-04,-3.174825909e+08,355.678300,356.706300,0.000362,6.921285402e-06,2.320708e+08
90,13,1.000000000e-04,-5.273679685e+08,356.706300,357.286600,0.000999,6.921285402e-06,2.309522e+08
90,14,1.000000000e-04,5.250936744e+08,357.286600,357.468000,0.000991,6.921285402e-06,2.304229e+08
90,15,1.000000000e-04,3.150131289e+08,357.468000,357.319600,0.000357,6.921285402e-06,2.304007e+08
90,16,1.000000000e-04,-3.160054668e+08,357.319600,356.782400,0.000359,6.921285402e-06,2.308772e+08
90,17,1.000000000e-04,-5.264378895e+08,356.782400,355.789400,0.000996,6.921285402e-06,2.319399e+08
90,18,1.000000000e-04,5.250757001e+08,355.789400,354.220600,0.000991,6.921285402e-06,2.337204e+08
90,19,1.000000000e-04,3.145269857e+08,354.220600,351.846000,0.000355,6.921285402e-06,2.364618e+08
90,20,1.000000000e-04,-3.169165162e+08,351.846000,349.428400,0.000361,6.921285402e-06,2.397924e+08
90,21,1.000000000e-04,-5.283137862e+08,349.428400,347.744700,0.001003,6.921285402e-06,2.426420e+08
90,22,1.000000000e-04,5.209147066e+08,347.744700,346.547600,0.000975,6.921285402e-06,2.446442e+08
90,23,1.000000000e-04,3.088754917e+08,346.547600,345.696100,0.000343,6.921285402e-06,2.460687e+08
90,24,1.000000000e-04,-3.248975065e+08,345.696100,345.095000,0.000379,6.921285402e-06,2.470782e+08
90,25,1.000000000e-04,-5.426334147e+08,345.095000,344.643300,0.001058,6.921285402e-06,2.478091e+08
90,26,1.000000000e-04,4.912677123e+08,344.643300,344.301100,0.000867,6.921285402e-06,2.483611e+08
90,27,1.000000000e-04,2.690843864e+08,344.301100,344.033000,0.000260,6.921285402e-06,2.487860e+08
90,28,1.000000000e-04,-3.807173799e+08,344.033000,343.820700,0.000521,6.921285402e-06,2.491196e+08
90,29,1.000000000e-04,-6.417376633e+08,343.820700,343.649500,0.001480,6.921285402e-06,2.493849e+08
90,30,1.000000000e-04,4.047722873e+08,343.649500,343.502000,0.000589,6.921285402e-06,2.496075e+08
90,31,1.000000000e-04,2.527257081e+08,343.502000,343.365000,0.000229,6.921285402e-06,2.498057e+08
90,32,1.000000000e-04,-3.027258322e+08,343.365000,343.250000,0.000329,6.921285402e-06,2.499807e+08
90,33,1.000000000e-04,-4.720439371e+08,343.250000,343.138000,0.000801,6.921285402e-06,2.501379e+08
90,34,1.000000000e-04,5.294842648e+08,343.138000,343.034000,0.001007,6.921285402e-06,2.502878e+08
90,35,1.000000000e-04,3.649898546e+08,343.034000,342.939000,0.000479,6.921285402e-06,2.504267e+08
90,36,1.000000000e-04,-1.731835750e+08,342.939000,342.859000,0.000108,6.921285402e-06,2.505488e+08
90,37,1.000000000e-04,-2.733374658e+08,342.859000,342.792000,0.000268,6.921285402e-06,2.506507e+08
90,38,1.000000000e-04,8.904576058e+08,342.792000,342.737000,0.002849,6.921285402e-06,2.507324e+08
90,39,1.000000000e-04,7.344940427e+08,342.737000,342.724000,0.001938,6.921285402e-06,2.507808e+08
91,0,1.000000000e-04,-8.083304727e+08,343.548000,343.592000,0.002348,6.921285402e-06,2.496134e+08
91,1,1.000000000e-04,-9.808409701e+08,343.592000,343.732000,0.003456,6.921285402e-06,2.494842e+08
91,2,1.000000000e-04,2.970578822e+08,343.732000,343.960200,0.000317,6.921285402e-06,2.492320e+08
91,3,1.000000000e-04,1.854505147e+08,343.960200,344.287000,0.000124,6.921285402e-06,2.488465e+08
91,4,1.000000000e-04,-4.086904651e+08,344.287000,344.750000,0.000600,6.921285402e-06,2.482971e+08
91,5,1.000000000e-04,-5.954305716e+08,344.750000,345.378100,0.001274,6.921285402e-06,2.475379e+08
91,6,1.000000000e-04,4.922419197e+08,345.378100,346.254600,0.000871,6.921285402e-06,2.464927e+08
91,7,1.000000000e-04,2.967312746e+08,346.254600,347.481600,0.000316,6.921285402e-06,2.450315e+08
91,8,1.000000000e-04,-3.289156561e+08,347.481600,349.205700,0.000389,6.921285402e-06,2.429804e+08
91,9,1.000000000e-04,-5.358616318e+08,349.205700,351.652500,0.001032,6.921285402e-06,2.400808e+08
91,10,1.000000000e-04,5.210551799e+08,351.652500,354.072600,0.000975,6.921285402e-06,2.366984e+08
91,11,1.000000000e-04,3.128245139e+08,354.072600,355.678300,0.000352,6.921285402e-06,2.339012e+08
91,12,1.000000000e-04,-3.174825909e+08,355.678300,356.706300,0.000362,6.921285402e-06,2.320708e+08
91,13,1.000000000e-04,-5.273679685e+08,356.706300,357.286600,0.000999,6.921285402e-06,2.309522e+08
91,14,1.000000000e-04,5.250936744e+08,357.286600,357.468000,0.000991,6.921285402e-06,2.304229e+08
91,15,1.000000000e-04,3.150131289e+08,357.468000,357.319600,0.000357,6.921285402e-06,2.304007e+08
91,16,1.000000000e-04,-3.160054668e+08,357.319600,356.782400,0.000359,6.921285402e-06,2.308772e+08
91,17,1.000000000e-04,-5.264378895e+08,356.782400,355.794300,0.000996,6.921285402e-06,2.319365e+08
91,18,1.000000000e-04,5.250757001e+08,355.794300,354.220600,0.000991,6.921285402e-06,2.337170e+08
91,19,1.000000000e-04,3.145269857e+08,354.220600,351.846000,0.000355,6.921285402e-06,2.364618e+08
91,20,1.000000000e-04,-3.169165162e+08,351.846000,349.428400,0.000361,6.921285402e-06,2.397924e+08
91,21,1.000000000e-04,-5.283137862e+08,349.428400,347.744700,0.001003,6.921285402e-06,2.426420e+08
91,22,1.000000000e-04,5.209147066e+08,347.744700,346.547600,0.000975,6.921285402e-06,2.446442e+08
91,23,1.000000000e-04,3.088754917e+08,346.547600,345.696100,0.000343,6.921285402e-06,2.460687e+08
91,24,1.000000000e-04,-3.248975065e+08,345.696100,345.095000,0.000379,6.921285402e-06,2.470782e+08
91,25,1.000000000e-04,-5.426334147e+08,345.095000,344.643300,0.001058,6.921285402e-06,2.478091e+08
91,26,1.000000000e-04,4.912677123e+08,344.643300,344.301100,0.000867,6.921285402e-06,2.483611e+08
91,27,1.000000000e-04,2.690843864e+08,344.301100,344.033000,0.000260,6.921285402e-06,2.487860e+08
91,28,1.000000000e-04,-3.807173799e+08,344.033000,343.820700,0.000521,6.921285402e-06,2.491196e+08
91,29,1.000000000e-04,-6.417376633e+08,343.820700,343.649500,0.001480,6.921285402e-06,2.493849e+08
91,30,1.000000000e-04,4.047722873e+08,343.649500,343.502000,0.000589,6.921285402e-06,2.496075e+08
91,31,1.000000000e-04,2.527257081e+08,343.502000,343.365000,0.000229,6.921285402e-06,2.498057e+08
91,32,1.000000000e-04,-3.027258322e+08,343.365000,343.250000,0.000329,6.921285402e-06,2.499807e+08
91,33,1.000000000e-04,-4.720439371e+08,343.250000,343.138000,0.000801,6.921285402e-06,2.501379e+08
91,34,1.000000000e-04,5.294842648e+08,343.138000,343.034000,0.001007,6.921285402e-06,2.502878e+08
91,35,1.000000000e-04,3.649898546e+08,343.034000,342.939000,0.000479,6.921285402e-06,2.504267e+08
91,36,1.000000000e-04,-1.731835750e+08,342.939000,342.859000,0.000108,6.921285402e-06,2.505488e+08
91,37,1.000000000e-04,-2.733374658e+08,342.859000,342.792000,0.000268,6.921285402e-06,2.506507e+08
91,38,1.000000000e-04,8.904576058e+08,342.792000,342.737000,0.002849,6.921285402e-06,2.507324e+08
91,39,1.000000000e-04,7.344940427e+08,342.737000,342.724000,0.001938,6.921285402e-06,2.507808e+08
92,0,1.000000000e-04,-8.061384959e+08,343.540000,343.576000,0.002335,6.921285402e-06,2.496301e+08
92,1,1.000000000e-04,-9.780789453e+08,343.576000,343.696500,0.003437,6.921285402e-06,2.495200e+08
92,2,1.000000000e-04,2.969245450e+08,343.696500,343.895000,0.000317,6.921285402e-06,2.493020e+08
92,3,1.000000000e-04,1.853930819e+08,343.895000,344.171000,0.000123,6.921285402e-06,2.489725e+08
92,4,1.000000000e-04,-4.076136054e+08,344.171000,344.540000,0.000597,6.921285402e-06,2.485236e+08
92,5,1.000000000e-04,-5.940239459e+08,344.540000,345.027000,0.001268,6.921285402e-06,2.479279e+08
92,6,1.000000000e-04,4.915126353e+08,345.027000,345.675000,0.000868,6.921285402e-06,2.471396e+08
92,7,1.000000000e-04,2.962894580e+08,345.675000,346.546500,0.000315,6.921285402e-06,2.460842e+08
92,8,1.000000000e-04,-3.282275387e+08,346.546500,347.707000,0.000387,6.921285402e-06,2.446719e+08
92,9,1.000000000e-04,-5.348172668e+08,347.707000,349.257500,0.001028,6.921285402e-06,2.427869e+08
92,10,1.000000000e-04,5.201655606e+08,349.257500,350.778500,0.000972,6.921285402e-06,2.406523e+08
92,11,1.000000000e-04,3.122846724e+08,350.778500,351.846000,0.000350,6.921285402e-06,2.388541e+08
92,12,1.000000000e-04,-3.168860354e+08,351.846000,352.549500,0.000361,6.921285402e-06,2.376232e+08
92,13,1.000000000e-04,-5.264055434e+08,352.549500,352.963500,0.000996,6.921285402e-06,2.368458e+08
92,14,1.000000000e-04,5.241692825e+08,352.963500,353.097500,0.000987,6.921285402e-06,2.364649e+08
92,15,1.000000000e-04,3.144528574e+08,353.097500,353.006500,0.000355,6.921285402e-06,2.364358e+08
92,16,1.000000000e-04,-3.154280061e+08,353.006500,352.637000,0.000357,6.921285402e-06,2.367558e+08
92,17,1.000000000e-04,-5.254916418e+08,352.637000,351.975000,0.000992,6.921285402e-06,2.374720e+08
92,18,1.000000000e-04,5.241490954e+08,351.975000,350.955500,0.000987,6.921285402e-06,2.386406e+08
92,19,1.000000000e-04,3.139672814e+08,350.955500,349.472500,0.000354,6.921285402e-06,2.403806e+08
92,20,1.000000000e-04,-3.163398234e+08,349.472500,347.964500,0.000360,6.921285402e-06,2.424594e+08
92,21,1.000000000e-04,-5.273664649e+08,347.964500,346.847500,0.000999,6.921285402e-06,2.442830e+08
92,22,1.000000000e-04,5.200016053e+08,346.847500,346.017500,0.000972,6.921285402e-06,2.456362e+08
92,23,1.000000000e-04,3.083266179e+08,346.017500,345.400500,0.000342,6.921285402e-06,2.466426e+08
92,24,1.000000000e-04,-3.243184132e+08,345.400500,344.937500,0.000378,6.921285402e-06,2.473931e+08
92,25,1.000000000e-04,-5.416855716e+08,344.937500,344.582000,0.001054,6.921285402e-06,2.479612e+08
92,26,1.000000000e-04,4.903743210e+08,344.582000,344.311500,0.000864,6.921285402e-06,2.483965e+08
92,27,1.000000000e-04,2.685423074e+08,344.311500,344.089000,0.000259,6.921285402e-06,2.487398e+08
92,28,1.000000000e-04,-3.801583619e+08,344.089000,343.910500,0.000519,6.921285402e-06,2.490182e+08
92,29,1.000000000e-04,-6.408312425e+08,343.910500,343.755000,0.001475,6.921285402e-06,2.492492e+08
92,30,1.000000000e-04,4.038394588e+08,343.755000,343.617500,0.000586,6.921285402e-06,2.494539e+08
92,31,1.000000000e-04,2.521175127e+08,343.617500,343.497500,0.000228,6.921285402e-06,2.496333e+08
92,32,1.000000000e-04,-3.022786017e+08,343.497500,343.385500,0.000328,6.921285402e-06,2.497944e+08
92,33,1.000000000e-04,-4.713247869e+08,343.385500,343.277000,0.000798,6.921285402e-06,2.499471e+08
92,34,1.000000000e-04,5.282217194e+08,343.277000,343.180000,0.001002,6.921285402e-06,2.500897e+08
92,35,1.000000000e-04,3.640220341e+08,343.180000,343.085000,0.000476,6.921285402e-06,2.502238e+08
92,36,1.000000000e-04,-1.731133932e+08,343.085000,343.005000,0.000108,6.921285402e-06,2.503458e+08
92,37,1.000000000e-04,-2.731981847e+08,343.005000,342.934500,0.000268,6.921285402e-06,2.504502e+08
92,38,1.000000000e-04,8.879445401e+08,342.934500,342.883000,0.002833,6.921285402e-06,2.505319e+08
92,39,1.000000000e-04,7.324964211e+08,342.883000,342.865000,0.001928,6.921285402e-06,2.505813e+08
93,0,1.000000000e-04,-8.061384959e+08,343.535000,343.576000,0.002335,6.921285402e-06,2.496336e+08
93,1,1.000000000e-04,-9.780789453e+08,343.576000,343.696500,0.003437,6.921285402e-06,2.495200e+08
93,2,1.000000000e-04,2.969245450e+08,343.696500,343.895000,0.000317,6.921285402e-06,2.493020e+08
93,3,1.000000000e-04,1.853930819e+08,343.895000,344.171000,0.000123,6.921285402e-06,2.489725e+08
93,4,1.000000000e-04,-4.076136054e+08,344.171000,344.540000,0.000597,6.921285402e-06,2.485236e+08
93,5,1.000000000e-04,-5.940239459e+08,344.540000,345.027000,0.001268,6.921285402e-06,2.479279e+08
93,6,1.000000000e-04,4.915126353e+08,345.027000,345.675000,0.000868,6.921285402e-06,2.471396e+08
93,7,1.000000000e-04,2.962894580e+08,345.675000,346.546500,0.000315,6.921285402e-06,2.460842e+08
93,8,1.000000000e-04,-3.282275387e+08,346.546500,347.707000,0.000387,6.921285402e-06,2.446719e+08
93,9,1.000000000e-04,-5.348172668e+08,347.707000,349.257500,0.001028,6.921285402e-06,2.427869e+08
93,10,1.000000000e-04,5.201655606e+08,349.257500,350.778500,0.000972,6.921285402e-06,2.406523e+08
93,11,1.000000000e-04,3.122846724e+08,350.778500,351.846000,0.000350,6.921285402e-06,2.388541e+08
93,12,1.000000000e-04,-3.168860354e+08,351.846000,352.549500,0.000361,6.921285402e-06,2.376232e+08
93,13,1.000000000e-04,-5.264055434e+08,352.549500,352.963500,0.000996,6.921285402e-06,2.368458e+08
93,14,1.000000000e-04,5.241692825e+08,352.963500,353.097500,0.000987,6.921285402e-06,2.364649e+08
93,15,1.000000000e-04,3.144528574e+08,353.097500,353.006500,0.000355,6.921285402e-06,2.364358e+08
93,16,1.000000000e-04,-3.154280061e+08,353.006500,352.637000,0.000357,6.921285402e-06,2.367558e+08
93,17,1.000000000e-04,-5.254916418e+08,352.637000,351.975000,0.000992,6.921285402e-06,2.374720e+08
93,18,1.000000000e-04,5.241490954e+08,351.975000,350.955500,0.000987,6.921285402e-06,2.386406e+08
93,19,1.000000000e-04,3.139672814e+08,350.955500,349.472500,0.000354,6.921285402e-06,2.403806e+08
93,20,1.000000000e-04,-3.163398234e+08,349.472500,347.964500,0.000360,6.921285402e-06,2.424594e+08
93,21,1.000000000e-04,-5.273664649e+08,347.964500,346.847500,0.000999,6.921285402e-06,2.442830e+08
93,22,1.000000000e-04,5.200016053e+08,346.847500,346.017500,0.000972,6.921285402e-06,2.456362e+08
93,23,1.000000000e-04,3.083266179e+08,346.017500,345.400500,0.000342,6.921285402e-06,2.466426e+08
93,24,1.000000000e-04,-3.243184132e+08,345.400500,344.937500,0.000378,6.921285402e-06,2.473931e+08
93,25,1.000000000e-04,-5.416855716e+08,344.937500,344.586500,0.001054,6.921285402e-06,2.479581e+08
93,26,1.000000000e-04,4.903743210e+08,344.586500,344.311500,0.000864,6.921285402e-06,2.483934e+08
93,27,1.000000000e-04,2.685423074e+08,344.311500,344.089000,0.000259,6.921285402e-06,2.487398e+08
93,28,1.000000000e-04,-3.801583619e+08,344.089000,343.910500,0.000519,6.921285402e-06,2.490182e+08
93,29,1.000000000e-04,-6.408312425e+08,343.910500,343.755000,0.001475,6.921285402e-06,2.492492e+08
93,30,1.000000000e-04,4.038394588e+08,343.755000,343.617500,0.000586,6.921285402e-06,2.494539e+08
93,31,1.000000000e-04,2.521175127e+08,343.617500,343.497500,0.000228,6.921285402e-06,2.496333e+08
93,32,1.000000000e-04,-3.022786017e+08,343.497500,343.385500,0.000328,6.921285402e-06,2.497944e+08
93,33,1.000000000e-04,-4.713247869e+08,343.385500,343.277000,0.000798,6.921285402e-06,2.499471e+08
93,34,1.000000000e-04,5.282217194e+08,343.277000,343.180000,0.001002,6.921285402e-06,2.500897e+08
93,35,1.000000000e-04,3.640220341e+08,343.180000,343.085000,0.000476,6.921285402e-06,2.502238e+08
93,36,1.000000000e-04,-1.731133932e+08,343.085000,343.005000,0.000108,6.921285402e-06,2.503458e+08
93,37,1.000000000e-04,-2.731981847e+08,343.005000,342.934500,0.000268,6.921285402e-06,2.504502e+08
93,38,1.000000000e-04,8.879445401e+08,342.934500,342.883000,0.002833,6.921285402e-06,2.505319e+08
93,39,1.000000000e-04,7.324964211e+08,342.883000,342.865000,0.001928,6.921285402e-06,2.505813e+08
94,0,1.000000000e-04,-8.151059139e+08,343.201000,343.233300,0.002387,6.921285402e-06,2.501038e+08
94,1,1.000000000e-04,-9.890952966e+08,343.233300,343.330000,0.003515,6.921285402e-06,2.500128e+08
94,2,1.000000000e-04,2.988309347e+08,343.330000,343.477900,0.000321,6.921285402e-06,2.498466e+08
94,3,1.000000000e-04,1.865632708e+08,343.477900,343.679400,0.000125,6.921285402e-06,2.496040e+08
94,4,1.000000000e-04,-4.120612179e+08,343.679400,343.945500,0.000610,6.921285402e-06,2.492785e+08
94,5,1.000000000e-04,-6.001599145e+08,343.945500,344.274500,0.001294,6.921285402e-06,2.488641e+08
94,6,1.000000000e-04,4.957048439e+08,344.274500,344.676400,0.000883,6.921285402e-06,2.483566e+08
94,7,1.000000000e-04,2.988315102e+08,344.676400,345.169200,0.000321,6.921285402e-06,2.477354e+08
94,8,1.000000000e-04,-3.314755946e+08,345.169200,345.746600,0.000395,6.921285402e-06,2.469915e+08
94,9,1.000000000e-04,-5.399175821e+08,345.746600,346.373500,0.001047,6.921285402e-06,2.461538e+08
94,10,1.000000000e-04,5.247990040e+08,346.373500,346.976700,0.000990,6.921285402e-06,2.452989e+08
94,11,1.000000000e-04,3.150935723e+08,346.976700,347.481600,0.000357,6.921285402e-06,2.445296e+08
94,12,1.000000000e-04,-3.198737067e+08,347.481600,347.849700,0.000368,6.921285402e-06,2.439228e+08
94,13,1.000000000e-04,-5.312655921e+08,347.849700,348.082100,0.001014,6.921285402e-06,2.435047e+08
94,14,1.000000000e-04,5.288980254e+08,348.082100,348.162000,0.001005,6.921285402e-06,2.432876e+08
94,15,1.000000000e-04,3.173181258e+08,348.162000,348.114400,0.000362,6.921285402e-06,2.432660e+08
94,16,1.000000000e-04,-3.183580134e+08,348.114400,347.921600,0.000364,6.921285402e-06,2.434330e+08
94,17,1.000000000e-04,-5.303022976e+08,347.921600,347.582700,0.001010,6.921285402e-06,2.438018e+08
94,18,1.000000000e-04,5.288753889e+08,347.582700,347.114700,0.001005,6.921285402e-06,2.443626e+08
94,19,1.000000000e-04,3.168206214e+08,347.114700,346.546500,0.000361,6.921285402e-06,2.450835e+08
94,20,1.000000000e-04,-3.192765917e+08,346.546500,345.952300,0.000366,6.921285402e-06,2.458914e+08
94,21,1.000000000e-04,-5.321951621e+08,345.952300,345.413200,0.001018,6.921285402e-06,2.466783e+08
94,22,1.000000000e-04,5.246480276e+08,345.413200,344.952400,0.000989,6.921285402e-06,2.473732e+08
94,23,1.000000000e-04,3.111120519e+08,344.952400,344.573500,0.000348,6.921285402e-06,2.479576e+08
94,24,1.000000000e-04,-3.272837727e+08,344.573500,344.267000,0.000385,6.921285402e-06,2.484339e+08
94,25,1.000000000e-04,-5.465416746e+08,344.267000,344.016700,0.001073,6.921285402e-06,2.488200e+08
94,26,1.000000000e-04,4.948748295e+08,344.016700,343.810900,0.000880,6.921285402e-06,2.491373e+08
94,27,1.000000000e-04,2.712488078e+08,343.810900,343.635200,0.000264,6.921285402e-06,2.494031e+08
94,28,1.000000000e-04,-3.830609564e+08,343.635200,343.487000,0.000527,6.921285402e-06,2.496279e+08
94,29,1.000000000e-04,-6.455384487e+08,343.487000,343.361500,0.001497,6.921285402e-06,2.498170e+08
94,30,1.000000000e-04,4.083868461e+08,343.361500,343.238700,0.000599,6.921285402e-06,2.499906e+08
94,31,1.000000000e-04,2.549782354e+08,343.238700,343.133000,0.000234,6.921285402e-06,2.501499e+08
94,32,1.000000000e-04,-3.048211461e+08,343.133000,343.034000,0.000334,6.921285402e-06,2.502920e+08
94,33,1.000000000e-04,-4.754205477e+08,343.034000,342.938000,0.000812,6.921285402e-06,2.504270e+08
94,34,1.000000000e-04,5.337090502e+08,342.938000,342.845500,0.001023,6.921285402e-06,2.505577e+08
94,35,1.000000000e-04,3.680026834e+08,342.845500,342.764000,0.000487,6.921285402e-06,2.506793e+08
94,36,1.000000000e-04,-1.742682393e+08,342.764000,342.691000,0.000109,6.921285402e-06,2.507871e+08
94,37,1.000000000e-04,-2.750217167e+08,342.691000,342.627000,0.000272,6.921285402e-06,2.508822e+08
94,38,1.000000000e-04,8.979581441e+08,342.627000,342.581000,0.002897,6.921285402e-06,2.509555e+08
94,39,1.000000000e-04,7.406638755e+08,342.581000,342.569000,0.001971,6.921285402e-06,2.509969e+08
95,0,1.000000000e-04,-8.151059139e+08,343.201000,343.233300,0.002387,6.921285402e-06,2.501038e+08
95,1,1.000000000e-04,-9.890952966e+08,343.233300,343.330000,0.003515,6.921285402e-06,2.500128e+08
95,2,1.000000000e-04,2.988309347e+08,343.330000,343.477900,0.000321,6.921285402e-06,2.498466e+08
95,3,1.000000000e-04,1.865632708e+08,343.477900,343.679400,0.000125,6.921285402e-06,2.496040e+08
95,4,1.000000000e-04,-4.120612179e+08,343.679400,343.945500,0.000610,6.921285402e-06,2.492785e+08
95,5,1.000000000e-04,-6.001599145e+08,343.945500,344.274500,0.001294,6.921285402e-06,2.488641e+08
95,6,1.000000000e-04,4.957048439e+08,344.274500,344.676400,0.000883,6.921285402e-06,2.483566e+08
95,7,1.000000000e-04,2.988315102e+08,344.676400,345.169200,0.000321,6.921285402e-06,2.477354e+08
95,8,1.000000000e-04,-3.314755946e+08,345.169200,345.746600,0.000395,6.921285402e-06,2.469915e+08
95,9,1.000000000e-04,-5.399175821e+08,345.746600,346.373500,0.001047,6.921285402e-06,2.461538e+08
95,10,1.000000000e-04,5.247990040e+08,346.373500,346.976700,0.000990,6.921285402e-06,2.452989e+08
95,11,1.000000000e-04,3.150935723e+08,346.976700,347.481600,0.000357,6.921285402e-06,2.445296e+08
95,12,1.000000000e-04,-3.198737067e+08,347.481600,347.849700,0.000368,6.921285402e-06,2.439228e+08
95,13,1.000000000e-04,-5.312655921e+08,347.849700,348.082100,0.001014,6.921285402e-06,2.435047e+08
95,14,1.000000000e-04,5.288980254e+08,348.082100,348.162000,0.001005,6.921285402e-06,2.432876e+08
95,15,1.000000000e-04,3.173181258e+08,348.162000,348.114400,0.000362,6.921285402e-06,2.432660e+08
95,16,1.000000000e-04,-3.183580134e+08,348.114400,347.921600,0.000364,6.921285402e-06,2.434330e+08
95,17,1.000000000e-04,-5.303022976e+08,347.921600,347.582700,0.001010,6.921285402e-06,2.438018e+08
95,18,1.000000000e-04,5.288753889e+08,347.582700,347.114700,0.001005,6.921285402e-06,2.443626e+08
95,19,1.000000000e-04,3.168206214e+08,347.114700,346.546500,0.000361,6.921285402e-06,2.450835e+08
95,20,1.000000000e-04,-3.192765917e+08,346.546500,345.952300,0.000366,6.921285402e-06,2.458914e+08
95,21,1.000000000e-04,-5.321951621e+08,345.952300,345.413200,0.001018,6.921285402e-06,2.466783e+08
95,22,1.000000000e-04,5.246480276e+08,345.413200,344.951500,0.000989,6.921285402e-06,2.473738e+08
95,23,1.000000000e-04,3.111120519e+08,344.951500,344.573200,0.000348,6.921285402e-06,2.479584e+08
95,24,1.000000000e-04,-3.272837727e+08,344.573200,344.267000,0.000385,6.921285402e-06,2.484341e+08
95,25,1.000000000e-04,-5.465416746e+08,344.267000,344.016700,0.001073,6.921285402e-06,2.488200e+08
95,26,1.000000000e-04,4.948748295e+08,344.016700,343.810900,0.000880,6.921285402e-06,2.491373e+08
95,27,1.000000000e-04,2.712488078e+08,343.810900,343.635200,0.000264,6.921285402e-06,2.494031e+08
95,28,1.000000000e-04,-3.830609564e+08,343.635200,343.487000,0.000527,6.921285402e-06,2.496279e+08
95,29,1.000000000e-04,-6.455384487e+08,343.487000,343.358000,0.001497,6.921285402e-06,2.498194e+08
95,30,1.000000000e-04,4.083868461e+08,343.358000,343.238700,0.000599,6.921285402e-06,2.499931e+08
95,31,1.000000000e-04,2.549782354e+08,343.238700,343.133000,0.000234,6.921285402e-06,2.501499e+08
95,32,1.000000000e-04,-3.048211461e+08,343.133000,343.034000,0.000334,6.921285402e-06,2.502920e+08
95,33,1.000000000e-04,-4.754205477e+08,343.034000,342.938000,0.000812,6.921285402e-06,2.504270e+08
95,34,1.000000000e-04,5.337090502e+08,342.938000,342.845500,0.001023,6.921285402e-06,2.505577e+08
95,35,1.000000000e-04,3.680026834e+08,342.845500,342.764000,0.000487,6.921285402e-06,2.506793e+08
95,36,1.000000000e-04,-1.742682393e+08,342.764000,342.691000,0.000109,6.921285402e-06,2.507871e+08
95,37,1.000000000e-04,-2.750217167e+08,342.691000,342.627000,0.000272,6.921285402e-06,2.508822e+08
95,38,1.000000000e-04,8.979581441e+08,342.627000,342.581000,0.002897,6.921285402e-06,2.509555e+08
95,39,1.000000000e-04,7.406638755e+08,342.581000,342.569000,0.001971,6.921285402e-06,2.509969e+08
96,0,1.000000000e-04,-6.639434040e+08,342.748000,342.763700,0.001584,6.921285402e-06,2.507460e+08
96,1,1.000000000e-04,-1.930356978e+09,342.763700,342.811100,0.013388,6.921285402e-06,2.506880e+08
96,2,1.000000000e-04,1.690134893e+09,342.811100,342.883000,0.010263,6.921285402e-06,2.506088e+08
96,3,1.000000000e-04,3.884489731e+08,342.883000,342.972000,0.000542,6.921285402e-06,2.505086e+08
96,4,1.000000000e-04,-4.188675266e+08,342.972000,343.071500,0.000630,6.921285402e-06,2.503775e+08
96,5,1.000000000e-04,-1.659716340e+09,343.071500,343.181700,0.009897,6.921285402e-06,2.502207e+08
96,6,1.000000000e-04,1.628040007e+09,343.181700,343.295900,0.009523,6.921285402e-06,2.500652e+08
96,7,1.000000000e-04,3.917887152e+08,343.295900,343.412100,0.000551,6.921285402e-06,2.499158e+08
96,8,1.000000000e-04,-3.967388932e+08,343.412100,343.529000,0.000566,6.921285402e-06,2.497538e+08
96,9,1.000000000e-04,-1.623089829e+09,343.529000,343.636500,0.009465,6.921285402e-06,2.495871e+08
96,10,1.000000000e-04,1.617889523e+09,343.636500,343.735700,0.009404,6.921285402e-06,2.494436e+08
96,11,1.000000000e-04,3.923007763e+08,343.735700,343.822000,0.000553,6.921285402e-06,2.493252e+08
96,12,1.000000000e-04,-3.931243376e+08,343.822000,343.888100,0.000555,6.921285402e-06,2.492193e+08
96,13,1.000000000e-04,-1.617065962e+09,343.888100,343.934700,0.009395,6.921285402e-06,2.491304e+08
96,14,1.000000000e-04,1.616144453e+09,343.934700,343.959000,0.009384,6.921285402e-06,2.490811e+08
96,15,1.000000000e-04,3.923369216e+08,343.959000,343.963300,0.000553,6.921285402e-06,2.490718e+08
96,16,1.000000000e-04,-3.925388530e+08,343.963300,343.947900,0.000554,6.921285402e-06,2.490796e+08
96,17,1.000000000e-04,-1.615942522e+09,343.947900,343.908000,0.009382,6.921285402e-06,2.491074e+08
96,18,1.000000000e-04,1.615361277e+09,343.908000,343.853700,0.009375,6.921285402e-06,2.491729e+08
96,19,1.000000000e-04,3.920419387e+08,343.853700,343.786500,0.000552,6.921285402e-06,2.492679e+08
96,20,1.000000000e-04,-3.924874765e+08,343.786500,343.707300,0.000553,6.921285402e-06,2.493696e+08
96,21,1.000000000e-04,-1.614915739e+09,343.707300,343.616100,0.009370,6.921285402e-06,2.494775e+08
96,22,1.000000000e-04,1.612184211e+09,343.616100,343.531900,0.009338,6.921285402e-06,2.495995e+08
96,23,1.000000000e-04,3.901552943e+08,343.531900,343.438000,0.000547,6.921285402e-06,2.497338e+08
96,24,1.000000000e-04,-3.927447283e+08,343.438000,343.350000,0.000554,6.921285402e-06,2.498602e+08
96,25,1.000000000e-04,-1.609594777e+09,343.350000,343.260000,0.009308,6.921285402e-06,2.499734e+08
96,26,1.000000000e-04,1.593077395e+09,343.260000,343.175100,0.009118,6.921285402e-06,2.500952e+08
96,27,1.000000000e-04,3.786469724e+08,343.175100,343.093000,0.000515,6.921285402e-06,2.502216e+08
96,28,1.000000000e-04,-3.944134195e+08,343.093000,343.015700,0.000559,6.921285402e-06,2.503323e+08
96,29,1.000000000e-04,-1.577310948e+09,343.015700,342.936000,0.008939,6.921285402e-06,2.504314e+08
96,30,1.000000000e-04,1.503667469e+09,342.936000,342.863300,0.008123,6.921285402e-06,2.505383e+08
96,31,1.000000000e-04,3.592237884e+08,342.863300,342.786000,0.000464,6.921285402e-06,2.506517e+08
96,32,1.000000000e-04,-3.661980449e+08,342.786000,342.711100,0.000482,6.921285402e-06,2.507574e+08
96,33,1.000000000e-04,-1.496693212e+09,342.711100,342.638700,0.008048,6.921285402e-06,2.508508e+08
96,34,1.000000000e-04,1.513513860e+09,342.638700,342.571000,0.008230,6.921285402e-06,2.509479e+08
96,35,1.000000000e-04,3.805926829e+08,342.571000,342.500700,0.000520,6.921285402e-06,2.510530e+08
96,36,1.000000000e-04,-3.547740971e+08,342.500700,342.445100,0.000452,6.921285402e-06,2.511406e+08
96,37,1.000000000e-04,-1.539332446e+09,342.445100,342.395000,0.008513,6.921285402e-06,2.512044e+08
96,38,1.000000000e-04,1.756082569e+09,342.395000,342.356000,0.011080,6.921285402e-06,2.512633e+08
96,39,1.000000000e-04,6.038731420e+08,342.356000,342.344000,0.001310,6.921285402e-06,2.513104e+08
97,0,1.000000000e-04,-6.639434040e+08,342.748000,342.763700,0.001584,6.921285402e-06,2.507460e+08
97,1,1.000000000e-04,-1.930356978e+09,342.763700,342.811100,0.013388,6.921285402e-06,2.506880e+08
97,2,1.000000000e-04,1.690134893e+09,342.811100,342.883000,0.010263,6.921285402e-06,2.506088e+08
97,3,1.000000000e-04,3.884489731e+08,342.883000,342.972000,0.000542,6.921285402e-06,2.505086e+08
97,4,1.000000000e-04,-4.188675266e+08,342.972000,343.071500,0.000630,6.921285402e-06,2.503775e+08
97,5,1.000000000e-04,-1.659716340e+09,343.071500,343.181700,0.009897,6.921285402e-06,2.502207e+08
97,6,1.000000000e-04,1.628040007e+09,343.181700,343.295900,0.009523,6.921285402e-06,2.500652e+08
97,7,1.000000000e-04,3.917887152e+08,343.295900,343.412100,0.000551,6.921285402e-06,2.499158e+08
97,8,1.000000000e-04,-3.967388932e+08,343.412100,343.529000,0.000566,6.921285402e-06,2.497538e+08
97,9,1.000000000e-04,-1.623089829e+09,343.529000,343.636500,0.009465,6.921285402e-06,2.495871e+08
97,10,1.000000000e-04,1.617889523e+09,343.636500,343.735700,0.009404,6.921285402e-06,2.494436e+08
97,11,1.000000000e-04,3.923007763e+08,343.735700,343.822000,0.000553,6.921285402e-06,2.493252e+08
97,12,1.000000000e-04,-3.931243376e+08,343.822000,343.888100,0.000555,6.921285402e-06,2.492193e+08
97,13,1.000000000e-04,-1.617065962e+09,343.888100,343.934700,0.009395,6.921285402e-06,2.491304e+08
97,14,1.000000000e-04,1.616144453e+09,343.934700,343.959000,0.009384,6.921285402e-06,2.490811e+08
97,15,1.000000000e-04,3.923369216e+08,343.959000,343.963300,0.000553,6.921285402e-06,2.490718e+08
97,16,1.000000000e-04,-3.925388530e+08,343.963300,343.947900,0.000554,6.921285402e-06,2.490796e+08
97,17,1.000000000e-04,-1.615942522e+09,343.947900,343.908000,0.009382,6.921285402e-06,2.491074e+08
97,18,1.000000000e-04,1.615361277e+09,343.908000,343.853700,0.009375,6.921285402e-06,2.491729e+08
97,19,1.000000000e-04,3.920419387e+08,343.853700,343.786500,0.000552,6.921285402e-06,2.492679e+08
97,20,1.000000000e-04,-3.924874765e+08,343.786500,343.707300,0.000553,6.921285402e-06,2.493696e+08
97,21,1.000000000e-04,-1.614915739e+09,343.707300,343.621000,0.009370,6.921285402e-06,2.494741e+08
97,22,1.000000000e-04,1.612184211e+09,343.621000,343.531900,0.009338,6.921285402e-06,2.495961e+08
97,23,1.000000000e-04,3.901552943e+08,343.531900,343.438000,0.000547,6.921285402e-06,2.497338e+08
97,24,1.000000000e-04,-3.927447283e+08,343.438000,343.350000,0.000554,6.921285402e-06,2.498602e+08
97,25,1.000000000e-04,-1.609594777e+09,343.350000,343.262700,0.009308,6.921285402e-06,2.499715e+08
97,26,1.000000000e-04,1.593077395e+09,343.262700,343.175100,0.009118,6.921285402e-06,2.500933e+08
97,27,1.000000000e-04,3.786469724e+08,343.175100,343.093000,0.000515,6.921285402e-06,2.502216e+08
97,28,1.000000000e-04,-3.944134195e+08,343.093000,343.015700,0.000559,6.921285402e-06,2.503323e+08
97,29,1.000000000e-04,-1.577310948e+09,343.015700,342.936000,0.008939,6.921285402e-06,2.504314e+08
97,30,1.000000000e-04,1.503667469e+09,342.936000,342.863300,0.008123,6.921285402e-06,2.505383e+08
97,31,1.000000000e-04,3.592237884e+08,342.863300,342.786000,0.000464,6.921285402e-06,2.506517e+08
97,32,1.000000000e-04,-3.661980449e+08,342.786000,342.711100,0.000482,6.921285402e-06,2.507574e+08
97,33,1.000000000e-04,-1.496693212e+09,342.711100,342.638700,0.008048,6.921285402e-06,2.508508e+08
97,34,1.000000000e-04,1.513513860e+09,342.638700,342.571000,0.008230,6.921285402e-06,2.509479e+08
97,35,1.000000000e-04,3.805926829e+08,342.571000,342.507000,0.000520,6.921285402e-06,2.510487e+08
97,36,1.000000000e-04,-3.547740971e+08,342.507000,342.445100,0.000452,6.921285402e-06,2.511362e+08
97,37,1.000000000e-04,-1.539332446e+09,342.445100,342.395000,0.008513,6.921285402e-06,2.512044e+08
97,38,1.000000000e-04,1.756082569e+09,342.395000,342.356000,0.011080,6.921285402e-06,2.512633e+08
97,39,1.000000000e-04,6.038731420e+08,342.356000,342.344000,0.001310,6.921285402e-06,2.513104e+08
98,0,1.000000000e-04,-8.023741757e+08,343.255000,343.279100,0.002313,6.921285402e-06,2.500345e+08
98,1,1.000000000e-04,-9.734149539e+08,343.279100,343.358000,0.003404,6.921285402e-06,2.499616e+08
98,2,1.000000000e-04,2.963216075e+08,343.358000,343.483300,0.000315,6.921285402e-06,2.498234e+08
98,3,1.000000000e-04,1.850244553e+08,343.483300,343.637900,0.000123,6.921285402e-06,2.496291e+08
98,4,1.000000000e-04,-4.057828902e+08,343.637900,343.825000,0.000592,6.921285402e-06,2.493911e+08
98,5,1.000000000e-04,-5.915519422e+08,343.825000,344.038300,0.001257,6.921285402e-06,2.491120e+08
98,6,1.000000000e-04,4.898532620e+08,344.038300,344.290100,0.000862,6.921285402e-06,2.487892e+08
98,7,1.000000000e-04,2.952737798e+08,344.290100,344.573200,0.000313,6.921285402e-06,2.484181e+08
98,8,1.000000000e-04,-3.269446054e+08,344.573200,344.869600,0.000384,6.921285402e-06,2.480153e+08
98,9,1.000000000e-04,-5.328041219e+08,344.869600,345.166000,0.001020,6.921285402e-06,2.476025e+08
98,10,1.000000000e-04,5.182847332e+08,345.166000,345.457400,0.000965,6.921285402e-06,2.471941e+08
98,11,1.000000000e-04,3.111409917e+08,345.457400,345.696100,0.000348,6.921285402e-06,2.468264e+08
98,12,1.000000000e-04,-3.157002198e+08,345.696100,345.889600,0.000358,6.921285402e-06,2.465260e+08
98,13,1.000000000e-04,-5.244680281e+08,345.889600,346.017900,0.000988,6.921285402e-06,2.463016e+08
98,14,1.000000000e-04,5.222520636e+08,346.017900,346.071000,0.000980,6.921285402e-06,2.461755e+08
98,15,1.000000000e-04,3.132890790e+08,346.071000,346.060900,0.000353,6.921285402e-06,2.461464e+08
98,16,1.000000000e-04,-3.142560617e+08,346.060900,345.980600,0.000355,6.921285402e-06,2.462092e+08
98,17,1.000000000e-04,-5.235633507e+08,345.980600,345.835100,0.000985,6.921285402e-06,2.463654e+08
98,18,1.000000000e-04,5.222304071e+08,345.835100,345.635400,0.000980,6.921285402e-06,2.466053e+08
98,19,1.000000000e-04,3.128054396e+08,345.635400,345.400500,0.000352,6.921285402e-06,2.469081e+08
98,20,1.000000000e-04,-3.151637390e+08,345.400500,345.142600,0.000357,6.921285402e-06,2.472506e+08
98,21,1.000000000e-04,-5.254292123e+08,345.142600,344.887200,0.000992,6.921285402e-06,2.476066e+08
98,22,1.000000000e-04,5.181039790e+08,344.887200,344.657800,0.000964,6.921285402e-06,2.479436e+08
98,23,1.000000000e-04,3.071880064e+08,344.657800,344.446100,0.000339,6.921285402e-06,2.482509e+08
98,24,1.000000000e-04,-3.231190984e+08,344.446100,344.264500,0.000375,6.921285402e-06,2.485242e+08
98,25,1.000000000e-04,-5.397130780e+08,344.264500,344.107900,0.001047,6.921285402e-06,2.487584e+08
98,26,1.000000000e-04,4.885565513e+08,344.107900,343.969300,0.000858,6.921285402e-06,2.489638e+08
98,27,1.000000000e-04,2.674680945e+08,343.969300,343.852700,0.000257,6.921285402e-06,2.491419e+08
98,28,1.000000000e-04,-3.789370094e+08,343.852700,343.740000,0.000516,6.921285402e-06,2.493010e+08
98,29,1.000000000e-04,-6.388529963e+08,343.740000,343.642000,0.001466,6.921285402e-06,2.494463e+08
98,30,1.000000000e-04,4.021100026e+08,343.642000,343.555000,0.000581,6.921285402e-06,2.495759e+08
98,31,1.000000000e-04,2.510280316e+08,343.555000,343.465300,0.000226,6.921285402e-06,2.496991e+08
98,32,1.000000000e-04,-3.012559034e+08,343.465300,343.374700,0.000326,6.921285402e-06,2.498243e+08
98,33,1.000000000e-04,-4.697142931e+08,343.374700,343.294000,0.000793,6.921285402e-06,2.499428e+08
98,34,1.000000000e-04,5.260218463e+08,343.294000,343.204000,0.000994,6.921285402e-06,2.500612e+08
98,35,1.000000000e-04,3.623867376e+08,343.204000,343.124000,0.000472,6.921285402e-06,2.501800e+08
98,36,1.000000000e-04,-1.727533311e+08,343.124000,343.051000,0.000107,6.921285402e-06,2.502867e+08
98,37,1.000000000e-04,-2.726296256e+08,343.051000,342.986300,0.000267,6.921285402e-06,2.503823e+08
98,38,1.000000000e-04,8.837119934e+08,342.986300,342.940100,0.002806,6.921285402e-06,2.504563e+08
98,39,1.000000000e-04,7.290764121e+08,342.940100,342.928000,0.001910,6.921285402e-06,2.504979e+08
99,0,1.000000000e-04,-8.023741757e+08,343.255000,343.279100,0.002313,6.921285402e-06,2.500345e+08
99,1,1.000000000e-04,-9.734149539e+08,343.279100,343.358000,0.003404,6.921285402e-06,2.499616e+08
99,2,1.000000000e-04,2.963216075e+08,343.358000,343.483300,0.000315,6.921285402e-06,2.498234e+08
99,3,1.000000000e-04,1.850244553e+08,343.483300,343.637900,0.000123,6.921285402e-06,2.496291e+08
99,4,1.000000000e-04,-4.057828902e+08,343.637900,343.825000,0.000592,6.921285402e-06,2.493911e+08
99,5,1.000000000e-04,-5.915519422e+08,343.825000,344.038300,0.001257,6.921285402e-06,2.491120e+08
99,6,1.000000000e-04,4.898532620e+08,344.038300,344.296400,0.000862,6.921285402e-06,2.487849e+08
99,7,1.000000000e-04,2.952737798e+08,344.296400,344.573500,0.000313,6.921285402e-06,2.484135e+08
99,8,1.000000000e-04,-3.269446054e+08,344.573500,344.869700,0.000384,6.921285402e-06,2.480150e+08
99,9,1.000000000e-04,-5.328041219e+08,344.869700,345.166000,0.001020,6.921285402e-06,2.476025e+08
99,10,1.000000000e-04,5.182847332e+08,345.166000,345.457400,0.000965,6.921285402e-06,2.471941e+08
99,11,1.000000000e-04,3.111409917e+08,345.457400,345.696100,0.000348,6.921285402e-06,2.468264e+08
99,12,1.000000000e-04,-3.157002198e+08,345.696100,345.889600,0.000358,6.921285402e-06,2.465260e+08
99,13,1.000000000e-04,-5.244680281e+08,345.889600,346.017900,0.000988,6.921285402e-06,2.463016e+08
99,14,1.000000000e-04,5.222520636e+08,346.017900,346.071000,0.000980,6.921285402e-06,2.461755e+08
99,15,1.000000000e-04,3.132890790e+08,346.071000,346.060900,0.000353,6.921285402e-06,2.461464e+08
99,16,1.000000000e-04,-3.142560617e+08,346.060900,345.980600,0.000355,6.921285402e-06,2.462092e+08
99,17,1.000000000e-04,-5.235633507e+08,345.980600,345.835100,0.000985,6.921285402e-06,2.463654e+08
99,18,1.000000000e-04,5.222304071e+08,345.835100,345.635400,0.000980,6.921285402e-06,2.466053e+08
99,19,1.000000000e-04,3.128054396e+08,345.635400,345.400500,0.000352,6.921285402e-06,2.469081e+08
99,20,1.000000000e-04,-3.151637390e+08,345.400500,345.142600,0.000357,6.921285402e-06,2.472506e+08
99,21,1.000000000e-04,-5.254292123e+08,345.142600,344.887200,0.000992,6.921285402e-06,2.476066e+08
99,22,1.000000000e-04,5.181039790e+08,344.887200,344.657800,0.000964,6.921285402e-06,2.479436e+08
99,23,1.000000000e-04,3.071880064e+08,344.657800,344.446100,0.000339,6.921285402e-06,2.482509e+08
99,24,1.000000000e-04,-3.231190984e+08,344.446100,344.264500,0.000375,6.921285402e-06,2.485242e+08
99,25,1.000000000e-04,-5.397130780e+08,344.264500,344.107900,0.001047,6.921285402e-06,2.487584e+08
99,26,1.000000000e-04,4.885565513e+08,344.107900,343.969300,0.000858,6.921285402e-06,2.489638e+08
99,27,1.000000000e-04,2.674680945e+08,343.969300,343.852700,0.000257,6.921285402e-06,2.491419e+08
99,28,1.000000000e-04,-3.789370094e+08,343.852700,343.740000,0.000516,6.921285402e-06,2.493010e+08
99,29,1.000000000e-04,-6.388529963e+08,343.740000,343.642000,0.001466,6.921285402e-06,2.494463e+08
99,30,1.000000000e-04,4.021100026e+08,343.642000,343.555000,0.000581,6.921285402e-06,2.495759e+08
99,31,1.000000000e-04,2.510280316e+08,343.555000,343.465300,0.000226,6.921285402e-06,2.496991e+08
99,32,1.000000000e-04,-3.012559034e+08,343.465300,343.374700,0.000326,6.921285402e-06,2.498243e+08
99,33,1.000000000e-04,-4.697142931e+08,343.374700,343.285900,0.000793,6.921285402e-06,2.499484e+08
99,34,1.000000000e-04,5.260218463e+08,343.285900,343.204000,0.000994,6.921285402e-06,2.500668e+08
99,35,1.000000000e-04,3.623867376e+08,343.204000,343.124000,0.000472,6.921285402e-06,2.501800e+08
99,36,1.000000000e-04,-1.727533311e+08,343.124000,343.051000,0.000107,6.921285402e-06,2.502867e+08
99,37,1.000000000e-04,-2.726296256e+08,343.051000,342.986300,0.000267,6.921285402e-06,2.503823e+08
99,38,1.000000000e-04,8.837119934e+08,342.986300,342.940100,0.002806,6.921285402e-06,2.504563e+08
99,39,1.000000000e-04,7.290764121e+08,342.940100,342.928000,0.001910,6.921285402e-06,2.504979e+08
100,0,1.000000000e-04,-3.320621744e+08,342.954000,342.967900,0.000396,6.921285402e-06,2.504623e+08
100,1,1.000000000e-04,-5.022466436e+08,342.967900,343.015700,0.000906,6.921285402e-06,2.504188e+08
100,2,1.000000000e-04,2.906123020e+08,343.015700,343.081000,0.000303,6.921285402e-06,2.503409e+08
100,3,1.000000000e-04,1.251245363e+08,343.081000,343.170000,0.000056,6.921285402e-06,2.502340e+08
100,4,1.000000000e-04,-1.803889995e+08,343.170000,343.261500,0.000117,6.921285402e-06,2.501085e+08
100,5,1.000000000e-04,-3.622367035e+08,343.261500,343.363000,0.000471,6.921285402e-06,2.499739e+08
100,6,1.000000000e-04,3.328915159e+08,343.363000,343.459700,0.000398,6.921285402e-06,2.498362e+08
100,7,1.000000000e-04,1.504851289e+08,343.459700,343.557300,0.000081,6.921285402e-06,2.497016e+08
100,8,1.000000000e-04,-1.583419101e+08,343.557300,343.654000,0.000090,6.921285402e-06,2.495665e+08
100,9,1.000000000e-04,-3.429751830e+08,343.654000,343.745500,0.000423,6.921285402e-06,2.494353e+08
100,10,1.000000000e-04,3.388529755e+08,343.745500,343.827000,0.000413,6.921285402e-06,2.493151e+08
100,11,1.000000000e-04,1.541432793e+08,343.827000,343.900700,0.000085,6.921285402e-06,2.492076e+08
100,12,1.000000000e-04,-1.551343287e+08,343.900700,343.953000,0.000086,6.921285402e-06,2.491201e+08
100,13,1.000000000e-04,-3.401277369e+08,343.953000,344.001000,0.000416,6.921285402e-06,2.490500e+08
100,14,1.000000000e-04,3.400592993e+08,344.001000,344.029000,0.000415,6.921285402e-06,2.489972e+08
100,15,1.000000000e-04,1.550389903e+08,344.029000,344.044900,0.000086,6.921285402e-06,2.489670e+08
100,16,1.000000000e-04,-1.543074783e+08,344.044900,344.046700,0.000086,6.921285402e-06,2.489547e+08
100,17,1.000000000e-04,-3.391478014e+08,344.046700,344.039700,0.000413,6.921285402e-06,2.489580e+08
100,18,1.000000000e-04,3.425671650e+08,344.039700,344.014000,0.000422,6.921285402e-06,2.489807e+08
100,19,1.000000000e-04,1.575831945e+08,344.014000,343.981000,0.000089,6.921285402e-06,2.490219e+08
100,20,1.000000000e-04,-1.518887125e+08,343.981000,343.937900,0.000083,6.921285402e-06,2.490748e+08
100,21,1.000000000e-04,-3.354871804e+08,343.937900,343.898000,0.000404,6.921285402e-06,2.491321e+08
100,22,1.000000000e-04,3.581268019e+08,343.898000,343.858000,0.000461,6.921285402e-06,2.491875e+08
100,23,1.000000000e-04,1.730960673e+08,343.858000,343.810000,0.000108,6.921285402e-06,2.492491e+08
100,24,1.000000000e-04,-1.384126923e+08,343.810000,343.775500,0.000069,6.921285402e-06,2.493065e+08
100,25,1.000000000e-04,-3.160184975e+08,343.775500,343.742900,0.000359,6.921285402e-06,2.493528e+08
100,26,1.000000000e-04,4.548373395e+08,343.742900,343.719000,0.000743,6.921285402e-06,2.493916e+08
100,27,1.000000000e-04,2.586945760e+08,343.719000,343.711700,0.000240,6.921285402e-06,2.494139e+08
100,28,1.000000000e-04,-9.137239940e+07,343.711700,343.718200,0.000030,6.921285402e-06,2.494147e+08
100,29,1.000000000e-04,-2.863916907e+08,343.718200,343.737000,0.000295,6.921285402e-06,2.493968e+08
100,30,1.000000000e-04,9.105404694e+08,343.737000,343.754800,0.002979,6.921285402e-06,2.493681e+08
100,31,1.000000000e-04,4.364073127e+08,343.754800,343.761300,0.000684,6.921285402e-06,2.493540e+08
100,32,1.000000000e-04,-2.731169939e+08,343.761300,343.737700,0.000268,6.921285402e-06,2.493664e+08
100,33,1.000000000e-04,-7.149878909e+08,343.737700,343.711100,0.001837,6.921285402e-06,2.493994e+08
100,34,1.000000000e-04,8.792923363e+08,343.711100,343.664000,0.002778,6.921285402e-06,2.494495e+08
100,35,1.000000000e-04,4.283824524e+08,343.664000,343.614100,0.000659,6.921285402e-06,2.495194e+08
100,36,1.000000000e-04,-2.922086983e+08,343.614100,343.557300,0.000307,6.921285402e-06,2.495940e+08
100,37,1.000000000e-04,-7.030569758e+08,343.557300,343.512000,0.001776,6.921285402e-06,2.496632e+08
100,38,1.000000000e-04,1.170755330e+09,343.512000,343.480000,0.004925,6.921285402e-06,2.497132e+08
100,39,1.000000000e-04,7.581526523e+08,343.480000,343.467000,0.002065,6.921285402e-06,2.497479e+08
101,0,1.000000000e-04,-3.320621744e+08,342.954000,342.967900,0.000396,6.921285402e-06,2.504623e+08
101,1,1.000000000e-04,-5.022466436e+08,342.967900,343.015700,0.000906,6.921285402e-06,2.504188e+08
101,2,1.000000000e-04,2.906123020e+08,343.015700,343.081000,0.000303,6.921285402e-06,2.503409e+08
101,3,1.000000000e-04,1.251245363e+08,343.081000,343.170000,0.000056,6.921285402e-06,2.502340e+08
101,4,1.000000000e-04,-1.803889995e+08,343.170000,343.266000,0.000117,6.921285402e-06,2.501053e+08
101,5,1.000000000e-04,-3.622367035e+08,343.266000,343.363100,0.000471,6.921285402e-06,2.499707e+08
101,6,1.000000000e-04,3.328915159e+08,343.363100,343.460000,0.000398,6.921285402e-06,2.498360e+08
101,7,1.000000000e-04,1.504851289e+08,343.460000,343.557300,0.000081,6.921285402e-06,2.497014e+08
101,8,1.000000000e-04,-1.583419101e+08,343.557300,343.654000,0.000090,6.921285402e-06,2.495665e+08
101,9,1.000000000e-04,-3.429751830e+08,343.654000,343.745500,0.000423,6.921285402e-06,2.494353e+08
101,10,1.000000000e-04,3.388529755e+08,343.745500,343.827000,0.000413,6.921285402e-06,2.493151e+08
101,11,1.000000000e-04,1.541432793e+08,343.827000,343.900700,0.000085,6.921285402e-06,2.492076e+08
101,12,1.000000000e-04,-1.551343287e+08,343.900700,343.953000,0.000086,6.921285402e-06,2.491201e+08
101,13,1.000000000e-04,-3.401277369e+08,343.953000,344.001000,0.000416,6.921285402e-06,2.490500e+08
101,14,1.000000000e-04,3.400592993e+08,344.001000,344.029000,0.000415,6.921285402e-06,2.489972e+08
101,15,1.000000000e-04,1.550389903e+08,344.029000,344.044900,0.000086,6.921285402e-06,2.489670e+08
101,16,1.000000000e-04,-1.543074783e+08,344.044900,344.046700,0.000086,6.921285402e-06,2.489547e+08
101,17,1.000000000e-04,-3.391478014e+08,344.046700,344.039700,0.000413,6.921285402e-06,2.489580e+08
101,18,1.000000000e-04,3.425671650e+08,344.039700,344.014000,0.000422,6.921285402e-06,2.489807e+08
101,19,1.000000000e-04,1.575831945e+08,344.014000,343.981000,0.000089,6.921285402e-06,2.490219e+08
101,20,1.000000000e-04,-1.518887125e+08,343.981000,343.937900,0.000083,6.921285402e-06,2.490748e+08
101,21,1.000000000e-04,-3.354871804e+08,343.937900,343.898000,0.000404,6.921285402e-06,2.491321e+08
101,22,1.000000000e-04,3.581268019e+08,343.898000,343.858000,0.000461,6.921285402e-06,2.491875e+08
101,23,1.000000000e-04,1.730960673e+08,343.858000,343.810000,0.000108,6.921285402e-06,2.492491e+08
101,24,1.000000000e-04,-1.384126923e+08,343.810000,343.775500,0.000069,6.921285402e-06,2.493065e+08
101,25,1.000000000e-04,-3.160184975e+08,343.775500,343.742900,0.000359,6.921285402e-06,2.493528e+08
101,26,1.000000000e-04,4.548373395e+08,343.742900,343.719000,0.000743,6.921285402e-06,2.493916e+08
101,27,1.000000000e-04,2.586945760e+08,343.719000,343.711700,0.000240,6.921285402e-06,2.494139e+08
101,28,1.000000000e-04,-9.137239940e+07,343.711700,343.718200,0.000030,6.921285402e-06,2.494147e+08
101,29,1.000000000e-04,-2.863916907e+08,343.718200,343.737000,0.000295,6.921285402e-06,2.493968e+08
101,30,1.000000000e-04,9.105404694e+08,343.737000,343.754800,0.002979,6.921285402e-06,2.493681e+08
101,31,1.000000000e-04,4.364073127e+08,343.754800,343.761300,0.000684,6.921285402e-06,2.493540e+08
101,32,1.000000000e-04,-2.731169939e+08,343.761300,343.737700,0.000268,6.921285402e-06,2.493664e+08
101,33,1.000000000e-04,-7.149878909e+08,343.737700,343.711100,0.001837,6.921285402e-06,2.493994e+08
101,34,1.000000000e-04,8.792923363e+08,343.711100,343.664000,0.002778,6.921285402e-06,2.494495e+08
101,35,1.000000000e-04,4.283824524e+08,343.664000,343.614100,0.000659,6.921285402e-06,2.495194e+08
101,36,1.000000000e-04,-2.922086983e+08,343.614100,343.557300,0.000307,6.921285402e-06,2.495940e+08
101,37,1.000000000e-04,-7.030569758e+08,343.557300,343.512000,0.001776,6.921285402e-06,2.496632e+08
101,38,1.000000000e-04,1.170755330e+09,343.512000,343.480000,0.004925,6.921285402e-06,2.497132e+08
101,39,1.000000000e-04,7.581526523e+08,343.480000,343.467000,0.002065,6.921285402e-06,2.497479e+08
102,0,1.000000000e-04,-6.150971349e+08,343.737000,343.785000,0.001359,6.921285402e-06,2.493491e+08
102,1,1.000000000e-04,-1.764273769e+09,343.785000,343.934700,0.011183,6.921285402e-06,2.491999e+08
102,2,1.000000000e-04,1.529814184e+09,343.934700,344.189700,0.008408,6.921285402e-06,2.489220e+08
102,3,1.000000000e-04,3.529967356e+08,344.189700,344.561000,0.000448,6.921285402e-06,2.484962e+08
102,4,1.000000000e-04,-3.816727970e+08,344.561000,345.095000,0.000523,6.921285402e-06,2.478670e+08
102,5,1.000000000e-04,-1.501138123e+09,345.095000,345.820900,0.008096,6.921285402e-06,2.469823e+08
102,6,1.000000000e-04,1.472580765e+09,345.820900,346.844600,0.007791,6.921285402e-06,2.457666e+08
102,7,1.000000000e-04,3.569870137e+08,346.844600,348.274400,0.000458,6.921285402e-06,2.440702e+08
102,8,1.000000000e-04,-3.610702828e+08,348.274400,350.221300,0.000468,6.921285402e-06,2.417234e+08
102,9,1.000000000e-04,-1.468497496e+09,350.221300,352.733500,0.007748,6.921285402e-06,2.386156e+08
102,10,1.000000000e-04,1.464413290e+09,352.733500,355.208800,0.007705,6.921285402e-06,2.351494e+08
102,11,1.000000000e-04,3.575432965e+08,355.208800,357.023600,0.000459,6.921285402e-06,2.321764e+08
102,12,1.000000000e-04,-3.581319976e+08,357.023600,358.229400,0.000461,6.921285402e-06,2.300771e+08
102,13,1.000000000e-04,-1.463824589e+09,358.229400,358.912000,0.007699,6.921285402e-06,2.287560e+08
102,14,1.000000000e-04,1.463205570e+09,358.912000,359.130000,0.007692,6.921285402e-06,2.281301e+08
102,15,1.000000000e-04,3.575970363e+08,359.130000,358.953100,0.000459,6.921285402e-06,2.281102e+08
102,16,1.000000000e-04,-3.577175211e+08,358.953100,358.309700,0.000460,6.921285402e-06,2.286803e+08
102,17,1.000000000e-04,-1.463085085e+09,358.309700,357.148900,0.007691,6.921285402e-06,2.299256e+08
102,18,1.000000000e-04,1.462734650e+09,357.148900,355.366800,0.007687,6.921285402e-06,2.319709e+08
102,19,1.000000000e-04,3.574124296e+08,355.366800,352.933500,0.000459,6.921285402e-06,2.349092e+08
102,20,1.000000000e-04,-3.576995272e+08,352.933500,350.453300,0.000460,6.921285402e-06,2.383241e+08
102,21,1.000000000e-04,-1.462447553e+09,350.453300,348.545400,0.007684,6.921285402e-06,2.413652e+08
102,22,1.000000000e-04,1.460474278e+09,348.545400,347.150300,0.007663,6.921285402e-06,2.436608e+08
102,23,1.000000000e-04,3.559859089e+08,347.150300,346.149800,0.000455,6.921285402e-06,2.453344e+08
102,24,1.000000000e-04,-3.579819191e+08,346.149800,345.444500,0.000460,6.921285402e-06,2.465199e+08
102,25,1.000000000e-04,-1.458478268e+09,345.444500,344.919100,0.007642,6.921285402e-06,2.473666e+08
102,26,1.000000000e-04,1.444407383e+09,344.919100,344.532700,0.007496,6.921285402e-06,2.480005e+08
102,27,1.000000000e-04,3.457986459e+08,344.532700,344.239000,0.000430,6.921285402e-06,2.484817e+08
102,28,1.000000000e-04,-3.599902050e+08,344.239000,344.001000,0.000466,6.921285402e-06,2.488511e+08
102,29,1.000000000e-04,-1.430215824e+09,344.001000,343.812500,0.007349,6.921285402e-06,2.491393e+08
102,30,1.000000000e-04,1.359240222e+09,343.812500,343.649000,0.006638,6.921285402e-06,2.493848e+08
102,31,1.000000000e-04,3.268479460e+08,343.649000,343.512000,0.000384,6.921285402e-06,2.496011e+08
102,32,1.000000000e-04,-3.331519069e+08,343.512000,343.387000,0.000399,6.921285402e-06,2.497832e+08
102,33,1.000000000e-04,-1.352936261e+09,343.387000,343.275000,0.006576,6.921285402e-06,2.499405e+08
102,34,1.000000000e-04,1.369168845e+09,343.275000,343.168000,0.006735,6.921285402e-06,2.500925e+08
102,35,1.000000000e-04,3.471436043e+08,343.168000,343.072100,0.000433,6.921285402e-06,2.502411e+08
102,36,1.000000000e-04,-3.223216600e+08,343.072100,342.984000,0.000373,6.921285402e-06,2.503691e+08
102,37,1.000000000e-04,-1.393990790e+09,342.984000,342.919700,0.006982,6.921285402e-06,2.504671e+08
102,38,1.000000000e-04,1.606598421e+09,342.919700,342.871000,0.009274,6.921285402e-06,2.505429e+08
102,39,1.000000000e-04,5.601264475e+08,342.871000,342.858000,0.001127,6.921285402e-06,2.505955e+08
103,0,1.000000000e-04,-6.150971349e+08,343.737000,343.785000,0.001359,6.921285402e-06,2.493491e+08
103,1,1.000000000e-04,-1.764273769e+09,343.785000,343.934700,0.011183,6.921285402e-06,2.491999e+08
103,2,1.000000000e-04,1.529814184e+09,343.934700,344.189700,0.008408,6.921285402e-06,2.489220e+08
103,3,1.000000000e-04,3.529967356e+08,344.189700,344.561000,0.000448,6.921285402e-06,2.484962e+08
103,4,1.000000000e-04,-3.816727970e+08,344.561000,345.095000,0.000523,6.921285402e-06,2.478670e+08
103,5,1.000000000e-04,-1.501138123e+09,345.095000,345.820900,0.008096,6.921285402e-06,2.469823e+08
103,6,1.000000000e-04,1.472580765e+09,345.820900,346.844600,0.007791,6.921285402e-06,2.457666e+08
103,7,1.000000000e-04,3.569870137e+08,346.844600,348.274400,0.000458,6.921285402e-06,2.440702e+08
103,8,1.000000000e-04,-3.610702828e+08,348.274400,350.221300,0.000468,6.921285402e-06,2.417234e+08
103,9,1.000000000e-04,-1.468497496e+09,350.221300,352.733500,0.007748,6.921285402e-06,2.386156e+08
103,10,1.000000000e-04,1.464413290e+09,352.733500,355.208800,0.007705,6.921285402e-06,2.351494e+08
103,11,1.000000000e-04,3.575432965e+08,355.208800,357.023600,0.000459,6.921285402e-06,2.321764e+08
103,12,1.000000000e-04,-3.581319976e+08,357.023600,358.229400,0.000461,6.921285402e-06,2.300771e+08
103,13,1.000000000e-04,-1.463824589e+09,358.229400,358.912000,0.007699,6.921285402e-06,2.287560e+08
103,14,1.000000000e-04,1.463205570e+09,358.912000,359.130000,0.007692,6.921285402e-06,2.281301e+08
103,15,1.000000000e-04,3.575970363e+08,359.130000,358.953100,0.000459,6.921285402e-06,2.281102e+08
103,16,1.000000000e-04,-3.577175211e+08,358.953100,358.309700,0.000460,6.921285402e-06,2.286803e+08
103,17,1.000000000e-04,-1.463085085e+09,358.309700,357.148900,0.007691,6.921285402e-06,2.299256e+08
103,18,1.000000000e-04,1.462734650e+09,357.148900,355.366800,0.007687,6.921285402e-06,2.319709e+08
103,19,1.000000000e-04,3.574124296e+08,355.366800,352.933500,0.000459,6.921285402e-06,2.349092e+08
103,20,1.000000000e-04,-3.576995272e+08,352.933500,350.453300,0.000460,6.921285402e-06,2.383241e+08
103,21,1.000000000e-04,-1.462447553e+09,350.453300,348.545400,0.007684,6.921285402e-06,2.413652e+08
103,22,1.000000000e-04,1.460474278e+09,348.545400,347.150300,0.007663,6.921285402e-06,2.436608e+08
103,23,1.000000000e-04,3.559859089e+08,347.150300,346.149800,0.000455,6.921285402e-06,2.453344e+08
103,24,1.000000000e-04,-3.579819191e+08,346.149800,345.444500,0.000460,6.921285402e-06,2.465199e+08
103,25,1.000000000e-04,-1.458478268e+09,345.444500,344.919100,0.007642,6.921285402e-06,2.473666e+08
103,26,1.000000000e-04,1.444407383e+09,344.919100,344.532700,0.007496,6.921285402e-06,2.480005e+08
103,27,1.000000000e-04,3.457986459e+08,344.532700,344.239000,0.000430,6.921285402e-06,2.484817e+08
103,28,1.000000000e-04,-3.599902050e+08,344.239000,344.001000,0.000466,6.921285402e-06,2.488511e+08
103,29,1.000000000e-04,-1.430215824e+09,344.001000,343.812500,0.007349,6.921285402e-06,2.491393e+08
103,30,1.000000000e-04,1.359240222e+09,343.812500,343.649000,0.006638,6.921285402e-06,2.493848e+08
103,31,1.000000000e-04,3.268479460e+08,343.649000,343.512000,0.000384,6.921285402e-06,2.496011e+08
103,32,1.000000000e-04,-3.331519069e+08,343.512000,343.387000,0.000399,6.921285402e-06,2.497832e+08
103,33,1.000000000e-04,-1.352936261e+09,343.387000,343.275000,0.006576,6.921285402e-06,2.499405e+08
103,34,1.000000000e-04,1.369168845e+09,343.275000,343.168000,0.006735,6.921285402e-06,2.500925e+08
103,35,1.000000000e-04,3.471436043e+08,343.168000,343.072100,0.000433,6.921285402e-06,2.502411e+08
103,36,1.000000000e-04,-3.223216600e+08,343.072100,342.984000,0.000373,6.921285402e-06,2.503691e+08
103,37,1.000000000e-04,-1.393990790e+09,342.984000,342.919000,0.006982,6.921285402e-06,2.504676e+08
103,38,1.000000000e-04,1.606598421e+09,342.919000,342.871000,0.009274,6.921285402e-06,2.505433e+08
103,39,1.000000000e-04,5.601264475e+08,342.871000,342.858000,0.001127,6.921285402e-06,2.505955e+08
104,0,1.000000000e-04,-6.146885254e+08,343.724000,343.768000,0.001358,6.921285402e-06,2.493699e+08
104,1,1.000000000e-04,-1.763222692e+09,343.768000,343.908000,0.011170,6.921285402e-06,2.492303e+08
104,2,1.000000000e-04,1.529066373e+09,343.908000,344.144100,0.008400,6.921285402e-06,2.489722e+08
104,3,1.000000000e-04,3.528480636e+08,344.144100,344.479300,0.000447,6.921285402e-06,2.485847e+08
104,4,1.000000000e-04,-3.814657644e+08,344.479300,344.961000,0.000523,6.921285402e-06,2.480169e+08
104,5,1.000000000e-04,-1.500448672e+09,344.961000,345.605100,0.008089,6.921285402e-06,2.472254e+08
104,6,1.000000000e-04,1.471970946e+09,345.605100,346.504600,0.007785,6.921285402e-06,2.461529e+08
104,7,1.000000000e-04,3.568423681e+08,346.504600,347.759700,0.000457,6.921285402e-06,2.446643e+08
104,8,1.000000000e-04,-3.609104653e+08,347.759700,349.473400,0.000468,6.921285402e-06,2.426009e+08
104,9,1.000000000e-04,-1.467902849e+09,349.473400,351.703500,0.007742,6.921285402e-06,2.398513e+08
104,10,1.000000000e-04,1.463841542e+09,351.703500,353.906600,0.007699,6.921285402e-06,2.367703e+08
104,11,1.000000000e-04,3.574018295e+08,353.906600,355.501300,0.000459,6.921285402e-06,2.341395e+08
104,12,1.000000000e-04,-3.579834205e+08,355.501300,356.550400,0.000460,6.921285402e-06,2.323020e+08
104,13,1.000000000e-04,-1.463259951e+09,356.550400,357.148900,0.007693,6.921285402e-06,2.311483e+08
104,14,1.000000000e-04,1.462667549e+09,357.148900,357.337500,0.007686,6.921285402e-06,2.306012e+08
104,15,1.000000000e-04,3.574698241e+08,357.337500,357.190900,0.000459,6.921285402e-06,2.305807e+08
104,16,1.000000000e-04,-3.575714403e+08,357.190900,356.636300,0.000459,6.921285402e-06,2.310680e+08
104,17,1.000000000e-04,-1.462565933e+09,356.636300,355.630300,0.007685,6.921285402e-06,2.321440e+08
104,18,1.000000000e-04,1.462315863e+09,355.630300,354.074600,0.007683,6.921285402e-06,2.339244e+08
104,19,1.000000000e-04,3.573447076e+08,354.074600,351.917000,0.000459,6.921285402e-06,2.365138e+08
104,20,1.000000000e-04,-3.575586977e+08,351.917000,349.723700,0.000459,6.921285402e-06,2.395377e+08
104,21,1.000000000e-04,-1.462101872e+09,349.723700,348.048800,0.007681,6.921285402e-06,2.422174e+08
104,22,1.000000000e-04,1.460488976e+09,348.048800,346.830600,0.007664,6.921285402e-06,2.442281e+08
104,23,1.000000000e-04,3.561144612e+08,346.830600,345.956800,0.000456,6.921285402e-06,2.456907e+08
104,24,1.000000000e-04,-3.578852300e+08,345.956800,345.336000,0.000460,6.921285402e-06,2.467295e+08
104,25,1.000000000e-04,-1.458718207e+09,345.336000,344.871300,0.007645,6.921285402e-06,2.474753e+08
104,26,1.000000000e-04,1.445593888e+09,344.871300,344.520100,0.007508,6.921285402e-06,2.480425e+08
104,27,1.000000000e-04,3.463702304e+08,344.520100,344.252000,0.000431,6.921285402e-06,2.484814e+08
104,28,1.000000000e-04,-3.601052848e+08,344.252000,344.039700,0.000466,6.921285402e-06,2.488152e+08
104,29,1.000000000e-04,-1.431858834e+09,344.039700,343.857000,0.007366,6.921285402e-06,2.490815e+08
104,30,1.000000000e-04,1.362414587e+09,343.857000,343.708300,0.006669,6.921285402e-06,2.493126e+08
104,31,1.000000000e-04,3.280060512e+08,343.708300,343.574000,0.000387,6.921285402e-06,2.495168e+08
104,32,1.000000000e-04,-3.337578544e+08,343.574000,343.449000,0.000400,6.921285402e-06,2.496970e+08
104,33,1.000000000e-04,-1.356662784e+09,343.449000,343.337000,0.006613,6.921285402e-06,2.498543e+08
104,34,1.000000000e-04,1.374494363e+09,343.337000,343.233000,0.006788,6.921285402e-06,2.500042e+08
104,35,1.000000000e-04,3.489314379e+08,343.233000,343.138000,0.000437,6.921285402e-06,2.501501e+08
104,36,1.000000000e-04,-3.233718307e+08,343.138000,343.058000,0.000376,6.921285402e-06,2.502718e+08
104,37,1.000000000e-04,-1.400053970e+09,343.058000,342.988900,0.007042,6.921285402e-06,2.503675e+08
104,38,1.000000000e-04,1.615685409e+09,342.988900,342.936000,0.009379,6.921285402e-06,2.504495e+08
104,39,1.000000000e-04,5.637031057e+08,342.936000,342.923000,0.001142,6.921285402e-06,2.505051e+08
105,0,1.000000000e-04,-6.146885254e+08,343.724000,343.768000,0.001358,6.921285402e-06,2.493699e+08
105,1,1.000000000e-04,-1.763222692e+09,343.768000,343.908000,0.011170,6.921285402e-06,2.492303e+08
105,2,1.000000000e-04,1.529066373e+09,343.908000,344.144100,0.008400,6.921285402e-06,2.489722e+08
105,3,1.000000000e-04,3.528480636e+08,344.144100,344.479300,0.000447,6.921285402e-06,2.485847e+08
105,4,1.000000000e-04,-3.814657644e+08,344.479300,344.961000,0.000523,6.921285402e-06,2.480169e+08
105,5,1.000000000e-04,-1.500448672e+09,344.961000,345.605100,0.008089,6.921285402e-06,2.472254e+08
105,6,1.000000000e-04,1.471970946e+09,345.605100,346.504600,0.007785,6.921285402e-06,2.461529e+08
105,7,1.000000000e-04,3.568423681e+08,346.504600,347.759700,0.000457,6.921285402e-06,2.446643e+08
105,8,1.000000000e-04,-3.609104653e+08,347.759700,349.470700,0.000468,6.921285402e-06,2.426028e+08
105,9,1.000000000e-04,-1.467902849e+09,349.470700,351.703500,0.007742,6.921285402e-06,2.398532e+08
105,10,1.000000000e-04,1.463841542e+09,351.703500,353.906600,0.007699,6.921285402e-06,2.367703e+08
105,11,1.000000000e-04,3.574018295e+08,353.906600,355.501300,0.000459,6.921285402e-06,2.341395e+08
105,12,1.000000000e-04,-3.579834205e+08,355.501300,356.550400,0.000460,6.921285402e-06,2.323020e+08
105,13,1.000000000e-04,-1.463259951e+09,356.550400,357.148900,0.007693,6.921285402e-06,2.311483e+08
105,14,1.000000000e-04,1.462667549e+09,357.148900,357.337500,0.007686,6.921285402e-06,2.306012e+08
105,15,1.000000000e-04,3.574698241e+08,357.337500,357.190900,0.000459,6.921285402e-06,2.305807e+08
105,16,1.000000000e-04,-3.575714403e+08,357.190900,356.636300,0.000459,6.921285402e-06,2.310680e+08
105,17,1.000000000e-04,-1.462565933e+09,356.636300,355.630300,0.007685,6.921285402e-06,2.321440e+08
105,18,1.000000000e-04,1.462315863e+09,355.630300,354.074600,0.007683,6.921285402e-06,2.339244e+08
105,19,1.000000000e-04,3.573447076e+08,354.074600,351.917000,0.000459,6.921285402e-06,2.365138e+08
105,20,1.000000000e-04,-3.575586977e+08,351.917000,349.726400,0.000459,6.921285402e-06,2.395358e+08
105,21,1.000000000e-04,-1.462101872e+09,349.726400,348.048800,0.007681,6.921285402e-06,2.422155e+08
105,22,1.000000000e-04,1.460488976e+09,348.048800,346.830600,0.007664,6.921285402e-06,2.442281e+08
105,23,1.000000000e-04,3.561144612e+08,346.830600,345.956800,0.000456,6.921285402e-06,2.456907e+08
105,24,1.000000000e-04,-3.578852300e+08,345.956800,345.336000,0.000460,6.921285402e-06,2.467295e+08
105,25,1.000000000e-04,-1.458718207e+09,345.336000,344.871300,0.007645,6.921285402e-06,2.474753e+08
105,26,1.000000000e-04,1.445593888e+09,344.871300,344.520100,0.007508,6.921285402e-06,2.480425e+08
105,27,1.000000000e-04,3.463702304e+08,344.520100,344.252000,0.000431,6.921285402e-06,2.484814e+08
105,28,1.000000000e-04,-3.601052848e+08,344.252000,344.039700,0.000466,6.921285402e-06,2.488152e+08
105,29,1.000000000e-04,-1.431858834e+09,344.039700,343.857000,0.007366,6.921285402e-06,2.490815e+08
105,30,1.000000000e-04,1.362414587e+09,343.857000,343.708300,0.006669,6.921285402e-06,2.493126e+08
105,31,1.000000000e-04,3.280060512e+08,343.708300,343.574000,0.000387,6.921285402e-06,2.495168e+08
105,32,1.000000000e-04,-3.337578544e+08,343.574000,343.449000,0.000400,6.921285402e-06,2.496970e+08
105,33,1.000000000e-04,-1.356662784e+09,343.449000,343.337000,0.006613,6.921285402e-06,2.498543e+08
105,34,1.000000000e-04,1.374494363e+09,343.337000,343.236500,0.006788,6.921285402e-06,2.500018e+08
105,35,1.000000000e-04,3.489314379e+08,343.236500,343.138000,0.000437,6.921285402e-06,2.501477e+08
105,36,1.000000000e-04,-3.233718307e+08,343.138000,343.058000,0.000376,6.921285402e-06,2.502718e+08
105,37,1.000000000e-04,-1.400053970e+09,343.058000,342.988900,0.007042,6.921285402e-06,2.503675e+08
105,38,1.000000000e-04,1.615685409e+09,342.988900,342.936000,0.009379,6.921285402e-06,2.504495e+08
105,39,1.000000000e-04,5.637031057e+08,342.936000,342.923000,0.001142,6.921285402e-06,2.505051e+08
106,0,1.000000000e-04,-6.166916867e+08,343.480000,343.516000,0.001366,6.921285402e-06,2.497146e+08
106,1,1.000000000e-04,-1.768442309e+09,343.516000,343.636500,0.011236,6.921285402e-06,2.495941e+08
106,2,1.000000000e-04,1.532981167e+09,343.636500,343.830000,0.008443,6.921285402e-06,2.493792e+08
106,3,1.000000000e-04,3.536803542e+08,343.830000,344.101500,0.000449,6.921285402e-06,2.490656e+08
106,4,1.000000000e-04,-3.825253929e+08,344.101500,344.480000,0.000526,6.921285402e-06,2.486137e+08
106,5,1.000000000e-04,-1.504136129e+09,344.480000,344.968500,0.008128,6.921285402e-06,2.480021e+08
106,6,1.000000000e-04,1.475373798e+09,344.968500,345.637000,0.007821,6.921285402e-06,2.471983e+08
106,7,1.000000000e-04,3.576731891e+08,345.637000,346.521500,0.000460,6.921285402e-06,2.461278e+08
106,8,1.000000000e-04,-3.617926183e+08,346.521500,347.677500,0.000470,6.921285402e-06,2.447096e+08
106,9,1.000000000e-04,-1.471254369e+09,347.677500,349.120000,0.007777,6.921285402e-06,2.428949e+08
106,10,1.000000000e-04,1.467121268e+09,349.120000,350.533000,0.007733,6.921285402e-06,2.409104e+08
106,11,1.000000000e-04,3.582269725e+08,350.533000,351.596000,0.000461,6.921285402e-06,2.391983e+08
106,12,1.000000000e-04,-3.588258001e+08,351.596000,352.312500,0.000463,6.921285402e-06,2.379615e+08
106,13,1.000000000e-04,-1.466522440e+09,352.312500,352.733500,0.007727,6.921285402e-06,2.371623e+08
106,14,1.000000000e-04,1.465884412e+09,352.733500,352.870000,0.007720,6.921285402e-06,2.367748e+08
106,15,1.000000000e-04,3.582759793e+08,352.870000,352.771000,0.000461,6.921285402e-06,2.367575e+08
106,16,1.000000000e-04,-3.584038386e+08,352.771000,352.386500,0.000462,6.921285402e-06,2.370935e+08
106,17,1.000000000e-04,-1.465756553e+09,352.386500,351.703500,0.007719,6.921285402e-06,2.378267e+08
106,18,1.000000000e-04,1.465377275e+09,351.703500,350.680500,0.007715,6.921285402e-06,2.390124e+08
106,19,1.000000000e-04,3.580767689e+08,350.680500,349.302500,0.000461,6.921285402e-06,2.406898e+08
106,20,1.000000000e-04,-3.583814965e+08,349.302500,347.894500,0.000461,6.921285402e-06,2.426260e+08
106,21,1.000000000e-04,-1.465072547e+09,347.894500,346.770500,0.007712,6.921285402e-06,2.443771e+08
106,22,1.000000000e-04,1.463021239e+09,346.770500,345.921500,0.007690,6.921285402e-06,2.457484e+08
106,23,1.000000000e-04,3.566109899e+08,345.921500,345.281500,0.000457,6.921285402e-06,2.467919e+08
106,24,1.000000000e-04,-3.586502322e+08,345.281500,344.805000,0.000462,6.921285402e-06,2.475678e+08
106,25,1.000000000e-04,-1.460981996e+09,344.805000,344.441000,0.007669,6.921285402e-06,2.481433e+08
106,26,1.000000000e-04,1.446745033e+09,344.441000,344.158000,0.007520,6.921285402e-06,2.485932e+08
106,27,1.000000000e-04,3.463514956e+08,344.158000,343.927500,0.000431,6.921285402e-06,2.489586e+08
106,28,1.000000000e-04,-3.606148935e+08,343.927500,343.745500,0.000467,6.921285402e-06,2.492452e+08
106,29,1.000000000e-04,-1.432481635e+09,343.745500,343.590000,0.007372,6.921285402e-06,2.494715e+08
106,30,1.000000000e-04,1.361286563e+09,343.590000,343.452000,0.006658,6.921285402e-06,2.496763e+08
106,31,1.000000000e-04,3.273243938e+08,343.452000,343.331000,0.000385,6.921285402e-06,2.498639e+08
106,32,1.000000000e-04,-3.336974207e+08,343.331000,343.220500,0.000400,6.921285402e-06,2.500247e+08
106,33,1.000000000e-04,-1.354913536e+09,343.220500,343.112000,0.006596,6.921285402e-06,2.501695e+08
106,34,1.000000000e-04,1.371013858e+09,343.112000,343.017500,0.006753,6.921285402e-06,2.503104e+08
106,35,1.000000000e-04,3.476079378e+08,343.017500,342.930000,0.000434,6.921285402e-06,2.504445e+08
106,36,1.000000000e-04,-3.227797110e+08,342.930000,342.850000,0.000374,6.921285402e-06,2.505610e+08
106,37,1.000000000e-04,-1.395842085e+09,342.850000,342.786000,0.007000,6.921285402e-06,2.506531e+08
106,38,1.000000000e-04,1.608779438e+09,342.786000,342.742500,0.009299,6.921285402e-06,2.507251e+08
106,39,1.000000000e-04,5.609372723e+08,342.742500,342.725000,0.001130,6.921285402e-06,2.507772e+08
107,0,1.000000000e-04,-6.166916867e+08,343.480000,343.516000,0.001366,6.921285402e-06,2.497146e+08
107,1,1.000000000e-04,-1.768442309e+09,343.516000,343.636500,0.011236,6.921285402e-06,2.495941e+08
107,2,1.000000000e-04,1.532981167e+09,343.636500,343.830000,0.008443,6.921285402e-06,2.493792e+08
107,3,1.000000000e-04,3.536803542e+08,343.830000,344.101500,0.000449,6.921285402e-06,2.490656e+08
107,4,1.000000000e-04,-3.825253929e+08,344.101500,344.480000,0.000526,6.921285402e-06,2.486137e+08
107,5,1.000000000e-04,-1.504136129e+09,344.480000,344.968500,0.008128,6.921285402e-06,2.480021e+08
107,6,1.000000000e-04,1.475373798e+09,344.968500,345.637000,0.007821,6.921285402e-06,2.471983e+08
107,7,1.000000000e-04,3.576731891e+08,345.637000,346.521500,0.000460,6.921285402e-06,2.461278e+08
107,8,1.000000000e-04,-3.617926183e+08,346.521500,347.677500,0.000470,6.921285402e-06,2.447096e+08
107,9,1.000000000e-04,-1.471254369e+09,347.677500,349.120000,0.007777,6.921285402e-06,2.428949e+08
107,10,1.000000000e-04,1.467121268e+09,349.120000,350.532500,0.007733,6.921285402e-06,2.409108e+08
107,11,1.000000000e-04,3.582269725e+08,350.532500,351.594500,0.000461,6.921285402e-06,2.391997e+08
107,12,1.000000000e-04,-3.588258001e+08,351.594500,352.312500,0.000463,6.921285402e-06,2.379626e+08
107,13,1.000000000e-04,-1.466522440e+09,352.312500,352.733500,0.007727,6.921285402e-06,2.371623e+08
107,14,1.000000000e-04,1.465884412e+09,352.733500,352.870000,0.007720,6.921285402e-06,2.367748e+08
107,15,1.000000000e-04,3.582759793e+08,352.870000,352.771000,0.000461,6.921285402e-06,2.367575e+08
107,16,1.000000000e-04,-3.584038386e+08,352.771000,352.386500,0.000462,6.921285402e-06,2.370935e+08
107,17,1.000000000e-04,-1.465756553e+09,352.386500,351.703500,0.007719,6.921285402e-06,2.378267e+08
107,18,1.000000000e-04,1.465377275e+09,351.703500,350.680500,0.007715,6.921285402e-06,2.390124e+08
107,19,1.000000000e-04,3.580767689e+08,350.680500,349.302500,0.000461,6.921285402e-06,2.406898e+08
107,20,1.000000000e-04,-3.583814965e+08,349.302500,347.894500,0.000461,6.921285402e-06,2.426260e+08
107,21,1.000000000e-04,-1.465072547e+09,347.894500,346.770500,0.007712,6.921285402e-06,2.443771e+08
107,22,1.000000000e-04,1.463021239e+09,346.770500,345.918000,0.007690,6.921285402e-06,2.457508e+08
107,23,1.000000000e-04,3.566109899e+08,345.918000,345.281500,0.000457,6.921285402e-06,2.467943e+08
107,24,1.000000000e-04,-3.586502322e+08,345.281500,344.805000,0.000462,6.921285402e-06,2.475678e+08
107,25,1.000000000e-04,-1.460981996e+09,344.805000,344.441000,0.007669,6.921285402e-06,2.481433e+08
107,26,1.000000000e-04,1.446745033e+09,344.441000,344.158000,0.007520,6.921285402e-06,2.485932e+08
107,27,1.000000000e-04,3.463514956e+08,344.158000,343.927500,0.000431,6.921285402e-06,2.489586e+08
107,28,1.000000000e-04,-3.606148935e+08,343.927500,343.745500,0.000467,6.921285402e-06,2.492452e+08
107,29,1.000000000e-04,-1.432481635e+09,343.745500,343.590000,0.007372,6.921285402e-06,2.494715e+08
107,30,1.000000000e-04,1.361286563e+09,343.590000,343.452000,0.006658,6.921285402e-06,2.496763e+08
107,31,1.000000000e-04,3.273243938e+08,343.452000,343.331000,0.000385,6.921285402e-06,2.498639e+08
107,32,1.000000000e-04,-3.336974207e+08,343.331000,343.220500,0.000400,6.921285402e-06,2.500247e+08
107,33,1.000000000e-04,-1.354913536e+09,343.220500,343.112000,0.006596,6.921285402e-06,2.501695e+08
107,34,1.000000000e-04,1.371013858e+09,343.112000,343.015000,0.006753,6.921285402e-06,2.503121e+08
107,35,1.000000000e-04,3.476079378e+08,343.015000,342.930000,0.000434,6.921285402e-06,2.504462e+08
107,36,1.000000000e-04,-3.227797110e+08,342.930000,342.850000,0.000374,6.921285402e-06,2.505610e+08
107,37,1.000000000e-04,-1.395842085e+09,342.850000,342.786000,0.007000,6.921285402e-06,2.506531e+08
107,38,1.000000000e-04,1.608779438e+09,342.786000,342.742500,0.009299,6.921285402e-06,2.507251e+08
107,39,1.000000000e-04,5.609372723e+08,342.742500,342.725000,0.001130,6.921285402e-06,2.507772e+08
108,0,1.000000000e-04,-6.255623757e+08,343.086000,343.110000,0.001406,6.921285402e-06,2.502706e+08
108,1,1.000000000e-04,-1.792410069e+09,343.110000,343.181700,0.011543,6.921285402e-06,2.501919e+08
108,2,1.000000000e-04,1.553129262e+09,343.181700,343.295000,0.008667,6.921285402e-06,2.500668e+08
108,3,1.000000000e-04,3.584428165e+08,343.295000,343.440800,0.000462,6.921285402e-06,2.498966e+08
108,4,1.000000000e-04,-3.877876574e+08,343.440800,343.626500,0.000540,6.921285402e-06,2.496661e+08
108,5,1.000000000e-04,-1.523784421e+09,343.626500,343.840200,0.008342,6.921285402e-06,2.493792e+08
108,6,1.000000000e-04,1.494396022e+09,343.840200,344.091100,0.008024,6.921285402e-06,2.490566e+08
108,7,1.000000000e-04,3.624305859e+08,344.091100,344.368900,0.000472,6.921285402e-06,2.486982e+08
108,8,1.000000000e-04,-3.666725233e+08,344.368900,344.671600,0.000483,6.921285402e-06,2.482948e+08
108,9,1.000000000e-04,-1.490154085e+09,344.671600,344.968500,0.007978,6.921285402e-06,2.478691e+08
108,10,1.000000000e-04,1.485835771e+09,344.968500,345.260400,0.007932,6.921285402e-06,2.474599e+08
108,11,1.000000000e-04,3.629658436e+08,345.260400,345.499800,0.000473,6.921285402e-06,2.470996e+08
108,12,1.000000000e-04,-3.636026017e+08,345.499800,345.692600,0.000475,6.921285402e-06,2.467992e+08
108,13,1.000000000e-04,-1.485199012e+09,345.692600,345.820900,0.007925,6.921285402e-06,2.465671e+08
108,14,1.000000000e-04,1.484503349e+09,345.820900,345.865000,0.007918,6.921285402e-06,2.464473e+08
108,15,1.000000000e-04,3.630076324e+08,345.865000,345.852900,0.000473,6.921285402e-06,2.464340e+08
108,16,1.000000000e-04,-3.631507514e+08,345.852900,345.756600,0.000474,6.921285402e-06,2.465093e+08
108,17,1.000000000e-04,-1.484360230e+09,345.756600,345.605100,0.007916,6.921285402e-06,2.466726e+08
108,18,1.000000000e-04,1.483936531e+09,345.605100,345.389400,0.007912,6.921285402e-06,2.469278e+08
108,19,1.000000000e-04,3.627888098e+08,345.389400,345.138500,0.000473,6.921285402e-06,2.472610e+08
108,20,1.000000000e-04,-3.631194677e+08,345.138500,344.865500,0.000474,6.921285402e-06,2.476252e+08
108,21,1.000000000e-04,-1.483605873e+09,344.865500,344.602200,0.007908,6.921285402e-06,2.479890e+08
108,22,1.000000000e-04,1.481435091e+09,344.602200,344.348100,0.007885,6.921285402e-06,2.483486e+08
108,23,1.000000000e-04,3.612597187e+08,344.348100,344.128300,0.000469,6.921285402e-06,2.486868e+08
108,24,1.000000000e-04,-3.633715088e+08,344.128300,343.932500,0.000474,6.921285402e-06,2.489757e+08
108,25,1.000000000e-04,-1.479323301e+09,343.932500,343.759900,0.007863,6.921285402e-06,2.492229e+08
108,26,1.000000000e-04,1.464799898e+09,343.759900,343.612300,0.007709,6.921285402e-06,2.494456e+08
108,27,1.000000000e-04,3.508774663e+08,343.612300,343.476700,0.000442,6.921285402e-06,2.496511e+08
108,28,1.000000000e-04,-3.652552811e+08,343.476700,343.363100,0.000479,6.921285402e-06,2.498243e+08
108,29,1.000000000e-04,-1.450422083e+09,343.363100,343.251000,0.007558,6.921285402e-06,2.499726e+08
108,30,1.000000000e-04,1.378962044e+09,343.251000,343.149000,0.006832,6.921285402e-06,2.501223e+08
108,31,1.000000000e-04,3.317966214e+08,343.149000,343.053000,0.000396,6.921285402e-06,2.502676e+08
108,32,1.000000000e-04,-3.381948451e+08,343.053000,342.966000,0.000411,6.921285402e-06,2.503948e+08
108,33,1.000000000e-04,-1.372563820e+09,342.966000,342.879000,0.006769,6.921285402e-06,2.505081e+08
108,34,1.000000000e-04,1.388938588e+09,342.879000,342.799000,0.006931,6.921285402e-06,2.506240e+08
108,35,1.000000000e-04,3.523551561e+08,342.799000,342.719900,0.000446,6.921285402e-06,2.507423e+08
108,36,1.000000000e-04,-3.271501746e+08,342.719900,342.655000,0.000385,6.921285402e-06,2.508425e+08
108,37,1.000000000e-04,-1.414143569e+09,342.655000,342.594000,0.007185,6.921285402e-06,2.509218e+08
108,38,1.000000000e-04,1.630397635e+09,342.594000,342.555000,0.009550,6.921285402e-06,2.509885e+08
108,39,1.000000000e-04,5.689239336e+08,342.555000,342.543000,0.001163,6.921285402e-06,2.510340e+08
109,0,1.000000000e-04,-6.255623757e+08,343.086000,343.110000,0.001406,6.921285402e-06,2.502706e+08
109,1,1.000000000e-04,-1.792410069e+09,343.110000,343.181700,0.011543,6.921285402e-06,2.501919e+08
109,2,1.000000000e-04,1.553129262e+09,343.181700,343.295000,0.008667,6.921285402e-06,2.500668e+08
109,3,1.000000000e-04,3.584428165e+08,343.295000,343.440800,0.000462,6.921285402e-06,2.498966e+08
109,4,1.000000000e-04,-3.877876574e+08,343.440800,343.626500,0.000540,6.921285402e-06,2.496661e+08
109,5,1.000000000e-04,-1.523784421e+09,343.626500,343.840200,0.008342,6.921285402e-06,2.493792e+08
109,6,1.000000000e-04,1.494396022e+09,343.840200,344.091100,0.008024,6.921285402e-06,2.490566e+08
109,7,1.000000000e-04,3.624305859e+08,344.091100,344.368900,0.000472,6.921285402e-06,2.486982e+08
109,8,1.000000000e-04,-3.666725233e+08,344.368900,344.671600,0.000483,6.921285402e-06,2.482948e+08
109,9,1.000000000e-04,-1.490154085e+09,344.671600,344.968500,0.007978,6.921285402e-06,2.478691e+08
109,10,1.000000000e-04,1.485835771e+09,344.968500,345.259500,0.007932,6.921285402e-06,2.474605e+08
109,11,1.000000000e-04,3.629658436e+08,345.259500,345.499800,0.000473,6.921285402e-06,2.471002e+08
109,12,1.000000000e-04,-3.636026017e+08,345.499800,345.692600,0.000475,6.921285402e-06,2.467992e+08
109,13,1.000000000e-04,-1.485199012e+09,345.692600,345.820900,0.007925,6.921285402e-06,2.465671e+08
109,14,1.000000000e-04,1.484503349e+09,345.820900,345.865000,0.007918,6.921285402e-06,2.464473e+08
109,15,1.000000000e-04,3.630076324e+08,345.865000,345.852900,0.000473,6.921285402e-06,2.464340e+08
109,16,1.000000000e-04,-3.631507514e+08,345.852900,345.756600,0.000474,6.921285402e-06,2.465093e+08
109,17,1.000000000e-04,-1.484360230e+09,345.756600,345.605100,0.007916,6.921285402e-06,2.466726e+08
109,18,1.000000000e-04,1.483936531e+09,345.605100,345.389400,0.007912,6.921285402e-06,2.469278e+08
109,19,1.000000000e-04,3.627888098e+08,345.389400,345.138500,0.000473,6.921285402e-06,2.472610e+08
109,20,1.000000000e-04,-3.631194677e+08,345.138500,344.865500,0.000474,6.921285402e-06,2.476252e+08
109,21,1.000000000e-04,-1.483605873e+09,344.865500,344.602200,0.007908,6.921285402e-06,2.479890e+08
109,22,1.000000000e-04,1.481435091e+09,344.602200,344.348100,0.007885,6.921285402e-06,2.483486e+08
109,23,1.000000000e-04,3.612597187e+08,344.348100,344.128300,0.000469,6.921285402e-06,2.486868e+08
109,24,1.000000000e-04,-3.633715088e+08,344.128300,343.932500,0.000474,6.921285402e-06,2.489757e+08
109,25,1.000000000e-04,-1.479323301e+09,343.932500,343.759900,0.007863,6.921285402e-06,2.492229e+08
109,26,1.000000000e-04,1.464799898e+09,343.759900,343.612300,0.007709,6.921285402e-06,2.494456e+08
109,27,1.000000000e-04,3.508774663e+08,343.612300,343.476400,0.000442,6.921285402e-06,2.496513e+08
109,28,1.000000000e-04,-3.652552811e+08,343.476400,343.363000,0.000479,6.921285402e-06,2.498245e+08
109,29,1.000000000e-04,-1.450422083e+09,343.363000,343.251000,0.007558,6.921285402e-06,2.499727e+08
109,30,1.000000000e-04,1.378962044e+09,343.251000,343.149000,0.006832,6.921285402e-06,2.501223e+08
109,31,1.000000000e-04,3.317966214e+08,343.149000,343.053000,0.000396,6.921285402e-06,2.502676e+08
109,32,1.000000000e-04,-3.381948451e+08,343.053000,342.966000,0.000411,6.921285402e-06,2.503948e+08
109,33,1.000000000e-04,-1.372563820e+09,342.966000,342.879000,0.006769,6.921285402e-06,2.505081e+08
109,34,1.000000000e-04,1.388938588e+09,342.879000,342.799000,0.006931,6.921285402e-06,2.506240e+08
109,35,1.000000000e-04,3.523551561e+08,342.799000,342.719900,0.000446,6.921285402e-06,2.507423e+08
109,36,1.000000000e-04,-3.271501746e+08,342.719900,342.655000,0.000385,6.921285402e-06,2.508425e+08
109,37,1.000000000e-04,-1.414143569e+09,342.655000,342.594000,0.007185,6.921285402e-06,2.509218e+08
109,38,1.000000000e-04,1.630397635e+09,342.594000,342.555000,0.009550,6.921285402e-06,2.509885e+08
109,39,1.000000000e-04,5.689239336e+08,342.555000,342.543000,0.001163,6.921285402e-06,2.510340e+08
110,0,1.000000000e-04,-6.138052142e+08,343.492000,343.520000,0.001354,6.921285402e-06,2.497035e+08
110,1,1.000000000e-04,-1.760933884e+09,343.520000,343.621000,0.011141,6.921285402e-06,2.496022e+08
110,2,1.000000000e-04,1.527386750e+09,343.621000,343.774900,0.008382,6.921285402e-06,2.494283e+08
110,3,1.000000000e-04,3.524996070e+08,343.774900,343.983400,0.000446,6.921285402e-06,2.491859e+08
110,4,1.000000000e-04,-3.810078812e+08,343.983400,344.261000,0.000522,6.921285402e-06,2.488480e+08
110,5,1.000000000e-04,-1.498878476e+09,344.261000,344.602200,0.008072,6.921285402e-06,2.484089e+08
110,6,1.000000000e-04,1.470536757e+09,344.602200,345.019500,0.007769,6.921285402e-06,2.478821e+08
110,7,1.000000000e-04,3.564941130e+08,345.019500,345.529200,0.000457,6.921285402e-06,2.472466e+08
110,8,1.000000000e-04,-3.605379038e+08,345.529200,346.125300,0.000467,6.921285402e-06,2.464781e+08
110,9,1.000000000e-04,-1.466492966e+09,346.125300,346.770500,0.007727,6.921285402e-06,2.456067e+08
110,10,1.000000000e-04,1.462469581e+09,346.770500,347.394700,0.007684,6.921285402e-06,2.447245e+08
110,11,1.000000000e-04,3.570608673e+08,347.394700,347.915600,0.000458,6.921285402e-06,2.439373e+08
110,12,1.000000000e-04,-3.576266033e+08,347.915600,348.299700,0.000460,6.921285402e-06,2.433083e+08
110,13,1.000000000e-04,-1.461903845e+09,348.299700,348.545400,0.007678,6.921285402e-06,2.428620e+08
110,14,1.000000000e-04,1.461391546e+09,348.545400,348.634000,0.007673,6.921285402e-06,2.426296e+08
110,15,1.000000000e-04,3.571795137e+08,348.634000,348.588400,0.000458,6.921285402e-06,2.426084e+08
110,16,1.000000000e-04,-3.572128005e+08,348.588400,348.390700,0.000458,6.921285402e-06,2.427775e+08
110,17,1.000000000e-04,-1.461358259e+09,348.390700,348.048800,0.007673,6.921285402e-06,2.431439e+08
110,18,1.000000000e-04,1.461518916e+09,348.048800,347.572400,0.007674,6.921285402e-06,2.437126e+08
110,19,1.000000000e-04,3.573193392e+08,347.572400,346.995500,0.000459,6.921285402e-06,2.444533e+08
110,20,1.000000000e-04,-3.571914432e+08,346.995500,346.395300,0.000458,6.921285402e-06,2.452713e+08
110,21,1.000000000e-04,-1.461646812e+09,346.395300,345.842300,0.007676,6.921285402e-06,2.460642e+08
110,22,1.000000000e-04,1.461927509e+09,345.842300,345.373400,0.007679,6.921285402e-06,2.467744e+08
110,23,1.000000000e-04,3.572208402e+08,345.373400,344.987500,0.000458,6.921285402e-06,2.473771e+08
110,24,1.000000000e-04,-3.576135568e+08,344.987500,344.678000,0.000459,6.921285402e-06,2.478604e+08
110,25,1.000000000e-04,-1.461534793e+09,344.678000,344.420700,0.007675,6.921285402e-06,2.482457e+08
110,26,1.000000000e-04,1.454863895e+09,344.420700,344.219800,0.007605,6.921285402e-06,2.485642e+08
110,27,1.000000000e-04,3.507501410e+08,344.219800,344.044100,0.000442,6.921285402e-06,2.488346e+08
110,28,1.000000000e-04,-3.609807355e+08,344.044100,343.898000,0.000468,6.921285402e-06,2.490582e+08
110,29,1.000000000e-04,-1.444633300e+09,343.898000,343.769500,0.007498,6.921285402e-06,2.492406e+08
110,30,1.000000000e-04,1.387355980e+09,343.769500,343.656000,0.006915,6.921285402e-06,2.494095e+08
110,31,1.000000000e-04,3.368992466e+08,343.656000,343.544000,0.000408,6.921285402e-06,2.495740e+08
110,32,1.000000000e-04,-3.388176730e+08,343.544000,343.444100,0.000412,6.921285402e-06,2.497213e+08
110,33,1.000000000e-04,-1.385437553e+09,343.444100,343.346000,0.006896,6.921285402e-06,2.498511e+08
110,34,1.000000000e-04,1.412413990e+09,343.346000,343.253500,0.007167,6.921285402e-06,2.499833e+08
110,35,1.000000000e-04,3.609246353e+08,343.253500,343.172000,0.000468,6.921285402e-06,2.501122e+08
110,36,1.000000000e-04,-3.313792872e+08,343.172000,343.092000,0.000395,6.921285402e-06,2.502245e+08
110,37,1.000000000e-04,-1.441959339e+09,343.092000,343.025900,0.007470,6.921285402e-06,2.503176e+08
110,38,1.000000000e-04,1.674794808e+09,343.025900,342.979300,0.010078,6.921285402e-06,2.503928e+08
110,39,1.000000000e-04,5.866563350e+08,342.979300,342.967000,0.001237,6.921285402e-06,2.504443e+08
111,0,1.000000000e-04,-6.138052142e+08,343.492000,343.520000,0.001354,6.921285402e-06,2.497035e+08
111,1,1.000000000e-04,-1.760933884e+09,343.520000,343.616100,0.011141,6.921285402e-06,2.496056e+08
111,2,1.000000000e-04,1.527386750e+09,343.616100,343.774900,0.008382,6.921285402e-06,2.494317e+08
111,3,1.000000000e-04,3.524996070e+08,343.774900,343.983400,0.000446,6.921285402e-06,2.491859e+08
111,4,1.000000000e-04,-3.810078812e+08,343.983400,344.261000,0.000522,6.921285402e-06,2.488480e+08
111,5,1.000000000e-04,-1.498878476e+09,344.261000,344.602200,0.008072,6.921285402e-06,2.484089e+08
111,6,1.000000000e-04,1.470536757e+09,344.602200,345.019500,0.007769,6.921285402e-06,2.478821e+08
111,7,1.000000000e-04,3.564941130e+08,345.019500,345.529200,0.000457,6.921285402e-06,2.472466e+08
111,8,1.000000000e-04,-3.605379038e+08,345.529200,346.125300,0.000467,6.921285402e-06,2.464781e+08
111,9,1.000000000e-04,-1.466492966e+09,346.125300,346.770500,0.007727,6.921285402e-06,2.456067e+08
111,10,1.000000000e-04,1.462469581e+09,346.770500,347.394700,0.007684,6.921285402e-06,2.447245e+08
111,11,1.000000000e-04,3.570608673e+08,347.394700,347.915600,0.000458,6.921285402e-06,2.439373e+08
111,12,1.000000000e-04,-3.576266033e+08,347.915600,348.299700,0.000460,6.921285402e-06,2.433083e+08
111,13,1.000000000e-04,-1.461903845e+09,348.299700,348.545400,0.007678,6.921285402e-06,2.428620e+08
111,14,1.000000000e-04,1.461391546e+09,348.545400,348.634000,0.007673,6.921285402e-06,2.426296e+08
111,15,1.000000000e-04,3.571795137e+08,348.634000,348.587700,0.000458,6.921285402e-06,2.426089e+08
111,16,1.000000000e-04,-3.572128005e+08,348.587700,348.388600,0.000458,6.921285402e-06,2.427794e+08
111,17,1.000000000e-04,-1.461358259e+09,348.388600,348.048800,0.007673,6.921285402e-06,2.431453e+08
111,18,1.000000000e-04,1.461518916e+09,348.048800,347.572400,0.007674,6.921285402e-06,2.437126e+08
111,19,1.000000000e-04,3.573193392e+08,347.572400,346.995500,0.000459,6.921285402e-06,2.444533e+08
111,20,1.000000000e-04,-3.571914432e+08,346.995500,346.395300,0.000458,6.921285402e-06,2.452713e+08
111,21,1.000000000e-04,-1.461646812e+09,346.395300,345.842300,0.007676,6.921285402e-06,2.460642e+08
111,22,1.000000000e-04,1.461927509e+09,345.842300,345.373400,0.007679,6.921285402e-06,2.467744e+08
111,23,1.000000000e-04,3.572208402e+08,345.373400,344.987500,0.000458,6.921285402e-06,2.473771e+08
111,24,1.000000000e-04,-3.576135568e+08,344.987500,344.678000,0.000459,6.921285402e-06,2.478604e+08
111,25,1.000000000e-04,-1.461534793e+09,344.678000,344.420700,0.007675,6.921285402e-06,2.482457e+08
111,26,1.000000000e-04,1.454863895e+09,344.420700,344.219800,0.007605,6.921285402e-06,2.485642e+08
111,27,1.000000000e-04,3.507501410e+08,344.219800,344.044100,0.000442,6.921285402e-06,2.488346e+08
111,28,1.000000000e-04,-3.609807355e+08,344.044100,343.898000,0.000468,6.921285402e-06,2.490582e+08
111,29,1.000000000e-04,-1.444633300e+09,343.898000,343.769500,0.007498,6.921285402e-06,2.492406e+08
111,30,1.000000000e-04,1.387355980e+09,343.769500,343.656000,0.006915,6.921285402e-06,2.494095e+08
111,31,1.000000000e-04,3.368992466e+08,343.656000,343.548900,0.000408,6.921285402e-06,2.495706e+08
111,32,1.000000000e-04,-3.388176730e+08,343.548900,343.444100,0.000412,6.921285402e-06,2.497179e+08
111,33,1.000000000e-04,-1.385437553e+09,343.444100,343.346000,0.006896,6.921285402e-06,2.498511e+08
111,34,1.000000000e-04,1.412413990e+09,343.346000,343.255000,0.007167,6.921285402e-06,2.499822e+08
111,35,1.000000000e-04,3.609246353e+08,343.255000,343.172000,0.000468,6.921285402e-06,2.501112e+08
111,36,1.000000000e-04,-3.313792872e+08,343.172000,343.092000,0.000395,6.921285402e-06,2.502245e+08
111,37,1.000000000e-04,-1.441959339e+09,343.092000,343.025900,0.007470,6.921285402e-06,2.503176e+08
111,38,1.000000000e-04,1.674794808e+09,343.025900,342.979300,0.010078,6.921285402e-06,2.503928e+08
111,39,1.000000000e-04,5.866563350e+08,342.979300,342.967000,0.001237,6.921285402e-06,2.504443e+08
112,0,1.000000000e-04,-7.827223587e+08,342.948000,342.968000,0.002201,6.921285402e-06,2.504642e+08
112,1,1.000000000e-04,-9.496897286e+08,342.968000,343.023000,0.003240,6.921285402e-06,2.504109e+08
112,2,1.000000000e-04,2.882436269e+08,343.023000,343.097900,0.000299,6.921285402e-06,2.503241e+08
112,3,1.000000000e-04,1.799579922e+08,343.097900,343.195300,0.000116,6.921285402e-06,2.502046e+08
112,4,1.000000000e-04,-3.957917728e+08,343.195300,343.295500,0.000563,6.921285402e-06,2.500667e+08
112,5,1.000000000e-04,-5.767861843e+08,343.295500,343.406400,0.001195,6.921285402e-06,2.499192e+08
112,6,1.000000000e-04,4.771442281e+08,343.406400,343.522000,0.000818,6.921285402e-06,2.497623e+08
112,7,1.000000000e-04,2.876206525e+08,343.522000,343.635200,0.000297,6.921285402e-06,2.496039e+08
112,8,1.000000000e-04,-3.186837930e+08,343.635200,343.750000,0.000365,6.921285402e-06,2.494453e+08
112,9,1.000000000e-04,-5.192530940e+08,343.750000,343.854000,0.000969,6.921285402e-06,2.492926e+08
112,10,1.000000000e-04,5.049756820e+08,343.854000,343.953000,0.000916,6.921285402e-06,2.491515e+08
112,11,1.000000000e-04,3.031611903e+08,343.953000,344.033000,0.000330,6.921285402e-06,2.490278e+08
112,12,1.000000000e-04,-3.076512532e+08,344.033000,344.106100,0.000340,6.921285402e-06,2.489214e+08
112,13,1.000000000e-04,-5.110617250e+08,344.106100,344.159000,0.000938,6.921285402e-06,2.488331e+08
112,14,1.000000000e-04,5.088706804e+08,344.159000,344.188500,0.000930,6.921285402e-06,2.487759e+08
112,15,1.000000000e-04,3.052713470e+08,344.188500,344.202000,0.000335,6.921285402e-06,2.487467e+08
112,16,1.000000000e-04,-3.062284033e+08,344.202000,344.197100,0.000337,6.921285402e-06,2.487407e+08
112,17,1.000000000e-04,-5.101673810e+08,344.197100,344.172000,0.000935,6.921285402e-06,2.487609e+08
112,18,1.000000000e-04,5.088501237e+08,344.172000,344.140000,0.000930,6.921285402e-06,2.488005e+08
112,19,1.000000000e-04,3.047974067e+08,344.140000,344.089000,0.000334,6.921285402e-06,2.488589e+08
112,20,1.000000000e-04,-3.071161337e+08,344.089000,344.033300,0.000339,6.921285402e-06,2.489331e+08
112,21,1.000000000e-04,-5.119940529e+08,344.033300,343.974100,0.000942,6.921285402e-06,2.490122e+08
112,22,1.000000000e-04,5.048022776e+08,343.974100,343.911900,0.000916,6.921285402e-06,2.490966e+08
112,23,1.000000000e-04,2.992867689e+08,343.911900,343.852700,0.000322,6.921285402e-06,2.491817e+08
112,24,1.000000000e-04,-3.149223369e+08,343.852700,343.793500,0.000356,6.921285402e-06,2.492640e+08
112,25,1.000000000e-04,-5.260192758e+08,343.793500,343.742300,0.000994,6.921285402e-06,2.493399e+08
112,26,1.000000000e-04,4.757707502e+08,343.742300,343.699100,0.000813,6.921285402e-06,2.494058e+08
112,27,1.000000000e-04,2.601415663e+08,343.699100,343.668900,0.000243,6.921285402e-06,2.494574e+08
112,28,1.000000000e-04,-3.701655385e+08,343.668900,343.641700,0.000492,6.921285402e-06,2.494970e+08
112,29,1.000000000e-04,-6.243531547e+08,343.641700,343.616000,0.001401,6.921285402e-06,2.495327e+08
112,30,1.000000000e-04,3.910335403e+08,343.616000,343.597300,0.000549,6.921285402e-06,2.495646e+08
112,31,1.000000000e-04,2.442813425e+08,343.597300,343.565200,0.000214,6.921285402e-06,2.496003e+08
112,32,1.000000000e-04,-2.936964167e+08,343.565200,343.529000,0.000310,6.921285402e-06,2.496477e+08
112,33,1.000000000e-04,-4.576855077e+08,343.529000,343.477400,0.000753,6.921285402e-06,2.497082e+08
112,34,1.000000000e-04,5.128370880e+08,343.477400,343.422500,0.000945,6.921285402e-06,2.497819e+08
112,35,1.000000000e-04,3.534371440e+08,343.422500,343.360300,0.000449,6.921285402e-06,2.498639e+08
112,36,1.000000000e-04,-1.680588138e+08,343.360300,343.303900,0.000101,6.921285402e-06,2.499468e+08
112,37,1.000000000e-04,-2.652251593e+08,343.303900,343.248000,0.000253,6.921285402e-06,2.500246e+08
112,38,1.000000000e-04,8.621729654e+08,343.248000,343.209000,0.002671,6.921285402e-06,2.500877e+08
112,39,1.000000000e-04,7.112229325e+08,343.209000,343.197000,0.001817,6.921285402e-06,2.501242e+08
113,0,1.000000000e-04,-7.827223587e+08,342.948000,342.968000,0.002201,6.921285402e-06,2.504642e+08
113,1,1.000000000e-04,-9.496897286e+08,342.968000,343.023000,0.003240,6.921285402e-06,2.504109e+08
113,2,1.000000000e-04,2.882436269e+08,343.023000,343.100000,0.000299,6.921285402e-06,2.503227e+08
113,3,1.000000000e-04,1.799579922e+08,343.100000,343.195300,0.000116,6.921285402e-06,2.502031e+08
113,4,1.000000000e-04,-3.957917728e+08,343.195300,343.295500,0.000563,6.921285402e-06,2.500667e+08
113,5,1.000000000e-04,-5.767861843e+08,343.295500,343.406400,0.001195,6.921285402e-06,2.499192e+08
113,6,1.000000000e-04,4.771442281e+08,343.406400,343.522000,0.000818,6.921285402e-06,2.497623e+08
113,7,1.000000000e-04,2.876206525e+08,343.522000,343.635200,0.000297,6.921285402e-06,2.496039e+08
113,8,1.000000000e-04,-3.186837930e+08,343.635200,343.750000,0.000365,6.921285402e-06,2.494453e+08
113,9,1.000000000e-04,-5.192530940e+08,343.750000,343.854000,0.000969,6.921285402e-06,2.492926e+08
113,10,1.000000000e-04,5.049756820e+08,343.854000,343.953000,0.000916,6.921285402e-06,2.491515e+08
113,11,1.000000000e-04,3.031611903e+08,343.953000,344.033000,0.000330,6.921285402e-06,2.490278e+08
113,12,1.000000000e-04,-3.076512532e+08,344.033000,344.106100,0.000340,6.921285402e-06,2.489214e+08
113,13,1.000000000e-04,-5.110617250e+08,344.106100,344.159000,0.000938,6.921285402e-06,2.488331e+08
113,14,1.000000000e-04,5.088706804e+08,344.159000,344.188500,0.000930,6.921285402e-06,2.487759e+08
113,15,1.000000000e-04,3.052713470e+08,344.188500,344.202300,0.000335,6.921285402e-06,2.487465e+08
113,16,1.000000000e-04,-3.062284033e+08,344.202300,344.198000,0.000337,6.921285402e-06,2.487399e+08
113,17,1.000000000e-04,-5.101673810e+08,344.198000,344.172000,0.000935,6.921285402e-06,2.487602e+08
113,18,1.000000000e-04,5.088501237e+08,344.172000,344.140000,0.000930,6.921285402e-06,2.488005e+08
113,19,1.000000000e-04,3.047974067e+08,344.140000,344.089000,0.000334,6.921285402e-06,2.488589e+08
113,20,1.000000000e-04,-3.071161337e+08,344.089000,344.033300,0.000339,6.921285402e-06,2.489331e+08
113,21,1.000000000e-04,-5.119940529e+08,344.033300,343.974100,0.000942,6.921285402e-06,2.490122e+08
113,22,1.000000000e-04,5.048022776e+08,343.974100,343.911900,0.000916,6.921285402e-06,2.490966e+08
113,23,1.000000000e-04,2.992867689e+08,343.911900,343.852700,0.000322,6.921285402e-06,2.491817e+08
113,24,1.000000000e-04,-3.149223369e+08,343.852700,343.793500,0.000356,6.921285402e-06,2.492640e+08
113,25,1.000000000e-04,-5.260192758e+08,343.793500,343.742300,0.000994,6.921285402e-06,2.493399e+08
113,26,1.000000000e-04,4.757707502e+08,343.742300,343.699100,0.000813,6.921285402e-06,2.494058e+08
113,27,1.000000000e-04,2.601415663e+08,343.699100,343.668900,0.000243,6.921285402e-06,2.494574e+08
113,28,1.000000000e-04,-3.701655385e+08,343.668900,343.641700,0.000492,6.921285402e-06,2.494970e+08
113,29,1.000000000e-04,-6.243531547e+08,343.641700,343.616000,0.001401,6.921285402e-06,2.495327e+08
113,30,1.000000000e-04,3.910335403e+08,343.616000,343.597300,0.000549,6.921285402e-06,2.495646e+08
113,31,1.000000000e-04,2.442813425e+08,343.597300,343.565200,0.000214,6.921285402e-06,2.496003e+08
113,32,1.000000000e-04,-2.936964167e+08,343.565200,343.529000,0.000310,6.921285402e-06,2.496477e+08
113,33,1.000000000e-04,-4.576855077e+08,343.529000,343.477400,0.000753,6.921285402e-06,2.497082e+08
113,34,1.000000000e-04,5.128370880e+08,343.477400,343.422500,0.000945,6.921285402e-06,2.497819e+08
113,35,1.000000000e-04,3.534371440e+08,343.422500,343.360300,0.000449,6.921285402e-06,2.498639e+08
113,36,1.000000000e-04,-1.680588138e+08,343.360300,343.303900,0.000101,6.921285402e-06,2.499468e+08
113,37,1.000000000e-04,-2.652251593e+08,343.303900,343.248000,0.000253,6.921285402e-06,2.500246e+08
113,38,1.000000000e-04,8.621729654e+08,343.248000,343.209000,0.002671,6.921285402e-06,2.500877e+08
113,39,1.000000000e-04,7.112229325e+08,343.209000,343.197000,0.001817,6.921285402e-06,2.501242e+08
114,0,1.000000000e-04,-7.737009526e+08,342.386000,342.398000,0.002151,6.921285402e-06,2.512510e+08
114,1,1.000000000e-04,-9.384699353e+08,342.398000,342.430000,0.003164,6.921285402e-06,2.512193e+08
114,2,1.000000000e-04,2.922320804e+08,342.430000,342.478000,0.000307,6.921285402e-06,2.511671e+08
114,3,1.000000000e-04,1.817105180e+08,342.478000,342.533000,0.000119,6.921285402e-06,2.510957e+08
114,4,1.000000000e-04,-3.931874061e+08,342.533000,342.595500,0.000555,6.921285402e-06,2.510135e+08
114,5,1.000000000e-04,-5.747458403e+08,342.595500,342.649900,0.001187,6.921285402e-06,2.509315e+08
114,6,1.000000000e-04,4.753725759e+08,342.649900,342.706700,0.000812,6.921285402e-06,2.508547e+08
114,7,1.000000000e-04,2.861201634e+08,342.706700,342.764000,0.000294,6.921285402e-06,2.507760e+08
114,8,1.000000000e-04,-3.176218318e+08,342.764000,342.812000,0.000362,6.921285402e-06,2.507027e+08
114,9,1.000000000e-04,-5.177714085e+08,342.812000,342.860000,0.000963,6.921285402e-06,2.506353e+08
114,10,1.000000000e-04,5.026308907e+08,342.860000,342.906100,0.000908,6.921285402e-06,2.505700e+08
114,11,1.000000000e-04,3.014739209e+08,342.906100,342.939000,0.000327,6.921285402e-06,2.505158e+08
114,12,1.000000000e-04,-3.063655674e+08,342.939000,342.977300,0.000337,6.921285402e-06,2.504663e+08
114,13,1.000000000e-04,-5.091890156e+08,342.977300,343.003000,0.000932,6.921285402e-06,2.504211e+08
114,14,1.000000000e-04,5.066480433e+08,343.003000,343.029000,0.000922,6.921285402e-06,2.503852e+08
114,15,1.000000000e-04,3.036730453e+08,343.029000,343.045000,0.000331,6.921285402e-06,2.503567e+08
114,16,1.000000000e-04,-3.048136115e+08,343.045000,343.061000,0.000334,6.921285402e-06,2.503344e+08
114,17,1.000000000e-04,-5.081737167e+08,343.061000,343.074300,0.000928,6.921285402e-06,2.503134e+08
114,18,1.000000000e-04,5.066059952e+08,343.074300,343.083100,0.000922,6.921285402e-06,2.502980e+08
114,19,1.000000000e-04,3.031560524e+08,343.083100,343.085000,0.000330,6.921285402e-06,2.502913e+08
114,20,1.000000000e-04,-3.057214382e+08,343.085000,343.094100,0.000336,6.921285402e-06,2.502836e+08
114,21,1.000000000e-04,-5.100400984e+08,343.094100,343.101300,0.000935,6.921285402e-06,2.502716e+08
114,22,1.000000000e-04,5.023561465e+08,343.101300,343.108000,0.000907,6.921285402e-06,2.502620e+08
114,23,1.000000000e-04,2.975629339e+08,343.108000,343.124000,0.000318,6.921285402e-06,2.502469e+08
114,24,1.000000000e-04,-3.133099153e+08,343.124000,343.155000,0.000353,6.921285402e-06,2.502142e+08
114,25,1.000000000e-04,-5.234936666e+08,343.155000,343.190000,0.000985,6.921285402e-06,2.501675e+08
114,26,1.000000000e-04,4.741563694e+08,343.190000,343.261000,0.000808,6.921285402e-06,2.500941e+08
114,27,1.000000000e-04,2.605199975e+08,343.261000,343.360300,0.000244,6.921285402e-06,2.499764e+08
114,28,1.000000000e-04,-3.639969626e+08,343.360300,343.515100,0.000476,6.921285402e-06,2.497995e+08
114,29,1.000000000e-04,-6.129688847e+08,343.515100,343.732000,0.001350,6.921285402e-06,2.495401e+08
114,30,1.000000000e-04,3.950225247e+08,343.732000,343.947000,0.000561,6.921285402e-06,2.492409e+08
114,31,1.000000000e-04,2.458865620e+08,343.947000,344.086700,0.000217,6.921285402e-06,2.489948e+08
114,32,1.000000000e-04,-2.915611105e+08,344.086700,344.167000,0.000305,6.921285402e-06,2.488418e+08
114,33,1.000000000e-04,-4.561707671e+08,344.167000,344.206000,0.000748,6.921285402e-06,2.487584e+08
114,34,1.000000000e-04,5.110918058e+08,344.206000,344.218000,0.000938,6.921285402e-06,2.487227e+08
114,35,1.000000000e-04,3.510491323e+08,344.218000,344.207900,0.000443,6.921285402e-06,2.487220e+08
114,36,1.000000000e-04,-1.698658304e+08,344.207900,344.184700,0.000104,6.921285402e-06,2.487455e+08
114,37,1.000000000e-04,-2.691131847e+08,344.184700,344.156000,0.000260,6.921285402e-06,2.487814e+08
114,38,1.000000000e-04,8.519539077e+08,344.156000,344.131000,0.002608,6.921285402e-06,2.488159e+08
114,39,1.000000000e-04,7.030522030e+08,344.131000,344.120000,0.001776,6.921285402e-06,2.488419e+08
115,0,1.000000000e-04,-7.737009526e+08,342.386000,342.398000,0.002151,6.921285402e-06,2.512510e+08
115,1,1.000000000e-04,-9.384699353e+08,342.398000,342.430000,0.003164,6.921285402e-06,2.512193e+08
115,2,1.000000000e-04,2.922320804e+08,342.430000,342.478000,0.000307,6.921285402e-06,2.511671e+08
115,3,1.000000000e-04,1.817105180e+08,342.478000,342.533000,0.000119,6.921285402e-06,2.510957e+08
115,4,1.000000000e-04,-3.931874061e+08,342.533000,342.595500,0.000555,6.921285402e-06,2.510135e+08
115,5,1.000000000e-04,-5.747458403e+08,342.595500,342.649900,0.001187,6.921285402e-06,2.509315e+08
115,6,1.000000000e-04,4.753725759e+08,342.649900,342.706700,0.000812,6.921285402e-06,2.508547e+08
115,7,1.000000000e-04,2.861201634e+08,342.706700,342.764000,0.000294,6.921285402e-06,2.507760e+08
115,8,1.000000000e-04,-3.176218318e+08,342.764000,342.812000,0.000362,6.921285402e-06,2.507027e+08
115,9,1.000000000e-04,-5.177714085e+08,342.812000,342.860000,0.000963,6.921285402e-06,2.506353e+08
115,10,1.000000000e-04,5.026308907e+08,342.860000,342.907000,0.000908,6.921285402e-06,2.505693e+08
115,11,1.000000000e-04,3.014739209e+08,342.907000,342.939000,0.000327,6.921285402e-06,2.505151e+08
115,12,1.000000000e-04,-3.063655674e+08,342.939000,342.977300,0.000337,6.921285402e-06,2.504663e+08
115,13,1.000000000e-04,-5.091890156e+08,342.977300,343.003000,0.000932,6.921285402e-06,2.504211e+08
115,14,1.000000000e-04,5.066480433e+08,343.003000,343.029000,0.000922,6.921285402e-06,2.503852e+08
115,15,1.000000000e-04,3.036730453e+08,343.029000,343.045000,0.000331,6.921285402e-06,2.503567e+08
115,16,1.000000000e-04,-3.048136115e+08,343.045000,343.061000,0.000334,6.921285402e-06,2.503344e+08
115,17,1.000000000e-04,-5.081737167e+08,343.061000,343.074300,0.000928,6.921285402e-06,2.503134e+08
115,18,1.000000000e-04,5.066059952e+08,343.074300,343.083100,0.000922,6.921285402e-06,2.502980e+08
115,19,1.000000000e-04,3.031560524e+08,343.083100,343.085000,0.000330,6.921285402e-06,2.502913e+08
115,20,1.000000000e-04,-3.057214382e+08,343.085000,343.094100,0.000336,6.921285402e-06,2.502836e+08
115,21,1.000000000e-04,-5.100400984e+08,343.094100,343.101300,0.000935,6.921285402e-06,2.502716e+08
115,22,1.000000000e-04,5.023561465e+08,343.101300,343.108000,0.000907,6.921285402e-06,2.502620e+08
115,23,1.000000000e-04,2.975629339e+08,343.108000,343.124000,0.000318,6.921285402e-06,2.502469e+08
115,24,1.000000000e-04,-3.133099153e+08,343.124000,343.155000,0.000353,6.921285402e-06,2.502142e+08
115,25,1.000000000e-04,-5.234936666e+08,343.155000,343.190000,0.000985,6.921285402e-06,2.501675e+08
115,26,1.000000000e-04,4.741563694e+08,343.190000,343.261000,0.000808,6.921285402e-06,2.500941e+08
115,27,1.000000000e-04,2.605199975e+08,343.261000,343.360300,0.000244,6.921285402e-06,2.499764e+08
115,28,1.000000000e-04,-3.639969626e+08,343.360300,343.515100,0.000476,6.921285402e-06,2.497995e+08
115,29,1.000000000e-04,-6.129688847e+08,343.515100,343.732000,0.001350,6.921285402e-06,2.495401e+08
115,30,1.000000000e-04,3.950225247e+08,343.732000,343.947000,0.000561,6.921285402e-06,2.492409e+08
115,31,1.000000000e-04,2.458865620e+08,343.947000,344.086700,0.000217,6.921285402e-06,2.489948e+08
115,32,1.000000000e-04,-2.915611105e+08,344.086700,344.167000,0.000305,6.921285402e-06,2.488418e+08
115,33,1.000000000e-04,-4.561707671e+08,344.167000,344.206000,0.000748,6.921285402e-06,2.487584e+08
115,34,1.000000000e-04,5.110918058e+08,344.206000,344.218000,0.000938,6.921285402e-06,2.487227e+08
115,35,1.000000000e-04,3.510491323e+08,344.218000,344.207900,0.000443,6.921285402e-06,2.487220e+08
115,36,1.000000000e-04,-1.698658304e+08,344.207900,344.184700,0.000104,6.921285402e-06,2.487455e+08
115,37,1.000000000e-04,-2.691131847e+08,344.184700,344.156000,0.000260,6.921285402e-06,2.487814e+08
115,38,1.000000000e-04,8.519539077e+08,344.156000,344.131000,0.002608,6.921285402e-06,2.488159e+08
115,39,1.000000000e-04,7.030522030e+08,344.131000,344.120000,0.001776,6.921285402e-06,2.488419e+08
116,0,1.000000000e-04,-7.590730128e+08,342.655000,342.674300,0.002070,6.921285402e-06,2.508722e+08
116,1,1.000000000e-04,-9.212277689e+08,342.674300,342.716000,0.003049,6.921285402e-06,2.508286e+08
116,2,1.000000000e-04,2.773357387e+08,342.716000,342.774900,0.000276,6.921285402e-06,2.507620e+08
116,3,1.000000000e-04,1.731266646e+08,342.774900,342.841000,0.000108,6.921285402e-06,2.506753e+08
116,4,1.000000000e-04,-3.836577505e+08,342.841000,342.913000,0.000529,6.921285402e-06,2.505788e+08
116,5,1.000000000e-04,-5.585545594e+08,342.913000,342.989300,0.001121,6.921285402e-06,2.504751e+08
116,6,1.000000000e-04,4.608352171e+08,342.989300,343.063000,0.000763,6.921285402e-06,2.503712e+08
116,7,1.000000000e-04,2.778256235e+08,343.063000,343.133000,0.000277,6.921285402e-06,2.502719e+08
116,8,1.000000000e-04,-3.083879129e+08,343.133000,343.197000,0.000342,6.921285402e-06,2.501787e+08
116,9,1.000000000e-04,-5.022146414e+08,343.197000,343.261000,0.000906,6.921285402e-06,2.500891e+08
116,10,1.000000000e-04,4.880408591e+08,343.261000,343.317000,0.000856,6.921285402e-06,2.500058e+08
116,11,1.000000000e-04,2.930389562e+08,343.317000,343.365000,0.000309,6.921285402e-06,2.499341e+08
116,12,1.000000000e-04,-2.975224213e+08,343.365000,343.410000,0.000318,6.921285402e-06,2.498695e+08
116,13,1.000000000e-04,-4.941048770e+08,343.410000,343.442000,0.000877,6.921285402e-06,2.498153e+08
116,14,1.000000000e-04,4.918828073e+08,343.442000,343.469000,0.000869,6.921285402e-06,2.497743e+08
116,15,1.000000000e-04,2.951247011e+08,343.469000,343.487700,0.000313,6.921285402e-06,2.497432e+08
116,16,1.000000000e-04,-2.961001062e+08,343.487700,343.501000,0.000315,6.921285402e-06,2.497210e+08
116,17,1.000000000e-04,-4.931998015e+08,343.501000,343.504000,0.000874,6.921285402e-06,2.497090e+08
116,18,1.000000000e-04,4.918635342e+08,343.504000,343.504000,0.000869,6.921285402e-06,2.497069e+08
116,19,1.000000000e-04,2.946613735e+08,343.504000,343.497500,0.000312,6.921285402e-06,2.497121e+08
116,20,1.000000000e-04,-2.969554300e+08,343.497500,343.490000,0.000317,6.921285402e-06,2.497218e+08
116,21,1.000000000e-04,-4.949627789e+08,343.490000,343.478900,0.000880,6.921285402e-06,2.497341e+08
116,22,1.000000000e-04,4.879236219e+08,343.478900,343.468000,0.000855,6.921285402e-06,2.497494e+08
116,23,1.000000000e-04,2.893541083e+08,343.468000,343.465300,0.000301,6.921285402e-06,2.497595e+08
116,24,1.000000000e-04,-3.043748746e+08,343.465300,343.465000,0.000333,6.921285402e-06,2.497615e+08
116,25,1.000000000e-04,-5.082358177e+08,343.465000,343.473700,0.000928,6.921285402e-06,2.497550e+08
116,26,1.000000000e-04,4.603728814e+08,343.473700,343.505100,0.000761,6.921285402e-06,2.497273e+08
116,27,1.000000000e-04,2.526566759e+08,343.505100,343.565200,0.000229,6.921285402e-06,2.496644e+08
116,28,1.000000000e-04,-3.553784829e+08,343.565200,343.666000,0.000454,6.921285402e-06,2.495523e+08
116,29,1.000000000e-04,-5.985183652e+08,343.666000,343.832000,0.001287,6.921285402e-06,2.493658e+08
116,30,1.000000000e-04,3.808346380e+08,343.832000,343.987700,0.000521,6.921285402e-06,2.491432e+08
116,31,1.000000000e-04,2.376828148e+08,343.987700,344.080900,0.000203,6.921285402e-06,2.489706e+08
116,32,1.000000000e-04,-2.832321479e+08,344.080900,344.125000,0.000288,6.921285402e-06,2.488751e+08
116,33,1.000000000e-04,-4.419433748e+08,344.125000,344.132000,0.000702,6.921285402e-06,2.488390e+08
116,34,1.000000000e-04,4.967411976e+08,344.132000,344.115500,0.000887,6.921285402e-06,2.488454e+08
116,35,1.000000000e-04,3.426492675e+08,344.115500,344.086700,0.000422,6.921285402e-06,2.488775e+08
116,36,1.000000000e-04,-1.617329853e+08,344.086700,344.047100,0.000094,6.921285402e-06,2.489254e+08
116,37,1.000000000e-04,-2.552558351e+08,344.047100,344.007900,0.000234,6.921285402e-06,2.489800e+08
116,38,1.000000000e-04,8.363435657e+08,344.007900,343.977300,0.002513,6.921285402e-06,2.490258e+08
116,39,1.000000000e-04,6.897489392e+08,343.977300,343.966000,0.001709,6.921285402e-06,2.490559e+08
117,0,1.000000000e-04,-7.590730128e+08,342.655000,342.674000,0.002070,6.921285402e-06,2.508724e+08
117,1,1.000000000e-04,-9.212277689e+08,342.674000,342.715100,0.003049,6.921285402e-06,2.508294e+08
117,2,1.000000000e-04,2.773357387e+08,342.715100,342.774900,0.000276,6.921285402e-06,2.507626e+08
117,3,1.000000000e-04,1.731266646e+08,342.774900,342.841000,0.000108,6.921285402e-06,2.506753e+08
117,4,1.000000000e-04,-3.836577505e+08,342.841000,342.913000,0.000529,6.921285402e-06,2.505788e+08
117,5,1.000000000e-04,-5.585545594e+08,342.913000,342.989300,0.001121,6.921285402e-06,2.504751e+08
117,6,1.000000000e-04,4.608352171e+08,342.989300,343.063000,0.000763,6.921285402e-06,2.503712e+08
117,7,1.000000000e-04,2.778256235e+08,343.063000,343.133000,0.000277,6.921285402e-06,2.502719e+08
117,8,1.000000000e-04,-3.083879129e+08,343.133000,343.197000,0.000342,6.921285402e-06,2.501787e+08
117,9,1.000000000e-04,-5.022146414e+08,343.197000,343.261000,0.000906,6.921285402e-06,2.500891e+08
117,10,1.000000000e-04,4.880408591e+08,343.261000,343.317000,0.000856,6.921285402e-06,2.500058e+08
117,11,1.000000000e-04,2.930389562e+08,343.317000,343.365000,0.000309,6.921285402e-06,2.499341e+08
117,12,1.000000000e-04,-2.975224213e+08,343.365000,343.410000,0.000318,6.921285402e-06,2.498695e+08
117,13,1.000000000e-04,-4.941048770e+08,343.410000,343.442000,0.000877,6.921285402e-06,2.498153e+08
117,14,1.000000000e-04,4.918828073e+08,343.442000,343.469000,0.000869,6.921285402e-06,2.497743e+08
117,15,1.000000000e-04,2.951247011e+08,343.469000,343.487700,0.000313,6.921285402e-06,2.497432e+08
117,16,1.000000000e-04,-2.961001062e+08,343.487700,343.501000,0.000315,6.921285402e-06,2.497210e+08
117,17,1.000000000e-04,-4.931998015e+08,343.501000,343.504000,0.000874,6.921285402e-06,2.497090e+08
117,18,1.000000000e-04,4.918635342e+08,343.504000,343.504000,0.000869,6.921285402e-06,2.497069e+08
117,19,1.000000000e-04,2.946613735e+08,343.504000,343.497500,0.000312,6.921285402e-06,2.497121e+08
117,20,1.000000000e-04,-2.969554300e+08,343.497500,343.490000,0.000317,6.921285402e-06,2.497218e+08
117,21,1.000000000e-04,-4.949627789e+08,343.490000,343.478900,0.000880,6.921285402e-06,2.497341e+08
117,22,1.000000000e-04,4.879236219e+08,343.478900,343.468000,0.000855,6.921285402e-06,2.497494e+08
117,23,1.000000000e-04,2.893541083e+08,343.468000,343.465300,0.000301,6.921285402e-06,2.497595e+08
117,24,1.000000000e-04,-3.043748746e+08,343.465300,343.465000,0.000333,6.921285402e-06,2.497615e+08
117,25,1.000000000e-04,-5.082358177e+08,343.465000,343.473700,0.000928,6.921285402e-06,2.497550e+08
117,26,1.000000000e-04,4.603728814e+08,343.473700,343.505100,0.000761,6.921285402e-06,2.497273e+08
117,27,1.000000000e-04,2.526566759e+08,343.505100,343.565200,0.000229,6.921285402e-06,2.496644e+08
117,28,1.000000000e-04,-3.553784829e+08,343.565200,343.666000,0.000454,6.921285402e-06,2.495523e+08
117,29,1.000000000e-04,-5.985183652e+08,343.666000,343.832000,0.001287,6.921285402e-06,2.493658e+08
117,30,1.000000000e-04,3.808346380e+08,343.832000,343.987700,0.000521,6.921285402e-06,2.491432e+08
117,31,1.000000000e-04,2.376828148e+08,343.987700,344.080900,0.000203,6.921285402e-06,2.489706e+08
117,32,1.000000000e-04,-2.832321479e+08,344.080900,344.125000,0.000288,6.921285402e-06,2.488751e+08
117,33,1.000000000e-04,-4.419433748e+08,344.125000,344.132000,0.000702,6.921285402e-06,2.488390e+08
117,34,1.000000000e-04,4.967411976e+08,344.132000,344.115500,0.000887,6.921285402e-06,2.488454e+08
117,35,1.000000000e-04,3.426492675e+08,344.115500,344.086700,0.000422,6.921285402e-06,2.488775e+08
117,36,1.000000000e-04,-1.617329853e+08,344.086700,344.047100,0.000094,6.921285402e-06,2.489254e+08
117,37,1.000000000e-04,-2.552558351e+08,344.047100,344.007900,0.000234,6.921285402e-06,2.489800e+08
117,38,1.000000000e-04,8.363435657e+08,344.007900,343.977300,0.002513,6.921285402e-06,2.490258e+08
117,39,1.000000000e-04,6.897489392e+08,343.977300,343.966000,0.001709,6.921285402e-06,2.490559e+08
118,0,1.000000000e-04,-2.348597305e+08,342.732000,342.747000,0.000198,6.921285402e-06,2.507704e+08
118,1,1.000000000e-04,-2.850304302e+08,342.747000,342.786000,0.000292,6.921285402e-06,2.507327e+08
118,2,1.000000000e-04,8.581087352e+07,342.786000,342.844900,0.000026,6.921285402e-06,2.506650e+08
118,3,1.000000000e-04,5.356900007e+07,342.844900,342.911000,0.000010,6.921285402e-06,2.505781e+08
118,4,1.000000000e-04,-1.187009923e+08,342.911000,342.981500,0.000051,6.921285402e-06,2.504832e+08
118,5,1.000000000e-04,-1.728114729e+08,342.981500,343.053000,0.000107,6.921285402e-06,2.503844e+08
118,6,1.000000000e-04,1.425994640e+08,343.053000,343.128100,0.000073,6.921285402e-06,2.502825e+08
118,7,1.000000000e-04,8.598035391e+07,343.128100,343.200900,0.000027,6.921285402e-06,2.501798e+08
118,8,1.000000000e-04,-9.538897947e+07,343.200900,343.267000,0.000033,6.921285402e-06,2.500833e+08
118,9,1.000000000e-04,-1.553385468e+08,343.267000,343.331000,0.000087,6.921285402e-06,2.499928e+08
118,10,1.000000000e-04,1.511027382e+08,343.331000,343.387000,0.000082,6.921285402e-06,2.499094e+08
118,11,1.000000000e-04,9.080021989e+07,343.387000,343.435000,0.000030,6.921285402e-06,2.498372e+08
118,12,1.000000000e-04,-9.187214595e+07,343.435000,343.480000,0.000030,6.921285402e-06,2.497725e+08
118,13,1.000000000e-04,-1.525536007e+08,343.480000,343.512000,0.000084,6.921285402e-06,2.497190e+08
118,14,1.000000000e-04,1.528657226e+08,343.512000,343.539000,0.000084,6.921285402e-06,2.496780e+08
118,15,1.000000000e-04,9.220889881e+07,343.539000,343.555000,0.000031,6.921285402e-06,2.496481e+08
118,16,1.000000000e-04,-9.036924904e+07,343.555000,343.566100,0.000029,6.921285402e-06,2.496293e+08
118,17,1.000000000e-04,-1.503729027e+08,343.566100,343.574000,0.000081,6.921285402e-06,2.496160e+08
118,18,1.000000000e-04,1.568104733e+08,343.574000,343.574000,0.000088,6.921285402e-06,2.496105e+08
118,19,1.000000000e-04,9.739522569e+07,343.574000,343.566000,0.000034,6.921285402e-06,2.496162e+08
118,20,1.000000000e-04,-8.307391427e+07,343.566000,343.560000,0.000025,6.921285402e-06,2.496259e+08
118,21,1.000000000e-04,-1.372971964e+08,343.560000,343.548900,0.000068,6.921285402e-06,2.496377e+08
118,22,1.000000000e-04,1.838391936e+08,343.548900,343.537100,0.000121,6.921285402e-06,2.496536e+08
118,23,1.000000000e-04,1.346924818e+08,343.537100,343.528700,0.000065,6.921285402e-06,2.496677e+08
118,24,1.000000000e-04,-2.865801021e+07,343.528700,343.535000,0.000003,6.921285402e-06,2.496692e+08
118,25,1.000000000e-04,-3.812468809e+07,343.535000,343.544000,0.000005,6.921285402e-06,2.496586e+08
118,26,1.000000000e-04,3.889137860e+08,343.544000,343.580900,0.000543,6.921285402e-06,2.496260e+08
118,27,1.000000000e-04,4.269250204e+08,343.580900,343.643100,0.000655,6.921285402e-06,2.495570e+08
118,28,1.000000000e-04,4.122975776e+08,343.643100,343.761300,0.000611,6.921285402e-06,2.494317e+08
118,29,1.000000000e-04,7.672413546e+08,343.761300,343.985500,0.002115,6.921285402e-06,2.491919e+08
118,30,1.000000000e-04,1.059997696e+09,343.985500,344.208700,0.004037,6.921285402e-06,2.488787e+08
118,31,1.000000000e-04,6.111662773e+08,344.208700,344.310900,0.001342,6.921285402e-06,2.486558e+08
118,32,1.000000000e-04,-3.352559475e+07,344.310900,344.357100,0.000004,6.921285402e-06,2.485542e+08
118,33,1.000000000e-04,-2.660011834e+08,344.357100,344.369000,0.000254,6.921285402e-06,2.485136e+08
118,34,1.000000000e-04,5.841656758e+08,344.369000,344.352500,0.001226,6.921285402e-06,2.485156e+08
118,35,1.000000000e-04,3.891391211e+08,344.352500,344.324000,0.000544,6.921285402e-06,2.485477e+08
118,36,1.000000000e-04,-1.337029691e+08,344.324000,344.289900,0.000064,6.921285402e-06,2.485918e+08
118,37,1.000000000e-04,-2.394904985e+08,344.289900,344.250000,0.000206,6.921285402e-06,2.486430e+08
118,38,1.000000000e-04,8.392131485e+08,344.250000,344.224300,0.002530,6.921285402e-06,2.486858e+08
118,39,1.000000000e-04,6.884966030e+08,344.224300,344.213000,0.001703,6.921285402e-06,2.487125e+08
119,0,1.000000000e-04,-2.348597305e+08,342.732000,342.747000,0.000198,6.921285402e-06,2.507704e+08
119,1,1.000000000e-04,-2.850304302e+08,342.747000,342.786000,0.000292,6.921285402e-06,2.507327e+08
119,2,1.000000000e-04,8.581087352e+07,342.786000,342.844900,0.000026,6.921285402e-06,2.506650e+08
119,3,1.000000000e-04,5.356900007e+07,342.844900,342.911000,0.000010,6.921285402e-06,2.505781e+08
119,4,1.000000000e-04,-1.187009923e+08,342.911000,342.981500,0.000051,6.921285402e-06,2.504832e+08
119,5,1.000000000e-04,-1.728114729e+08,342.981500,343.053000,0.000107,6.921285402e-06,2.503844e+08
119,6,1.000000000e-04,1.425994640e+08,343.053000,343.128100,0.000073,6.921285402e-06,2.502825e+08
119,7,1.000000000e-04,8.598035391e+07,343.128100,343.200900,0.000027,6.921285402e-06,2.501798e+08
119,8,1.000000000e-04,-9.538897947e+07,343.200900,343.267000,0.000033,6.921285402e-06,2.500833e+08
119,9,1.000000000e-04,-1.553385468e+08,343.267000,343.331000,0.000087,6.921285402e-06,2.499928e+08
119,10,1.000000000e-04,1.511027382e+08,343.331000,343.387000,0.000082,6.921285402e-06,2.499094e+08
119,11,1.000000000e-04,9.080021989e+07,343.387000,343.435000,0.000030,6.921285402e-06,2.498372e+08
119,12,1.000000000e-04,-9.187214595e+07,343.435000,343.480000,0.000030,6.921285402e-06,2.497725e+08
119,13,1.000000000e-04,-1.525536007e+08,343.480000,343.512000,0.000084,6.921285402e-06,2.497190e+08
119,14,1.000000000e-04,1.528657226e+08,343.512000,343.539000,0.000084,6.921285402e-06,2.496780e+08
119,15,1.000000000e-04,9.220889881e+07,343.539000,343.555000,0.000031,6.921285402e-06,2.496481e+08
119,16,1.000000000e-04,-9.036924904e+07,343.555000,343.566100,0.000029,6.921285402e-06,2.496293e+08
119,17,1.000000000e-04,-1.503729027e+08,343.566100,343.574000,0.000081,6.921285402e-06,2.496160e+08
119,18,1.000000000e-04,1.568104733e+08,343.574000,343.574000,0.000088,6.921285402e-06,2.496105e+08
119,19,1.000000000e-04,9.739522569e+07,343.574000,343.566000,0.000034,6.921285402e-06,2.496162e+08
119,20,1.000000000e-04,-8.307391427e+07,343.566000,343.560000,0.000025,6.921285402e-06,2.496259e+08
119,21,1.000000000e-04,-1.372971964e+08,343.560000,343.544000,0.000068,6.921285402e-06,2.496411e+08
119,22,1.000000000e-04,1.838391936e+08,343.544000,343.537100,0.000121,6.921285402e-06,2.496570e+08
119,23,1.000000000e-04,1.346924818e+08,343.537100,343.528700,0.000065,6.921285402e-06,2.496677e+08
119,24,1.000000000e-04,-2.865801021e+07,343.528700,343.535000,0.000003,6.921285402e-06,2.496692e+08
119,25,1.000000000e-04,-3.812468809e+07,343.535000,343.544000,0.000005,6.921285402e-06,2.496586e+08
119,26,1.000000000e-04,3.889137860e+08,343.544000,343.580900,0.000543,6.921285402e-06,2.496260e+08
119,27,1.000000000e-04,4.269250204e+08,343.580900,343.643100,0.000655,6.921285402e-06,2.495570e+08
119,28,1.000000000e-04,4.122975776e+08,343.643100,343.761300,0.000611,6.921285402e-06,2.494317e+08
119,29,1.000000000e-04,7.672413546e+08,343.761300,343.985500,0.002115,6.921285402e-06,2.491919e+08
119,30,1.000000000e-04,1.059997696e+09,343.985500,344.208700,0.004037,6.921285402e-06,2.488787e+08
119,31,1.000000000e-04,6.111662773e+08,344.208700,344.310900,0.001342,6.921285402e-06,2.486558e+08
119,32,1.000000000e-04,-3.352559475e+07,344.310900,344.357100,0.000004,6.921285402e-06,2.485542e+08
119,33,1.000000000e-04,-2.660011834e+08,344.357100,344.369000,0.000254,6.921285402e-06,2.485136e+08
119,34,1.000000000e-04,5.841656758e+08,344.369000,344.352500,0.001226,6.921285402e-06,2.485156e+08
119,35,1.000000000e-04,3.891391211e+08,344.352500,344.324000,0.000544,6.921285402e-06,2.485477e+08
119,36,1.000000000e-04,-1.337029691e+08,344.324000,344.289900,0.000064,6.921285402e-06,2.485918e+08
119,37,1.000000000e-04,-2.394904985e+08,344.289900,344.250000,0.000206,6.921285402e-06,2.486430e+08
119,38,1.000000000e-04,8.392131485e+08,344.250000,344.224300,0.002530,6.921285402e-06,2.486858e+08
119,39,1.000000000e-04,6.884966030e+08,344.224300,344.213000,0.001703,6.921285402e-06,2.487125e+08
120,0,1.000000000e-04,-4.431604603e+08,343.204000,343.251100,0.000706,6.921285402e-06,2.500914e+08
120,1,1.000000000e-04,2.534170596e+08,343.251100,343.385000,0.000231,6.921285402e-06,2.499661e+08
120,2,1.000000000e-04,-2.534170596e+08,343.385000,343.588000,0.000231,6.921285402e-06,2.497320e+08
120,3,1.000000000e-04,2.458325073e+08,343.588000,343.878900,0.000217,6.921285402e-06,2.493887e+08
120,4,1.000000000e-04,-2.458325073e+08,343.878900,344.280500,0.000217,6.921285402e-06,2.489075e+08
120,5,1.000000000e-04,2.490517279e+08,344.280500,344.807300,0.000223,6.921285402e-06,2.482622e+08
120,6,1.000000000e-04,-2.490517279e+08,344.807300,345.541500,0.000223,6.921285402e-06,2.473858e+08
120,7,1.000000000e-04,2.900713610e+08,345.541500,346.552700,0.000302,6.921285402e-06,2.461727e+08
120,8,1.000000000e-04,-2.900713610e+08,346.552700,348.016900,0.000302,6.921285402e-06,2.444523e+08
120,9,1.000000000e-04,1.037469076e+09,348.016900,350.652000,0.003867,6.921285402e-06,2.415990e+08
120,10,1.000000000e-04,-1.037469076e+09,350.652000,353.253000,0.003867,6.921285402e-06,2.379599e+08
120,11,1.000000000e-04,1.141585248e+09,353.253000,354.621600,0.004682,6.921285402e-06,2.352000e+08
120,12,1.000000000e-04,-1.141585248e+09,354.621600,355.459200,0.004682,6.921285402e-06,2.336667e+08
120,13,1.000000000e-04,1.151345070e+09,355.459200,355.931800,0.004763,6.921285402e-06,2.327561e+08
120,14,1.000000000e-04,-1.151345070e+09,355.931800,356.082500,0.004763,6.921285402e-06,2.323229e+08
120,15,1.000000000e-04,1.148313853e+09,356.082500,355.965700,0.004738,6.921285402e-06,2.322993e+08
120,16,1.000000000e-04,-1.148313853e+09,355.965700,355.533200,0.004738,6.921285402e-06,2.326811e+08
120,17,1.000000000e-04,1.107310053e+09,355.533200,354.731300,0.004405,6.921285402e-06,2.335394e+08
120,18,1.000000000e-04,-1.107310053e+09,354.731300,353.409100,0.004405,6.921285402e-06,2.350156e+08
120,19,1.000000000e-04,3.599097655e+08,353.409100,350.842000,0.000465,6.921285402e-06,2.377234e+08
120,20,1.000000000e-04,-3.599097655e+08,350.842000,348.239900,0.000465,6.921285402e-06,2.413160e+08
120,21,1.000000000e-04,2.557535934e+08,348.239900,346.810400,0.000235,6.921285402e-06,2.441183e+08
120,22,1.000000000e-04,-2.557535934e+08,346.810400,345.834800,0.000235,6.921285402e-06,2.457898e+08
120,23,1.000000000e-04,2.455870648e+08,345.834800,345.133500,0.000217,6.921285402e-06,2.469553e+08
120,24,1.000000000e-04,-2.455870648e+08,345.133500,344.626000,0.000217,6.921285402e-06,2.477954e+08
120,25,1.000000000e-04,2.444832149e+08,344.626000,344.237900,0.000215,6.921285402e-06,2.484178e+08
120,26,1.000000000e-04,-2.444832149e+08,344.237900,343.944300,0.000215,6.921285402e-06,2.488916e+08
120,27,1.000000000e-04,2.433007206e+08,343.944300,343.706700,0.000213,6.921285402e-06,2.492608e+08
120,28,1.000000000e-04,-2.433007206e+08,343.706700,343.516000,0.000213,6.921285402e-06,2.495585e+08
120,29,1.000000000e-04,2.251436250e+08,343.516000,343.359000,0.000182,6.921285402e-06,2.498002e+08
120,30,1.000000000e-04,-2.251436250e+08,343.359000,343.216000,0.000182,6.921285402e-06,2.500087e+08
120,31,1.000000000e-04,2.225683437e+08,343.216000,343.094300,0.000178,6.921285402e-06,2.501926e+08
120,32,1.000000000e-04,-2.225683437e+08,343.094300,342.982000,0.000178,6.921285402e-06,2.503553e+08
120,33,1.000000000e-04,2.223814749e+08,342.982000,342.870000,0.000178,6.921285402e-06,2.505111e+08
120,34,1.000000000e-04,-2.223814749e+08,342.870000,342.773000,0.000178,6.921285402e-06,2.506564e+08
120,35,1.000000000e-04,2.230880155e+08,342.773000,342.677900,0.000179,6.921285402e-06,2.507899e+08
120,36,1.000000000e-04,-2.230880155e+08,342.677900,342.597000,0.000179,6.921285402e-06,2.509122e+08
120,37,1.000000000e-04,2.303398246e+08,342.597000,342.521000,0.000191,6.921285402e-06,2.510213e+08
120,38,1.000000000e-04,-2.303398246e+08,342.521000,342.466000,0.000191,6.921285402e-06,2.511123e+08
120,39,1.000000000e-04,4.028643023e+08,342.466000,342.452000,0.000583,6.921285402e-06,2.511598e+08
121,0,1.000000000e-04,-4.431604603e+08,343.204000,343.251100,0.000706,6.921285402e-06,2.500914e+08
121,1,1.000000000e-04,2.534170596e+08,343.251100,343.385000,0.000231,6.921285402e-06,2.499661e+08
121,2,1.000000000e-04,-2.534170596e+08,343.385000,343.588000,0.000231,6.921285402e-06,2.497320e+08
121,3,1.000000000e-04,2.458325073e+08,343.588000,343.878900,0.000217,6.921285402e-06,2.493887e+08
121,4,1.000000000e-04,-2.458325073e+08,343.878900,344.280500,0.000217,6.921285402e-06,2.489075e+08
121,5,1.000000000e-04,2.490517279e+08,344.280500,344.807300,0.000223,6.921285402e-06,2.482622e+08
121,6,1.000000000e-04,-2.490517279e+08,344.807300,345.541500,0.000223,6.921285402e-06,2.473858e+08
121,7,1.000000000e-04,2.900713610e+08,345.541500,346.552700,0.000302,6.921285402e-06,2.461727e+08
121,8,1.000000000e-04,-2.900713610e+08,346.552700,348.016900,0.000302,6.921285402e-06,2.444523e+08
121,9,1.000000000e-04,1.037469076e+09,348.016900,350.652000,0.003867,6.921285402e-06,2.415990e+08
121,10,1.000000000e-04,-1.037469076e+09,350.652000,353.253000,0.003867,6.921285402e-06,2.379599e+08
121,11,1.000000000e-04,1.141585248e+09,353.253000,354.621600,0.004682,6.921285402e-06,2.352000e+08
121,12,1.000000000e-04,-1.141585248e+09,354.621600,355.459200,0.004682,6.921285402e-06,2.336667e+08
121,13,1.000000000e-04,1.151345070e+09,355.459200,355.931800,0.004763,6.921285402e-06,2.327561e+08
121,14,1.000000000e-04,-1.151345070e+09,355.931800,356.083000,0.004763,6.921285402e-06,2.323225e+08
121,15,1.000000000e-04,1.148313853e+09,356.083000,355.965700,0.004738,6.921285402e-06,2.322990e+08
121,16,1.000000000e-04,-1.148313853e+09,355.965700,355.533200,0.004738,6.921285402e-06,2.326811e+08
121,17,1.000000000e-04,1.107310053e+09,355.533200,354.731300,0.004405,6.921285402e-06,2.335394e+08
121,18,1.000000000e-04,-1.107310053e+09,354.731300,353.409100,0.004405,6.921285402e-06,2.350156e+08
121,19,1.000000000e-04,3.599097655e+08,353.409100,350.842000,0.000465,6.921285402e-06,2.377234e+08
121,20,1.000000000e-04,-3.599097655e+08,350.842000,348.239900,0.000465,6.921285402e-06,2.413160e+08
121,21,1.000000000e-04,2.557535934e+08,348.239900,346.810400,0.000235,6.921285402e-06,2.441183e+08
121,22,1.000000000e-04,-2.557535934e+08,346.810400,345.834800,0.000235,6.921285402e-06,2.457898e+08
121,23,1.000000000e-04,2.455870648e+08,345.834800,345.133500,0.000217,6.921285402e-06,2.469553e+08
121,24,1.000000000e-04,-2.455870648e+08,345.133500,344.626000,0.000217,6.921285402e-06,2.477954e+08
121,25,1.000000000e-04,2.444832149e+08,344.626000,344.237900,0.000215,6.921285402e-06,2.484178e+08
121,26,1.000000000e-04,-2.444832149e+08,344.237900,343.944300,0.000215,6.921285402e-06,2.488916e+08
121,27,1.000000000e-04,2.433007206e+08,343.944300,343.706700,0.000213,6.921285402e-06,2.492608e+08
121,28,1.000000000e-04,-2.433007206e+08,343.706700,343.516000,0.000213,6.921285402e-06,2.495585e+08
121,29,1.000000000e-04,2.251436250e+08,343.516000,343.359000,0.000182,6.921285402e-06,2.498002e+08
121,30,1.000000000e-04,-2.251436250e+08,343.359000,343.216000,0.000182,6.921285402e-06,2.500087e+08
121,31,1.000000000e-04,2.225683437e+08,343.216000,343.094300,0.000178,6.921285402e-06,2.501926e+08
121,32,1.000000000e-04,-2.225683437e+08,343.094300,342.982000,0.000178,6.921285402e-06,2.503553e+08
121,33,1.000000000e-04,2.223814749e+08,342.982000,342.870000,0.000178,6.921285402e-06,2.505111e+08
121,34,1.000000000e-04,-2.223814749e+08,342.870000,342.773000,0.000178,6.921285402e-06,2.506564e+08
121,35,1.000000000e-04,2.230880155e+08,342.773000,342.677900,0.000179,6.921285402e-06,2.507899e+08
121,36,1.000000000e-04,-2.230880155e+08,342.677900,342.597000,0.000179,6.921285402e-06,2.509122e+08
121,37,1.000000000e-04,2.303398246e+08,342.597000,342.521000,0.000191,6.921285402e-06,2.510213e+08
121,38,1.000000000e-04,-2.303398246e+08,342.521000,342.466000,0.000191,6.921285402e-06,2.511123e+08
121,39,1.000000000e-04,4.028643023e+08,342.466000,342.452000,0.000583,6.921285402e-06,2.511598e+08
122,0,1.000000000e-04,-1.775469170e+08,342.310000,342.321000,0.000113,6.921285402e-06,2.513598e+08
122,1,1.000000000e-04,-2.128071392e+08,342.321000,342.344000,0.000163,6.921285402e-06,2.513361e+08
122,2,1.000000000e-04,3.648547322e+07,342.344000,342.389000,0.000005,6.921285402e-06,2.512891e+08
122,3,1.000000000e-04,2.199463569e+07,342.389000,342.437000,0.000002,6.921285402e-06,2.512244e+08
122,4,1.000000000e-04,-9.435668714e+07,342.437000,342.485000,0.000032,6.921285402e-06,2.511577e+08
122,5,1.000000000e-04,-1.247575642e+08,342.485000,342.543000,0.000056,6.921285402e-06,2.510840e+08
122,6,1.000000000e-04,8.958583977e+07,342.543000,342.591000,0.000029,6.921285402e-06,2.510103e+08
122,7,1.000000000e-04,5.612375749e+07,342.591000,342.639000,0.000011,6.921285402e-06,2.509436e+08
122,8,1.000000000e-04,-6.926173535e+07,342.639000,342.687000,0.000017,6.921285402e-06,2.508769e+08
122,9,1.000000000e-04,-1.060527202e+08,342.687000,342.725000,0.000040,6.921285402e-06,2.508171e+08
122,10,1.000000000e-04,1.003040224e+08,342.725000,342.763000,0.000036,6.921285402e-06,2.507643e+08
122,11,1.000000000e-04,6.290359945e+07,342.763000,342.804000,0.000014,6.921285402e-06,2.507094e+08
122,12,1.000000000e-04,-6.423102331e+07,342.804000,342.826000,0.000015,6.921285402e-06,2.506656e+08
122,13,1.000000000e-04,-1.019684396e+08,342.826000,342.858000,0.000037,6.921285402e-06,2.506281e+08
122,14,1.000000000e-04,1.035774783e+08,342.858000,342.875000,0.000039,6.921285402e-06,2.505940e+08
122,15,1.000000000e-04,6.606120406e+07,342.875000,342.891000,0.000016,6.921285402e-06,2.505711e+08
122,16,1.000000000e-04,-6.047577675e+07,342.891000,342.907000,0.000013,6.921285402e-06,2.505489e+08
122,17,1.000000000e-04,-9.649925998e+07,342.907000,342.923000,0.000033,6.921285402e-06,2.505266e+08
122,18,1.000000000e-04,1.126233161e+08,342.923000,342.930000,0.000046,6.921285402e-06,2.505106e+08
122,19,1.000000000e-04,7.861275415e+07,342.930000,342.945000,0.000022,6.921285402e-06,2.504953e+08
122,20,1.000000000e-04,-4.236865543e+07,342.945000,342.951000,0.000006,6.921285402e-06,2.504808e+08
122,21,1.000000000e-04,-6.680478587e+07,342.951000,342.967000,0.000016,6.921285402e-06,2.504655e+08
122,22,1.000000000e-04,1.652710195e+08,342.967000,342.983000,0.000098,6.921285402e-06,2.504431e+08
122,23,1.000000000e-04,1.523766223e+08,342.983000,343.008000,0.000083,6.921285402e-06,2.504147e+08
122,24,1.000000000e-04,6.369476581e+07,343.008000,343.040000,0.000015,6.921285402e-06,2.503751e+08
122,25,1.000000000e-04,1.067961047e+08,343.040000,343.094000,0.000041,6.921285402e-06,2.503153e+08
122,26,1.000000000e-04,4.731565127e+08,343.094000,343.172000,0.000804,6.921285402e-06,2.502227e+08
122,27,1.000000000e-04,5.760091470e+08,343.172000,343.287000,0.001192,6.921285402e-06,2.500881e+08
122,28,1.000000000e-04,6.585974840e+08,343.287000,343.467000,0.001558,6.921285402e-06,2.498826e+08
122,29,1.000000000e-04,1.062169607e+09,343.467000,343.760000,0.004053,6.921285402e-06,2.495509e+08
122,30,1.000000000e-04,1.197472275e+09,343.760000,344.051000,0.005152,6.921285402e-06,2.491437e+08
122,31,1.000000000e-04,7.538455367e+08,344.051000,344.213000,0.002042,6.921285402e-06,2.488326e+08
122,32,1.000000000e-04,1.529583955e+08,344.213000,344.312000,0.000084,6.921285402e-06,2.486535e+08
122,33,1.000000000e-04,-6.740909057e+07,344.312000,344.367000,0.000016,6.921285402e-06,2.485466e+08
122,34,1.000000000e-04,5.927741109e+08,344.367000,344.385000,0.001262,6.921285402e-06,2.484943e+08
122,35,1.000000000e-04,4.258193134e+08,344.385000,344.389000,0.000651,6.921285402e-06,2.484798e+08
122,36,1.000000000e-04,-2.194797979e+07,344.389000,344.373000,0.000002,6.921285402e-06,2.484889e+08
122,37,1.000000000e-04,-9.387900849e+07,344.373000,344.357000,0.000032,6.921285402e-06,2.485111e+08
122,38,1.000000000e-04,7.823950879e+08,344.357000,344.341000,0.002199,6.921285402e-06,2.485308e+08
122,39,1.000000000e-04,6.446918721e+08,344.341000,344.330000,0.001493,6.921285402e-06,2.485504e+08
123,0,1.000000000e-04,-1.775469170e+08,342.310000,342.321000,0.000113,6.921285402e-06,2.513598e+08
123,1,1.000000000e-04,-2.128071392e+08,342.321000,342.344000,0.000163,6.921285402e-06,2.513361e+08
123,2,1.000000000e-04,3.648547322e+07,342.344000,342.389000,0.000005,6.921285402e-06,2.512891e+08
123,3,1.000000000e-04,2.199463569e+07,342.389000,342.437000,0.000002,6.921285402e-06,2.512244e+08
123,4,1.000000000e-04,-9.435668714e+07,342.437000,342.485000,0.000032,6.921285402e-06,2.511577e+08
123,5,1.000000000e-04,-1.247575642e+08,342.485000,342.543000,0.000056,6.921285402e-06,2.510840e+08
123,6,1.000000000e-04,8.958583977e+07,342.543000,342.591000,0.000029,6.921285402e-06,2.510103e+08
123,7,1.000000000e-04,5.612375749e+07,342.591000,342.639000,0.000011,6.921285402e-06,2.509436e+08
123,8,1.000000000e-04,-6.926173535e+07,342.639000,342.687000,0.000017,6.921285402e-06,2.508769e+08
123,9,1.000000000e-04,-1.060527202e+08,342.687000,342.725000,0.000040,6.921285402e-06,2.508171e+08
123,10,1.000000000e-04,1.003040224e+08,342.725000,342.762000,0.000036,6.921285402e-06,2.507650e+08
123,11,1.000000000e-04,6.290359945e+07,342.762000,342.801000,0.000014,6.921285402e-06,2.507122e+08
123,12,1.000000000e-04,-6.423102331e+07,342.801000,342.826000,0.000015,6.921285402e-06,2.506677e+08
123,13,1.000000000e-04,-1.019684396e+08,342.826000,342.858000,0.000037,6.921285402e-06,2.506281e+08
123,14,1.000000000e-04,1.035774783e+08,342.858000,342.875000,0.000039,6.921285402e-06,2.505940e+08
123,15,1.000000000e-04,6.606120406e+07,342.875000,342.891000,0.000016,6.921285402e-06,2.505711e+08
123,16,1.000000000e-04,-6.047577675e+07,342.891000,342.907000,0.000013,6.921285402e-06,2.505489e+08
123,17,1.000000000e-04,-9.649925998e+07,342.907000,342.923000,0.000033,6.921285402e-06,2.505266e+08
123,18,1.000000000e-04,1.126233161e+08,342.923000,342.930000,0.000046,6.921285402e-06,2.505106e+08
123,19,1.000000000e-04,7.861275415e+07,342.930000,342.945000,0.000022,6.921285402e-06,2.504953e+08
123,20,1.000000000e-04,-4.236865543e+07,342.945000,342.951000,0.000006,6.921285402e-06,2.504808e+08
123,21,1.000000000e-04,-6.680478587e+07,342.951000,342.967000,0.000016,6.921285402e-06,2.504655e+08
123,22,1.000000000e-04,1.652710195e+08,342.967000,342.983000,0.000098,6.921285402e-06,2.504431e+08
123,23,1.000000000e-04,1.523766223e+08,342.983000,343.008000,0.000083,6.921285402e-06,2.504147e+08
123,24,1.000000000e-04,6.369476581e+07,343.008000,343.040000,0.000015,6.921285402e-06,2.503751e+08
123,25,1.000000000e-04,1.067961047e+08,343.040000,343.094000,0.000041,6.921285402e-06,2.503153e+08
123,26,1.000000000e-04,4.731565127e+08,343.094000,343.172000,0.000804,6.921285402e-06,2.502227e+08
123,27,1.000000000e-04,5.760091470e+08,343.172000,343.287000,0.001192,6.921285402e-06,2.500881e+08
123,28,1.000000000e-04,6.585974840e+08,343.287000,343.467000,0.001558,6.921285402e-06,2.498826e+08
123,29,1.000000000e-04,1.062169607e+09,343.467000,343.760000,0.004053,6.921285402e-06,2.495509e+08
123,30,1.000000000e-04,1.197472275e+09,343.760000,344.051000,0.005152,6.921285402e-06,2.491437e+08
123,31,1.000000000e-04,7.538455367e+08,344.051000,344.213000,0.002042,6.921285402e-06,2.488326e+08
123,32,1.000000000e-04,1.529583955e+08,344.213000,344.312000,0.000084,6.921285402e-06,2.486535e+08
123,33,1.000000000e-04,-6.740909057e+07,344.312000,344.367000,0.000016,6.921285402e-06,2.485466e+08
123,34,1.000000000e-04,5.927741109e+08,344.367000,344.385000,0.001262,6.921285402e-06,2.484943e+08
123,35,1.000000000e-04,4.258193134e+08,344.385000,344.389000,0.000651,6.921285402e-06,2.484798e+08
123,36,1.000000000e-04,-2.194797979e+07,344.389000,344.373000,0.000002,6.921285402e-06,2.484889e+08
123,37,1.000000000e-04,-9.387900849e+07,344.373000,344.357000,0.000032,6.921285402e-06,2.485111e+08
123,38,1.000000000e-04,7.823950879e+08,344.357000,344.341000,0.002199,6.921285402e-06,2.485308e+08
123,39,1.000000000e-04,6.446918721e+08,344.341000,344.330000,0.001493,6.921285402e-06,2.485504e+08
124,0,1.000000000e-04,-6.303071049e+08,342.600000,342.613000,0.001427,6.921285402e-06,2.509538e+08
124,1,1.000000000e-04,-7.554228214e+08,342.613000,342.661000,0.002050,6.921285402e-06,2.509106e+08
124,2,1.000000000e-04,1.298442386e+08,342.661000,342.732000,0.000061,6.921285402e-06,2.508303e+08
124,3,1.000000000e-04,7.829579687e+07,342.732000,342.814000,0.000022,6.921285402e-06,2.507240e+08
124,4,1.000000000e-04,-3.349999907e+08,342.814000,342.900000,0.000403,6.921285402e-06,2.506068e+08
124,5,1.000000000e-04,-4.430362536e+08,342.900000,342.997000,0.000705,6.921285402e-06,2.504792e+08
124,6,1.000000000e-04,3.181823838e+08,342.997000,343.102000,0.000364,6.921285402e-06,2.503393e+08
124,7,1.000000000e-04,1.992085847e+08,343.102000,343.201000,0.000143,6.921285402e-06,2.501977e+08
124,8,1.000000000e-04,-2.462997111e+08,343.201000,343.304000,0.000218,6.921285402e-06,2.500573e+08
124,9,1.000000000e-04,-3.772259725e+08,343.304000,343.390000,0.000511,6.921285402e-06,2.499256e+08
124,10,1.000000000e-04,3.553223712e+08,343.390000,343.475000,0.000454,6.921285402e-06,2.498068e+08
124,11,1.000000000e-04,2.220218170e+08,343.475000,343.548000,0.000177,6.921285402e-06,2.496973e+08
124,12,1.000000000e-04,-2.302619200e+08,343.548000,343.599000,0.000190,6.921285402e-06,2.496111e+08
124,13,1.000000000e-04,-3.657088646e+08,343.599000,343.647000,0.000481,6.921285402e-06,2.495420e+08
124,14,1.000000000e-04,3.616858194e+08,343.647000,343.665000,0.000470,6.921285402e-06,2.494961e+08
124,15,1.000000000e-04,2.257642458e+08,343.665000,343.670000,0.000183,6.921285402e-06,2.494805e+08
124,16,1.000000000e-04,-2.278481156e+08,343.670000,343.663000,0.000187,6.921285402e-06,2.494818e+08
124,17,1.000000000e-04,-3.643200531e+08,343.663000,343.634000,0.000477,6.921285402e-06,2.495065e+08
124,18,1.000000000e-04,3.617539222e+08,343.634000,343.593000,0.000470,6.921285402e-06,2.495552e+08
124,19,1.000000000e-04,2.249719017e+08,343.593000,343.535000,0.000182,6.921285402e-06,2.496243e+08
124,20,1.000000000e-04,-2.295038121e+08,343.535000,343.475000,0.000189,6.921285402e-06,2.497063e+08
124,21,1.000000000e-04,-3.674751728e+08,343.475000,343.402000,0.000485,6.921285402e-06,2.497984e+08
124,22,1.000000000e-04,3.557437635e+08,343.402000,343.328000,0.000455,6.921285402e-06,2.499006e+08
124,23,1.000000000e-04,2.164391323e+08,343.328000,343.255000,0.000168,6.921285402e-06,2.500031e+08
124,24,1.000000000e-04,-2.418009017e+08,343.255000,343.175000,0.000210,6.921285402e-06,2.501094e+08
124,25,1.000000000e-04,-3.876429410e+08,343.175000,343.096000,0.000540,6.921285402e-06,2.502195e+08
124,26,1.000000000e-04,3.198811003e+08,343.096000,343.025000,0.000368,6.921285402e-06,2.503240e+08
124,27,1.000000000e-04,1.672336196e+08,343.025000,342.948000,0.000100,6.921285402e-06,2.504271e+08
124,28,1.000000000e-04,-3.106582314e+08,342.948000,342.875000,0.000347,6.921285402e-06,2.505311e+08
124,29,1.000000000e-04,-4.980394640e+08,342.875000,342.800000,0.000891,6.921285402e-06,2.506333e+08
124,30,1.000000000e-04,2.428832915e+08,342.800000,342.726000,0.000212,6.921285402e-06,2.507377e+08
124,31,1.000000000e-04,1.619463836e+08,342.726000,342.655000,0.000094,6.921285402e-06,2.508386e+08
124,32,1.000000000e-04,-2.249935215e+08,342.655000,342.588000,0.000182,6.921285402e-06,2.509344e+08
124,33,1.000000000e-04,-3.210181671e+08,342.588000,342.515000,0.000370,6.921285402e-06,2.510315e+08
124,34,1.000000000e-04,3.849705441e+08,342.515000,342.450000,0.000532,6.921285402e-06,2.511272e+08
124,35,1.000000000e-04,2.937901332e+08,342.450000,342.386000,0.000310,6.921285402e-06,2.512171e+08
124,36,1.000000000e-04,-7.852183218e+07,342.386000,342.329000,0.000022,6.921285402e-06,2.513015e+08
124,37,1.000000000e-04,-1.230333821e+08,342.329000,342.274000,0.000054,6.921285402e-06,2.513793e+08
124,38,1.000000000e-04,6.844747962e+08,342.274000,342.242000,0.001683,6.921285402e-06,2.514379e+08
124,39,1.000000000e-04,5.721731621e+08,342.242000,342.230000,0.001176,6.921285402e-06,2.514691e+08
125,0,1.000000000e-04,-6.303071049e+08,342.600000,342.613000,0.001427,6.921285402e-06,2.509538e+08
125,1,1.000000000e-04,-7.554228214e+08,342.613000,342.661000,0.002050,6.921285402e-06,2.509106e+08
125,2,1.000000000e-04,1.298442386e+08,342.661000,342.732000,0.000061,6.921285402e-06,2.508303e+08
125,3,1.000000000e-04,7.829579687e+07,342.732000,342.814000,0.000022,6.921285402e-06,2.507240e+08
125,4,1.000000000e-04,-3.349999907e+08,342.814000,342.900000,0.000403,6.921285402e-06,2.506068e+08
125,5,1.000000000e-04,-4.430362536e+08,342.900000,342.997000,0.000705,6.921285402e-06,2.504792e+08
125,6,1.000000000e-04,3.181823838e+08,342.997000,343.102000,0.000364,6.921285402e-06,2.503393e+08
125,7,1.000000000e-04,1.992085847e+08,343.102000,343.201000,0.000143,6.921285402e-06,2.501977e+08
125,8,1.000000000e-04,-2.462997111e+08,343.201000,343.304000,0.000218,6.921285402e-06,2.500573e+08
125,9,1.000000000e-04,-3.772259725e+08,343.304000,343.390000,0.000511,6.921285402e-06,2.499256e+08
125,10,1.000000000e-04,3.553223712e+08,343.390000,343.475000,0.000454,6.921285402e-06,2.498068e+08
125,11,1.000000000e-04,2.220218170e+08,343.475000,343.548000,0.000177,6.921285402e-06,2.496973e+08
125,12,1.000000000e-04,-2.302619200e+08,343.548000,343.599000,0.000190,6.921285402e-06,2.496111e+08
125,13,1.000000000e-04,-3.657088646e+08,343.599000,343.647000,0.000481,6.921285402e-06,2.495420e+08
125,14,1.000000000e-04,3.616858194e+08,343.647000,343.665000,0.000470,6.921285402e-06,2.494961e+08
125,15,1.000000000e-04,2.257642458e+08,343.665000,343.670000,0.000183,6.921285402e-06,2.494805e+08
125,16,1.000000000e-04,-2.278481156e+08,343.670000,343.663000,0.000187,6.921285402e-06,2.494818e+08
125,17,1.000000000e-04,-3.643200531e+08,343.663000,343.634000,0.000477,6.921285402e-06,2.495065e+08
125,18,1.000000000e-04,3.617539222e+08,343.634000,343.593000,0.000470,6.921285402e-06,2.495552e+08
125,19,1.000000000e-04,2.249719017e+08,343.593000,343.540000,0.000182,6.921285402e-06,2.496208e+08
125,20,1.000000000e-04,-2.295038121e+08,343.540000,343.476000,0.000189,6.921285402e-06,2.497022e+08
125,21,1.000000000e-04,-3.674751728e+08,343.476000,343.405000,0.000485,6.921285402e-06,2.497956e+08
125,22,1.000000000e-04,3.557437635e+08,343.405000,343.328000,0.000455,6.921285402e-06,2.498985e+08
125,23,1.000000000e-04,2.164391323e+08,343.328000,343.255000,0.000168,6.921285402e-06,2.500031e+08
125,24,1.000000000e-04,-2.418009017e+08,343.255000,343.175000,0.000210,6.921285402e-06,2.501094e+08
125,25,1.000000000e-04,-3.876429410e+08,343.175000,343.096000,0.000540,6.921285402e-06,2.502195e+08
125,26,1.000000000e-04,3.198811003e+08,343.096000,343.025000,0.000368,6.921285402e-06,2.503240e+08
125,27,1.000000000e-04,1.672336196e+08,343.025000,342.948000,0.000100,6.921285402e-06,2.504271e+08
125,28,1.000000000e-04,-3.106582314e+08,342.948000,342.875000,0.000347,6.921285402e-06,2.505311e+08
125,29,1.000000000e-04,-4.980394640e+08,342.875000,342.800000,0.000891,6.921285402e-06,2.506333e+08
125,30,1.000000000e-04,2.428832915e+08,342.800000,342.726000,0.000212,6.921285402e-06,2.507377e+08
125,31,1.000000000e-04,1.619463836e+08,342.726000,342.655000,0.000094,6.921285402e-06,2.508386e+08
125,32,1.000000000e-04,-2.249935215e+08,342.655000,342.588000,0.000182,6.921285402e-06,2.509344e+08
125,33,1.000000000e-04,-3.210181671e+08,342.588000,342.515000,0.000370,6.921285402e-06,2.510315e+08
125,34,1.000000000e-04,3.849705441e+08,342.515000,342.450000,0.000532,6.921285402e-06,2.511272e+08
125,35,1.000000000e-04,2.937901332e+08,342.450000,342.386000,0.000310,6.921285402e-06,2.512171e+08
125,36,1.000000000e-04,-7.852183218e+07,342.386000,342.329000,0.000022,6.921285402e-06,2.513015e+08
125,37,1.000000000e-04,-1.230333821e+08,342.329000,342.274000,0.000054,6.921285402e-06,2.513793e+08
125,38,1.000000000e-04,6.844747962e+08,342.274000,342.242000,0.001683,6.921285402e-06,2.514379e+08
125,39,1.000000000e-04,5.721731621e+08,342.242000,342.230000,0.001176,6.921285402e-06,2.514691e+08
126,0,1.000000000e-04,-5.738397559e+08,342.230000,342.242000,0.001183,6.921285402e-06,2.514690e+08
126,1,1.000000000e-04,-6.878079838e+08,342.242000,342.274000,0.001700,6.921285402e-06,2.514378e+08
126,2,1.000000000e-04,1.179000873e+08,342.274000,342.309000,0.000050,6.921285402e-06,2.513933e+08
126,3,1.000000000e-04,7.105437683e+07,342.309000,342.357000,0.000018,6.921285402e-06,2.513356e+08
126,4,1.000000000e-04,-3.050123932e+08,342.357000,342.415000,0.000334,6.921285402e-06,2.512616e+08
126,5,1.000000000e-04,-4.033019601e+08,342.415000,342.463000,0.000584,6.921285402e-06,2.511876e+08
126,6,1.000000000e-04,2.893961700e+08,342.463000,342.518000,0.000301,6.921285402e-06,2.511163e+08
126,7,1.000000000e-04,1.811819818e+08,342.518000,342.569000,0.000118,6.921285402e-06,2.510429e+08
126,8,1.000000000e-04,-2.241670606e+08,342.569000,342.608000,0.000181,6.921285402e-06,2.509803e+08
126,9,1.000000000e-04,-3.432813503e+08,342.608000,342.650000,0.000423,6.921285402e-06,2.509237e+08
126,10,1.000000000e-04,3.232659473e+08,342.650000,342.692000,0.000375,6.921285402e-06,2.508654e+08
126,11,1.000000000e-04,2.019925790e+08,342.692000,342.724000,0.000147,6.921285402e-06,2.508142e+08
126,12,1.000000000e-04,-2.095262963e+08,342.724000,342.756000,0.000158,6.921285402e-06,2.507697e+08
126,13,1.000000000e-04,-3.327601989e+08,342.756000,342.779000,0.000398,6.921285402e-06,2.507312e+08
126,14,1.000000000e-04,3.290789951e+08,342.779000,342.800000,0.000389,6.921285402e-06,2.507006e+08
126,15,1.000000000e-04,2.054126910e+08,342.800000,342.821000,0.000152,6.921285402e-06,2.506717e+08
126,16,1.000000000e-04,-2.073179910e+08,342.821000,342.837000,0.000154,6.921285402e-06,2.506460e+08
126,17,1.000000000e-04,-3.314870707e+08,342.837000,342.843000,0.000395,6.921285402e-06,2.506304e+08
126,18,1.000000000e-04,3.291454628e+08,342.843000,342.859000,0.000389,6.921285402e-06,2.506151e+08
126,19,1.000000000e-04,2.046944084e+08,342.859000,342.865000,0.000151,6.921285402e-06,2.506001e+08
126,20,1.000000000e-04,-2.088220884e+08,342.865000,342.880000,0.000157,6.921285402e-06,2.505855e+08
126,21,1.000000000e-04,-3.343557253e+08,342.880000,342.887000,0.000402,6.921285402e-06,2.505700e+08
126,22,1.000000000e-04,3.236777170e+08,342.887000,342.903000,0.000376,6.921285402e-06,2.505540e+08
126,23,1.000000000e-04,1.969337062e+08,342.903000,342.928000,0.000139,6.921285402e-06,2.505258e+08
126,24,1.000000000e-04,-2.200027996e+08,342.928000,342.960000,0.000174,6.921285402e-06,2.504861e+08
126,25,1.000000000e-04,-3.526909697e+08,342.960000,343.005000,0.000447,6.921285402e-06,2.504323e+08
126,26,1.000000000e-04,2.910703606e+08,343.005000,343.085000,0.000304,6.921285402e-06,2.503456e+08
126,27,1.000000000e-04,1.522026698e+08,343.085000,343.197000,0.000083,6.921285402e-06,2.502124e+08
126,28,1.000000000e-04,-2.825873156e+08,343.197000,343.359000,0.000287,6.921285402e-06,2.500217e+08
126,29,1.000000000e-04,-4.530266958e+08,343.359000,343.590000,0.000737,6.921285402e-06,2.497481e+08
126,30,1.000000000e-04,2.211042362e+08,343.590000,343.811000,0.000176,6.921285402e-06,2.494346e+08
126,31,1.000000000e-04,1.474447744e+08,343.811000,343.966000,0.000078,6.921285402e-06,2.491734e+08
126,32,1.000000000e-04,-2.046362118e+08,343.966000,344.052000,0.000150,6.921285402e-06,2.490058e+08
126,33,1.000000000e-04,-2.919844095e+08,344.052000,344.107000,0.000306,6.921285402e-06,2.489076e+08
126,34,1.000000000e-04,3.504545353e+08,344.107000,344.125000,0.000441,6.921285402e-06,2.488567e+08
126,35,1.000000000e-04,2.674985576e+08,344.125000,344.120000,0.000257,6.921285402e-06,2.488479e+08
126,36,1.000000000e-04,-7.127916479e+07,344.120000,344.106000,0.000018,6.921285402e-06,2.488614e+08
126,37,1.000000000e-04,-1.117281335e+08,344.106000,344.087000,0.000045,6.921285402e-06,2.488843e+08
126,38,1.000000000e-04,6.232116700e+08,344.087000,344.071000,0.001395,6.921285402e-06,2.489070e+08
126,39,1.000000000e-04,5.209149627e+08,344.071000,344.060000,0.000975,6.921285402e-06,2.489263e+08
127,0,1.000000000e-04,-5.738397559e+08,342.230000,342.241000,0.001183,6.921285402e-06,2.514697e+08
127,1,1.000000000e-04,-6.878079838e+08,342.241000,342.271000,0.001700,6.921285402e-06,2.514406e+08
127,2,1.000000000e-04,1.179000873e+08,342.271000,342.309000,0.000050,6.921285402e-06,2.513953e+08
127,3,1.000000000e-04,7.105437683e+07,342.309000,342.357000,0.000018,6.921285402e-06,2.513356e+08
127,4,1.000000000e-04,-3.050123932e+08,342.357000,342.415000,0.000334,6.921285402e-06,2.512616e+08
127,5,1.000000000e-04,-4.033019601e+08,342.415000,342.463000,0.000584,6.921285402e-06,2.511876e+08
127,6,1.000000000e-04,2.893961700e+08,342.463000,342.518000,0.000301,6.921285402e-06,2.511163e+08
127,7,1.000000000e-04,1.811819818e+08,342.518000,342.569000,0.000118,6.921285402e-06,2.510429e+08
127,8,1.000000000e-04,-2.241670606e+08,342.569000,342.608000,0.000181,6.921285402e-06,2.509803e+08
127,9,1.000000000e-04,-3.432813503e+08,342.608000,342.650000,0.000423,6.921285402e-06,2.509237e+08
127,10,1.000000000e-04,3.232659473e+08,342.650000,342.692000,0.000375,6.921285402e-06,2.508654e+08
127,11,1.000000000e-04,2.019925790e+08,342.692000,342.724000,0.000147,6.921285402e-06,2.508142e+08
127,12,1.000000000e-04,-2.095262963e+08,342.724000,342.756000,0.000158,6.921285402e-06,2.507697e+08
127,13,1.000000000e-04,-3.327601989e+08,342.756000,342.779000,0.000398,6.921285402e-06,2.507312e+08
127,14,1.000000000e-04,3.290789951e+08,342.779000,342.800000,0.000389,6.921285402e-06,2.507006e+08
127,15,1.000000000e-04,2.054126910e+08,342.800000,342.821000,0.000152,6.921285402e-06,2.506717e+08
127,16,1.000000000e-04,-2.073179910e+08,342.821000,342.837000,0.000154,6.921285402e-06,2.506460e+08
127,17,1.000000000e-04,-3.314870707e+08,342.837000,342.843000,0.000395,6.921285402e-06,2.506304e+08
127,18,1.000000000e-04,3.291454628e+08,342.843000,342.859000,0.000389,6.921285402e-06,2.506151e+08
127,19,1.000000000e-04,2.046944084e+08,342.859000,342.865000,0.000151,6.921285402e-06,2.506001e+08
127,20,1.000000000e-04,-2.088220884e+08,342.865000,342.871000,0.000157,6.921285402e-06,2.505918e+08
127,21,1.000000000e-04,-3.343557253e+08,342.871000,342.887000,0.000402,6.921285402e-06,2.505762e+08
127,22,1.000000000e-04,3.236777170e+08,342.887000,342.903000,0.000376,6.921285402e-06,2.505540e+08
127,23,1.000000000e-04,1.969337062e+08,342.903000,342.928000,0.000139,6.921285402e-06,2.505258e+08
127,24,1.000000000e-04,-2.200027996e+08,342.928000,342.960000,0.000174,6.921285402e-06,2.504861e+08
127,25,1.000000000e-04,-3.526909697e+08,342.960000,343.005000,0.000447,6.921285402e-06,2.504323e+08
127,26,1.000000000e-04,2.910703606e+08,343.005000,343.085000,0.000304,6.921285402e-06,2.503456e+08
127,27,1.000000000e-04,1.522026698e+08,343.085000,343.197000,0.000083,6.921285402e-06,2.502124e+08
127,28,1.000000000e-04,-2.825873156e+08,343.197000,343.359000,0.000287,6.921285402e-06,2.500217e+08
127,29,1.000000000e-04,-4.530266958e+08,343.359000,343.590000,0.000737,6.921285402e-06,2.497481e+08
127,30,1.000000000e-04,2.211042362e+08,343.590000,343.811000,0.000176,6.921285402e-06,2.494346e+08
127,31,1.000000000e-04,1.474447744e+08,343.811000,343.966000,0.000078,6.921285402e-06,2.491734e+08
127,32,1.000000000e-04,-2.046362118e+08,343.966000,344.052000,0.000150,6.921285402e-06,2.490058e+08
127,33,1.000000000e-04,-2.919844095e+08,344.052000,344.107000,0.000306,6.921285402e-06,2.489076e+08
127,34,1.000000000e-04,3.504545353e+08,344.107000,344.125000,0.000441,6.921285402e-06,2.488567e+08
127,35,1.000000000e-04,2.674985576e+08,344.125000,344.120000,0.000257,6.921285402e-06,2.488479e+08
127,36,1.000000000e-04,-7.127916479e+07,344.120000,344.106000,0.000018,6.921285402e-06,2.488614e+08
127,37,1.000000000e-04,-1.117281335e+08,344.106000,344.087000,0.000045,6.921285402e-06,2.488843e+08
127,38,1.000000000e-04,6.232116700e+08,344.087000,344.071000,0.001395,6.921285402e-06,2.489070e+08
127,39,1.000000000e-04,5.209149627e+08,344.071000,344.060000,0.000975,6.921285402e-06,2.489263e+08
128,0,1.000000000e-04,-1.950192913e+08,342.690000,342.702000,0.000137,6.921285402e-06,2.508309e+08
128,1,1.000000000e-04,-2.337305450e+08,342.702000,342.748000,0.000196,6.921285402e-06,2.507905e+08
128,2,1.000000000e-04,4.017427639e+07,342.748000,342.815000,0.000006,6.921285402e-06,2.507122e+08
128,3,1.000000000e-04,2.422500281e+07,342.815000,342.895000,0.000002,6.921285402e-06,2.506100e+08
128,4,1.000000000e-04,-1.036502042e+08,342.895000,342.990000,0.000039,6.921285402e-06,2.504884e+08
128,5,1.000000000e-04,-1.370770130e+08,342.990000,343.086000,0.000068,6.921285402e-06,2.503556e+08
128,6,1.000000000e-04,9.844678008e+07,343.086000,343.182000,0.000035,6.921285402e-06,2.502222e+08
128,7,1.000000000e-04,6.163585790e+07,343.182000,343.288000,0.000014,6.921285402e-06,2.500818e+08
128,8,1.000000000e-04,-7.620601531e+07,343.288000,343.384000,0.000021,6.921285402e-06,2.499414e+08
128,9,1.000000000e-04,-1.167150712e+08,343.384000,343.480000,0.000049,6.921285402e-06,2.498080e+08
128,10,1.000000000e-04,1.099380329e+08,343.480000,343.565000,0.000043,6.921285402e-06,2.496822e+08
128,11,1.000000000e-04,6.869436124e+07,343.565000,343.638000,0.000017,6.921285402e-06,2.495724e+08
128,12,1.000000000e-04,-7.124385849e+07,343.638000,343.689000,0.000018,6.921285402e-06,2.494862e+08
128,13,1.000000000e-04,-1.131516277e+08,343.689000,343.737000,0.000046,6.921285402e-06,2.494174e+08
128,14,1.000000000e-04,1.119069246e+08,343.737000,343.755000,0.000045,6.921285402e-06,2.493715e+08
128,15,1.000000000e-04,6.985229969e+07,343.755000,343.769000,0.000018,6.921285402e-06,2.493493e+08
128,16,1.000000000e-04,-7.049700458e+07,343.769000,343.753000,0.000018,6.921285402e-06,2.493507e+08
128,17,1.000000000e-04,-1.127219061e+08,343.753000,343.724000,0.000046,6.921285402e-06,2.493819e+08
128,18,1.000000000e-04,1.119280367e+08,343.724000,343.683000,0.000045,6.921285402e-06,2.494306e+08
128,19,1.000000000e-04,6.960718297e+07,343.683000,343.625000,0.000017,6.921285402e-06,2.494994e+08
128,20,1.000000000e-04,-7.100925774e+07,343.625000,343.565000,0.000018,6.921285402e-06,2.495814e+08
128,21,1.000000000e-04,-1.136980811e+08,343.565000,343.492000,0.000046,6.921285402e-06,2.496738e+08
128,22,1.000000000e-04,1.100685505e+08,343.492000,343.415000,0.000044,6.921285402e-06,2.497781e+08
128,23,1.000000000e-04,6.696718152e+07,343.415000,343.335000,0.000016,6.921285402e-06,2.498872e+08
128,24,1.000000000e-04,-7.481398416e+07,343.335000,343.255000,0.000020,6.921285402e-06,2.499984e+08
128,25,1.000000000e-04,-1.199380201e+08,343.255000,343.176000,0.000052,6.921285402e-06,2.501089e+08
128,26,1.000000000e-04,9.897264542e+07,343.176000,343.105000,0.000035,6.921285402e-06,2.502132e+08
128,27,1.000000000e-04,5.174293082e+07,343.105000,343.025000,0.000010,6.921285402e-06,2.503181e+08
128,28,1.000000000e-04,-9.611863632e+07,343.025000,342.954000,0.000033,6.921285402e-06,2.504231e+08
128,29,1.000000000e-04,-1.540950445e+08,342.954000,342.875000,0.000085,6.921285402e-06,2.505272e+08
128,30,1.000000000e-04,7.514946444e+07,342.875000,342.805000,0.000020,6.921285402e-06,2.506309e+08
128,31,1.000000000e-04,5.010723203e+07,342.805000,342.732000,0.000009,6.921285402e-06,2.507303e+08
128,32,1.000000000e-04,-6.961356715e+07,342.732000,342.658000,0.000017,6.921285402e-06,2.508324e+08
128,33,1.000000000e-04,-9.932390237e+07,342.658000,342.594000,0.000035,6.921285402e-06,2.509283e+08
128,34,1.000000000e-04,1.191121711e+08,342.594000,342.520000,0.000051,6.921285402e-06,2.510242e+08
128,35,1.000000000e-04,9.090051430e+07,342.520000,342.457000,0.000030,6.921285402e-06,2.511194e+08
128,36,1.000000000e-04,-2.429451332e+07,342.457000,342.402000,0.000002,6.921285402e-06,2.512015e+08
128,37,1.000000000e-04,-3.806649638e+07,342.402000,342.354000,0.000005,6.921285402e-06,2.512731e+08
128,38,1.000000000e-04,2.117805304e+08,342.354000,342.322000,0.000161,6.921285402e-06,2.513285e+08
128,39,1.000000000e-04,1.770336126e+08,342.322000,342.310000,0.000113,6.921285402e-06,2.513591e+08
129,0,1.000000000e-04,-3.513273289e+08,342.702000,342.715900,0.000443,6.921285402e-06,2.508125e+08
129,1,1.000000000e-04,-5.463466202e+08,342.715900,342.763700,0.001072,6.921285402e-06,2.507689e+08
129,2,1.000000000e-04,3.300283714e+08,342.763700,342.828000,0.000391,6.921285402e-06,2.506918e+08
129,3,1.000000000e-04,1.361509362e+08,342.828000,342.917000,0.000067,6.921285402e-06,2.505856e+08
129,4,1.000000000e-04,-1.980986024e+08,342.917000,343.004000,0.000141,6.921285402e-06,2.504632e+08
129,5,1.000000000e-04,-4.060276149e+08,343.004000,343.110000,0.000592,6.921285402e-06,2.503286e+08
129,6,1.000000000e-04,3.707814953e+08,343.110000,343.213000,0.000494,6.921285402e-06,2.501834e+08
129,7,1.000000000e-04,1.626668089e+08,343.213000,343.316000,0.000095,6.921285402e-06,2.500407e+08
129,8,1.000000000e-04,-1.735388327e+08,343.316000,343.419900,0.000108,6.921285402e-06,2.498969e+08
129,9,1.000000000e-04,-3.838772311e+08,343.419900,343.516000,0.000529,6.921285402e-06,2.497574e+08
129,10,1.000000000e-04,3.778348086e+08,343.516000,343.602000,0.000513,6.921285402e-06,2.496309e+08
129,11,1.000000000e-04,1.673889093e+08,343.602000,343.682000,0.000101,6.921285402e-06,2.495160e+08
129,12,1.000000000e-04,-1.692743090e+08,343.682000,343.737000,0.000103,6.921285402e-06,2.494222e+08
129,13,1.000000000e-04,-3.801179492e+08,343.737000,343.785000,0.000519,6.921285402e-06,2.493501e+08
129,14,1.000000000e-04,3.790201019e+08,343.785000,343.803000,0.000516,6.921285402e-06,2.493042e+08
129,15,1.000000000e-04,1.681469790e+08,343.803000,343.816100,0.000102,6.921285402e-06,2.492831e+08
129,16,1.000000000e-04,-1.686214073e+08,343.816100,343.800300,0.000102,6.921285402e-06,2.492850e+08
129,17,1.000000000e-04,-3.795967505e+08,343.800300,343.768000,0.000518,6.921285402e-06,2.493179e+08
129,18,1.000000000e-04,3.788988332e+08,343.768000,343.720000,0.000516,6.921285402e-06,2.493737e+08
129,19,1.000000000e-04,1.679027700e+08,343.720000,343.666000,0.000101,6.921285402e-06,2.494451e+08
129,20,1.000000000e-04,-1.689368751e+08,343.666000,343.591900,0.000103,6.921285402e-06,2.495341e+08
129,21,1.000000000e-04,-3.801535361e+08,343.591900,343.520000,0.000519,6.921285402e-06,2.496351e+08
129,22,1.000000000e-04,3.769365510e+08,343.520000,343.440000,0.000510,6.921285402e-06,2.497407e+08
129,23,1.000000000e-04,1.656469782e+08,343.440000,343.359100,0.000099,6.921285402e-06,2.498530e+08
129,24,1.000000000e-04,-1.714711139e+08,343.359100,343.279000,0.000106,6.921285402e-06,2.499649e+08
129,25,1.000000000e-04,-3.839727215e+08,343.279000,343.198900,0.000530,6.921285402e-06,2.500757e+08
129,26,1.000000000e-04,3.651130255e+08,343.198900,343.118000,0.000479,6.921285402e-06,2.501877e+08
129,27,1.000000000e-04,1.523747834e+08,343.118000,343.047000,0.000083,6.921285402e-06,2.502937e+08
129,28,1.000000000e-04,-1.860037953e+08,343.047000,342.967900,0.000124,6.921285402e-06,2.503980e+08
129,29,1.000000000e-04,-4.058579087e+08,342.967900,342.892500,0.000592,6.921285402e-06,2.505048e+08
129,30,1.000000000e-04,3.294362058e+08,342.892500,342.818000,0.000390,6.921285402e-06,2.506092e+08
129,31,1.000000000e-04,1.447857988e+08,342.818000,342.747000,0.000075,6.921285402e-06,2.507107e+08
129,32,1.000000000e-04,-1.596240311e+08,342.747000,342.677000,0.000092,6.921285402e-06,2.508087e+08
129,33,1.000000000e-04,-3.474703111e+08,342.677000,342.606000,0.000434,6.921285402e-06,2.509063e+08
129,34,1.000000000e-04,3.657599013e+08,342.606000,342.532000,0.000481,6.921285402e-06,2.510070e+08
129,35,1.000000000e-04,1.778838851e+08,342.532000,342.468900,0.000114,6.921285402e-06,2.511027e+08
129,36,1.000000000e-04,-1.257175579e+08,342.468900,342.413700,0.000057,6.921285402e-06,2.511850e+08
129,37,1.000000000e-04,-3.016855063e+08,342.413700,342.365700,0.000327,6.921285402e-06,2.512564e+08
129,38,1.000000000e-04,4.963744751e+08,342.365700,342.333000,0.000885,6.921285402e-06,2.513118e+08
129,39,1.000000000e-04,3.193203074e+08,342.333000,342.321000,0.000366,6.921285402e-06,2.513435e+08
130,0,1.000000000e-04,-3.740893090e+08,342.815000,342.828000,0.000503,6.921285402e-06,2.506560e+08
130,1,1.000000000e-04,-5.702504564e+08,342.828000,342.883000,0.001168,6.921285402e-06,2.506080e+08
130,2,1.000000000e-04,3.413968810e+08,342.883000,342.960900,0.000419,6.921285402e-06,2.505165e+08
130,3,1.000000000e-04,1.463775897e+08,342.960900,343.054700,0.000077,6.921285402e-06,2.503976e+08
130,4,1.000000000e-04,-2.061041376e+08,343.054700,343.167500,0.000153,6.921285402e-06,2.502539e+08
130,5,1.000000000e-04,-4.186759644e+08,343.167500,343.295000,0.000630,6.921285402e-06,2.500863e+08
130,6,1.000000000e-04,3.859718983e+08,343.295000,343.425100,0.000535,6.921285402e-06,2.499074e+08
130,7,1.000000000e-04,1.731869378e+08,343.425100,343.563000,0.000108,6.921285402e-06,2.497216e+08
130,8,1.000000000e-04,-1.821156260e+08,343.563000,343.700700,0.000119,6.921285402e-06,2.495301e+08
130,9,1.000000000e-04,-3.971913044e+08,343.700700,343.830000,0.000567,6.921285402e-06,2.493440e+08
130,10,1.000000000e-04,3.920709263e+08,343.830000,343.948300,0.000552,6.921285402e-06,2.491719e+08
130,11,1.000000000e-04,1.770490103e+08,343.948300,344.051100,0.000113,6.921285402e-06,2.490188e+08
130,12,1.000000000e-04,-1.784578557e+08,344.051100,344.132000,0.000114,6.921285402e-06,2.488911e+08
130,13,1.000000000e-04,-3.938290644e+08,344.132000,344.189700,0.000557,6.921285402e-06,2.487943e+08
130,14,1.000000000e-04,3.929498013e+08,344.189700,344.218000,0.000555,6.921285402e-06,2.487345e+08
130,15,1.000000000e-04,1.775951072e+08,344.218000,344.221700,0.000113,6.921285402e-06,2.487128e+08
130,16,1.000000000e-04,-1.779284043e+08,344.221700,344.196000,0.000114,6.921285402e-06,2.487281e+08
130,17,1.000000000e-04,-3.933643152e+08,344.196000,344.144100,0.000556,6.921285402e-06,2.487815e+08
130,18,1.000000000e-04,3.928154114e+08,344.144100,344.075300,0.000554,6.921285402e-06,2.488654e+08
130,19,1.000000000e-04,1.773911846e+08,344.075300,343.981500,0.000113,6.921285402e-06,2.489789e+08
130,20,1.000000000e-04,-1.781392307e+08,343.981500,343.882000,0.000114,6.921285402e-06,2.491132e+08
130,21,1.000000000e-04,-3.937469881e+08,343.882000,343.774900,0.000557,6.921285402e-06,2.492563e+08
130,22,1.000000000e-04,3.911015725e+08,343.774900,343.664100,0.000550,6.921285402e-06,2.494077e+08
130,23,1.000000000e-04,1.755347159e+08,343.664100,343.560600,0.000111,6.921285402e-06,2.495572e+08
130,24,1.000000000e-04,-1.800683160e+08,343.560600,343.454000,0.000116,6.921285402e-06,2.497032e+08
130,25,1.000000000e-04,-3.967726486e+08,343.454000,343.355000,0.000566,6.921285402e-06,2.498456e+08
130,26,1.000000000e-04,3.801779525e+08,343.355000,343.263900,0.000519,6.921285402e-06,2.499777e+08
130,27,1.000000000e-04,1.635491308e+08,343.263900,343.172100,0.000096,6.921285402e-06,2.501054e+08
130,28,1.000000000e-04,-1.929859073e+08,343.172100,343.081000,0.000134,6.921285402e-06,2.502324e+08
130,29,1.000000000e-04,-4.175367243e+08,343.081000,343.000000,0.000626,6.921285402e-06,2.503515e+08
130,30,1.000000000e-04,3.436756740e+08,343.000000,342.920000,0.000424,6.921285402e-06,2.504636e+08
130,31,1.000000000e-04,1.546399312e+08,342.920000,342.844900,0.000086,6.921285402e-06,2.505718e+08
130,32,1.000000000e-04,-1.676987250e+08,342.844900,342.767000,0.000101,6.921285402e-06,2.506781e+08
130,33,1.000000000e-04,-3.602852364e+08,342.767000,342.693300,0.000466,6.921285402e-06,2.507830e+08
130,34,1.000000000e-04,3.780629522e+08,342.693300,342.619000,0.000514,6.921285402e-06,2.508858e+08
130,35,1.000000000e-04,1.857470833e+08,342.619000,342.548000,0.000124,6.921285402e-06,2.509873e+08
130,36,1.000000000e-04,-1.346390675e+08,342.548000,342.488900,0.000065,6.921285402e-06,2.510778e+08
130,37,1.000000000e-04,-3.117940650e+08,342.488900,342.440000,0.000349,6.921285402e-06,2.511525e+08
130,38,1.000000000e-04,5.182564196e+08,342.440000,342.401000,0.000965,6.921285402e-06,2.512128e+08
130,39,1.000000000e-04,3.400896921e+08,342.401000,342.389000,0.000416,6.921285402e-06,2.512490e+08
131,0,1.000000000e-04,-2.621633756e+08,342.895000,342.908900,0.000247,6.921285402e-06,2.505445e+08
131,1,1.000000000e-04,-3.179524196e+08,342.908900,342.972000,0.000363,6.921285402e-06,2.504908e+08
131,2,1.000000000e-04,9.932549753e+07,342.972000,343.054700,0.000035,6.921285402e-06,2.503899e+08
131,3,1.000000000e-04,6.176864221e+07,343.054700,343.166000,0.000014,6.921285402e-06,2.502551e+08
131,4,1.000000000e-04,-1.332506491e+08,343.166000,343.296500,0.000064,6.921285402e-06,2.500870e+08
131,5,1.000000000e-04,-1.948552786e+08,343.296500,343.440800,0.000136,6.921285402e-06,2.498959e+08
131,6,1.000000000e-04,1.613366126e+08,343.440800,343.598300,0.000094,6.921285402e-06,2.496862e+08
131,7,1.000000000e-04,9.710276353e+07,343.598300,343.769400,0.000034,6.921285402e-06,2.494579e+08
131,8,1.000000000e-04,-1.077192441e+08,343.769400,343.934100,0.000042,6.921285402e-06,2.492245e+08
131,9,1.000000000e-04,-1.756306886e+08,343.934100,344.101500,0.000111,6.921285402e-06,2.489936e+08
131,10,1.000000000e-04,1.705364759e+08,344.101500,344.257900,0.000104,6.921285402e-06,2.487686e+08
131,11,1.000000000e-04,1.022821942e+08,344.257900,344.386300,0.000038,6.921285402e-06,2.485707e+08
131,12,1.000000000e-04,-1.039270312e+08,344.386300,344.490700,0.000039,6.921285402e-06,2.484089e+08
131,13,1.000000000e-04,-1.727422411e+08,344.490700,344.561000,0.000107,6.921285402e-06,2.482874e+08
131,14,1.000000000e-04,1.718887089e+08,344.561000,344.599000,0.000106,6.921285402e-06,2.482122e+08
131,15,1.000000000e-04,1.030221102e+08,344.599000,344.593000,0.000038,6.921285402e-06,2.481900e+08
131,16,1.000000000e-04,-1.034055562e+08,344.593000,344.554700,0.000038,6.921285402e-06,2.482208e+08
131,17,1.000000000e-04,-1.724017460e+08,344.554700,344.479300,0.000107,6.921285402e-06,2.482997e+08
131,18,1.000000000e-04,1.718734993e+08,344.479300,344.384900,0.000106,6.921285402e-06,2.484178e+08
131,19,1.000000000e-04,1.028466189e+08,344.384900,344.261000,0.000038,6.921285402e-06,2.485696e+08
131,20,1.000000000e-04,-1.037136427e+08,344.261000,344.124200,0.000039,6.921285402e-06,2.487507e+08
131,21,1.000000000e-04,-1.730345550e+08,344.124200,343.983400,0.000108,6.921285402e-06,2.489436e+08
131,22,1.000000000e-04,1.704343506e+08,343.983400,343.844300,0.000104,6.921285402e-06,2.491381e+08
131,23,1.000000000e-04,1.009503127e+08,343.844300,343.717000,0.000037,6.921285402e-06,2.493234e+08
131,24,1.000000000e-04,-1.062906030e+08,343.717000,343.591000,0.000041,6.921285402e-06,2.494994e+08
131,25,1.000000000e-04,-1.776054535e+08,343.591000,343.475100,0.000113,6.921285402e-06,2.496674e+08
131,26,1.000000000e-04,1.608579330e+08,343.475100,343.364700,0.000093,6.921285402e-06,2.498247e+08
131,27,1.000000000e-04,8.835750554e+07,343.364700,343.266000,0.000028,6.921285402e-06,2.499701e+08
131,28,1.000000000e-04,-1.235426163e+08,343.266000,343.170000,0.000055,6.921285402e-06,2.501054e+08
131,29,1.000000000e-04,-2.080676631e+08,343.170000,343.080000,0.000156,6.921285402e-06,2.502346e+08
131,30,1.000000000e-04,1.339320204e+08,343.080000,342.991000,0.000064,6.921285402e-06,2.503591e+08
131,31,1.000000000e-04,8.335898731e+07,342.991000,342.911000,0.000025,6.921285402e-06,2.504766e+08
131,32,1.000000000e-04,-9.895154992e+07,342.911000,342.831000,0.000035,6.921285402e-06,2.505878e+08
131,33,1.000000000e-04,-1.548119606e+08,342.831000,342.751000,0.000086,6.921285402e-06,2.506989e+08
131,34,1.000000000e-04,1.732761018e+08,342.751000,342.676000,0.000108,6.921285402e-06,2.508066e+08
131,35,1.000000000e-04,1.189717657e+08,342.676000,342.603000,0.000051,6.921285402e-06,2.509095e+08
131,36,1.000000000e-04,-5.773519120e+07,342.603000,342.539000,0.000012,6.921285402e-06,2.510048e+08
131,37,1.000000000e-04,-9.146116606e+07,342.539000,342.488000,0.000030,6.921285402e-06,2.510847e+08
131,38,1.000000000e-04,2.886474825e+08,342.488000,342.449000,0.000299,6.921285402e-06,2.511469e+08
131,39,1.000000000e-04,2.382292068e+08,342.449000,342.437000,0.000204,6.921285402e-06,2.511825e+08
132,0,1.000000000e-04,-3.566117738e+08,342.990000,343.004000,0.000457,6.921285402e-06,2.504121e+08
132,1,1.000000000e-04,-5.387213438e+08,343.004000,343.071500,0.001043,6.921285402e-06,2.503548e+08
132,2,1.000000000e-04,3.120888865e+08,343.071500,343.167500,0.000350,6.921285402e-06,2.502420e+08
132,3,1.000000000e-04,1.346221307e+08,343.167500,343.296500,0.000065,6.921285402e-06,2.500859e+08
132,4,1.000000000e-04,-1.938118223e+08,343.296500,343.452500,0.000135,6.921285402e-06,2.498878e+08
132,5,1.000000000e-04,-3.888311136e+08,343.452500,343.626500,0.000543,6.921285402e-06,2.496579e+08
132,6,1.000000000e-04,3.571270673e+08,343.626500,343.821000,0.000458,6.921285402e-06,2.494019e+08
132,7,1.000000000e-04,1.616067478e+08,343.821000,344.039000,0.000094,6.921285402e-06,2.491157e+08
132,8,1.000000000e-04,-1.702334253e+08,344.039000,344.260500,0.000104,6.921285402e-06,2.488102e+08
132,9,1.000000000e-04,-3.681486818e+08,344.260500,344.480000,0.000487,6.921285402e-06,2.485033e+08
132,10,1.000000000e-04,3.634234716e+08,344.480000,344.686500,0.000475,6.921285402e-06,2.482072e+08
132,11,1.000000000e-04,1.654703218e+08,344.686500,344.863500,0.000098,6.921285402e-06,2.479411e+08
132,12,1.000000000e-04,-1.667902222e+08,344.863500,345.001000,0.000100,6.921285402e-06,2.477226e+08
132,13,1.000000000e-04,-3.651015776e+08,345.001000,345.095000,0.000479,6.921285402e-06,2.475612e+08
132,14,1.000000000e-04,3.643251654e+08,345.095000,345.130000,0.000477,6.921285402e-06,2.474716e+08
132,15,1.000000000e-04,1.660101808e+08,345.130000,345.127000,0.000099,6.921285402e-06,2.474498e+08
132,16,1.000000000e-04,-1.663141847e+08,345.127000,345.065000,0.000099,6.921285402e-06,2.474949e+08
132,17,1.000000000e-04,-3.647106120e+08,345.065000,344.961000,0.000478,6.921285402e-06,2.476099e+08
132,18,1.000000000e-04,3.642337131e+08,344.961000,344.815000,0.000477,6.921285402e-06,2.477836e+08
132,19,1.000000000e-04,1.658354345e+08,344.815000,344.640000,0.000099,6.921285402e-06,2.480072e+08
132,20,1.000000000e-04,-1.665274039e+08,344.640000,344.453000,0.000100,6.921285402e-06,2.482587e+08
132,21,1.000000000e-04,-3.651119398e+08,344.453000,344.261000,0.000479,6.921285402e-06,2.485217e+08
132,22,1.000000000e-04,3.627200723e+08,344.261000,344.077000,0.000473,6.921285402e-06,2.487830e+08
132,23,1.000000000e-04,1.641227871e+08,344.077000,343.905500,0.000097,6.921285402e-06,2.490305e+08
132,24,1.000000000e-04,-1.684389550e+08,343.905500,343.747500,0.000102,6.921285402e-06,2.492595e+08
132,25,1.000000000e-04,-3.682164955e+08,343.747500,343.607000,0.000487,6.921285402e-06,2.494665e+08
132,26,1.000000000e-04,3.525017275e+08,343.607000,343.482500,0.000446,6.921285402e-06,2.496508e+08
132,27,1.000000000e-04,1.525655747e+08,343.482500,343.365500,0.000084,6.921285402e-06,2.498190e+08
132,28,1.000000000e-04,-1.814744005e+08,343.365500,343.266000,0.000118,6.921285402e-06,2.499695e+08
132,29,1.000000000e-04,-3.896652791e+08,343.266000,343.165000,0.000546,6.921285402e-06,2.501083e+08
132,30,1.000000000e-04,3.167610832e+08,343.165000,343.069500,0.000360,6.921285402e-06,2.502451e+08
132,31,1.000000000e-04,1.438155477e+08,343.069500,342.981500,0.000074,6.921285402e-06,2.503730e+08
132,32,1.000000000e-04,-1.566545014e+08,342.981500,342.895000,0.000088,6.921285402e-06,2.504942e+08
132,33,1.000000000e-04,-3.332871580e+08,342.895000,342.815000,0.000399,6.921285402e-06,2.506096e+08
132,34,1.000000000e-04,3.508816501e+08,342.815000,342.735000,0.000442,6.921285402e-06,2.507207e+08
132,35,1.000000000e-04,1.745990687e+08,342.735000,342.660500,0.000110,6.921285402e-06,2.508285e+08
132,36,1.000000000e-04,-1.238122969e+08,342.660500,342.595500,0.000055,6.921285402e-06,2.509255e+08
132,37,1.000000000e-04,-2.849628906e+08,342.595500,342.541000,0.000292,6.921285402e-06,2.510083e+08
132,38,1.000000000e-04,4.895654698e+08,342.541000,342.502000,0.000861,6.921285402e-06,2.510726e+08
132,39,1.000000000e-04,3.241796525e+08,342.502000,342.485000,0.000378,6.921285402e-06,2.511121e+08
133,0,1.000000000e-04,-3.532276604e+08,343.182000,343.213000,0.000448,6.921285402e-06,2.501334e+08
133,1,1.000000000e-04,-5.351515566e+08,343.213000,343.295900,0.001029,6.921285402e-06,2.500536e+08
133,2,1.000000000e-04,3.110611528e+08,343.295900,343.425100,0.000348,6.921285402e-06,2.499070e+08
133,3,1.000000000e-04,1.338075308e+08,343.425100,343.598300,0.000064,6.921285402e-06,2.496972e+08
133,4,1.000000000e-04,-1.919972027e+08,343.598300,343.821000,0.000132,6.921285402e-06,2.494219e+08
133,5,1.000000000e-04,-3.865154659e+08,343.821000,344.091100,0.000537,6.921285402e-06,2.490789e+08
133,6,1.000000000e-04,3.554113879e+08,344.091100,344.415600,0.000454,6.921285402e-06,2.486658e+08
133,7,1.000000000e-04,1.603920966e+08,344.415600,344.787600,0.000092,6.921285402e-06,2.481822e+08
133,8,1.000000000e-04,-1.687331690e+08,344.787600,345.202500,0.000102,6.921285402e-06,2.476353e+08
133,9,1.000000000e-04,-3.660925396e+08,345.202500,345.637000,0.000482,6.921285402e-06,2.470445e+08
133,10,1.000000000e-04,3.615694869e+08,345.637000,346.051200,0.000470,6.921285402e-06,2.464546e+08
133,11,1.000000000e-04,1.641598836e+08,346.051200,346.405600,0.000097,6.921285402e-06,2.459209e+08
133,12,1.000000000e-04,-1.653870159e+08,346.405600,346.673200,0.000098,6.921285402e-06,2.454886e+08
133,13,1.000000000e-04,-3.631353881e+08,346.673200,346.844600,0.000474,6.921285402e-06,2.451831e+08
133,14,1.000000000e-04,3.624197804e+08,346.844600,346.909000,0.000472,6.921285402e-06,2.450192e+08
133,15,1.000000000e-04,1.646677508e+08,346.909000,346.877300,0.000097,6.921285402e-06,2.449969e+08
133,16,1.000000000e-04,-1.649362228e+08,346.877300,346.739300,0.000098,6.921285402e-06,2.451148e+08
133,17,1.000000000e-04,-3.627611273e+08,346.739300,346.504600,0.000473,6.921285402e-06,2.453734e+08
133,18,1.000000000e-04,3.623288680e+08,346.504600,346.186500,0.000472,6.921285402e-06,2.457576e+08
133,19,1.000000000e-04,1.645027420e+08,346.186500,345.807000,0.000097,6.921285402e-06,2.462429e+08
133,20,1.000000000e-04,-1.651334043e+08,345.807000,345.404500,0.000098,6.921285402e-06,2.467864e+08
133,21,1.000000000e-04,-3.631323946e+08,345.404500,345.019500,0.000474,6.921285402e-06,2.473333e+08
133,22,1.000000000e-04,3.608716669e+08,345.019500,344.681600,0.000468,6.921285402e-06,2.478357e+08
133,23,1.000000000e-04,1.628525053e+08,344.681600,344.380100,0.000095,6.921285402e-06,2.482805e+08
133,24,1.000000000e-04,-1.669834977e+08,344.380100,344.136000,0.000100,6.921285402e-06,2.486597e+08
133,25,1.000000000e-04,-3.661536788e+08,344.136000,343.925300,0.000482,6.921285402e-06,2.489753e+08
133,26,1.000000000e-04,3.507922799e+08,343.925300,343.747200,0.000442,6.921285402e-06,2.492456e+08
133,27,1.000000000e-04,1.513996736e+08,343.747200,343.592900,0.000082,6.921285402e-06,2.494770e+08
133,28,1.000000000e-04,-1.800021073e+08,343.592900,343.460000,0.000116,6.921285402e-06,2.496766e+08
133,29,1.000000000e-04,-3.876343029e+08,343.460000,343.340000,0.000540,6.921285402e-06,2.498519e+08
133,30,1.000000000e-04,3.150750940e+08,343.340000,343.229000,0.000357,6.921285402e-06,2.500126e+08
133,31,1.000000000e-04,1.426037393e+08,343.229000,343.128100,0.000073,6.921285402e-06,2.501602e+08
133,32,1.000000000e-04,-1.553576802e+08,343.128100,343.032100,0.000087,6.921285402e-06,2.502971e+08
133,33,1.000000000e-04,-3.315293410e+08,343.032100,342.943700,0.000395,6.921285402e-06,2.504248e+08
133,34,1.000000000e-04,3.488988403e+08,342.943700,342.856000,0.000437,6.921285402e-06,2.505472e+08
133,35,1.000000000e-04,1.730331426e+08,342.856000,342.776700,0.000108,6.921285402e-06,2.506636e+08
133,36,1.000000000e-04,-1.229999883e+08,342.776700,342.705100,0.000054,6.921285402e-06,2.507686e+08
133,37,1.000000000e-04,-2.839689611e+08,342.705100,342.649000,0.000290,6.921285402e-06,2.508571e+08
133,38,1.000000000e-04,4.863548190e+08,342.649000,342.603700,0.000850,6.921285402e-06,2.509269e+08
133,39,1.000000000e-04,3.211184473e+08,342.603700,342.591000,0.000370,6.921285402e-06,2.509677e+08
134,0,1.000000000e-04,-2.521967094e+08,343.288000,343.316000,0.000229,6.921285402e-06,2.499884e+08
134,1,1.000000000e-04,-3.060296504e+08,343.316000,343.412100,0.000336,6.921285402e-06,2.499021e+08
134,2,1.000000000e-04,9.245937541e+07,343.412100,343.563000,0.000031,6.921285402e-06,2.497308e+08
134,3,1.000000000e-04,5.772335655e+07,343.563000,343.769400,0.000012,6.921285402e-06,2.494825e+08
134,4,1.000000000e-04,-1.274932184e+08,343.769400,344.039000,0.000058,6.921285402e-06,2.491516e+08
134,5,1.000000000e-04,-1.856916278e+08,344.039000,344.368900,0.000124,6.921285402e-06,2.487349e+08
134,6,1.000000000e-04,1.533728987e+08,344.368900,344.787600,0.000085,6.921285402e-06,2.482146e+08
134,7,1.000000000e-04,9.245958175e+07,344.787600,345.294300,0.000031,6.921285402e-06,2.475715e+08
134,8,1.000000000e-04,-1.025597095e+08,345.294300,345.879300,0.000038,6.921285402e-06,2.468128e+08
134,9,1.000000000e-04,-1.670523917e+08,345.879300,346.521500,0.000100,6.921285402e-06,2.459598e+08
134,10,1.000000000e-04,1.623748332e+08,346.521500,347.137700,0.000095,6.921285402e-06,2.450852e+08
134,11,1.000000000e-04,9.749121981e+07,347.137700,347.653700,0.000034,6.921285402e-06,2.442984e+08
134,12,1.000000000e-04,-9.896995755e+07,347.653700,348.033600,0.000035,6.921285402e-06,2.436758e+08
134,13,1.000000000e-04,-1.643753043e+08,348.033600,348.274400,0.000097,6.921285402e-06,2.432443e+08
134,14,1.000000000e-04,1.636434096e+08,348.274400,348.355000,0.000096,6.921285402e-06,2.430210e+08
134,15,1.000000000e-04,9.817981314e+07,348.355000,348.307100,0.000035,6.921285402e-06,2.429983e+08
134,16,1.000000000e-04,-9.850076328e+07,348.307100,348.106700,0.000035,6.921285402e-06,2.431709e+08
134,17,1.000000000e-04,-1.640769239e+08,348.106700,347.759700,0.000097,6.921285402e-06,2.435512e+08
134,18,1.000000000e-04,1.636373269e+08,347.759700,347.278400,0.000096,6.921285402e-06,2.441269e+08
134,19,1.000000000e-04,9.802669448e+07,347.278400,346.694500,0.000035,6.921285402e-06,2.448673e+08
134,20,1.000000000e-04,-9.878449680e+07,346.694500,346.084300,0.000035,6.921285402e-06,2.456972e+08
134,21,1.000000000e-04,-1.646619685e+08,346.084300,345.529200,0.000097,6.921285402e-06,2.465070e+08
134,22,1.000000000e-04,1.623314658e+08,345.529200,345.061500,0.000095,6.921285402e-06,2.472179e+08
134,23,1.000000000e-04,9.626213316e+07,345.061500,344.667200,0.000033,6.921285402e-06,2.478170e+08
134,24,1.000000000e-04,-1.012613086e+08,344.667200,344.357000,0.000037,6.921285402e-06,2.483066e+08
134,25,1.000000000e-04,-1.691001962e+08,344.357000,344.098700,0.000103,6.921285402e-06,2.487017e+08
134,26,1.000000000e-04,1.531232269e+08,344.098700,343.883900,0.000084,6.921285402e-06,2.490305e+08
134,27,1.000000000e-04,8.393105537e+07,343.883900,343.711000,0.000025,6.921285402e-06,2.493000e+08
134,28,1.000000000e-04,-1.185185188e+08,343.711000,343.557300,0.000050,6.921285402e-06,2.495270e+08
134,29,1.000000000e-04,-1.997300623e+08,343.557300,343.426500,0.000143,6.921285402e-06,2.497246e+08
134,30,1.000000000e-04,1.263688957e+08,343.426500,343.308000,0.000057,6.921285402e-06,2.498980e+08
134,31,1.000000000e-04,7.890092211e+07,343.308000,343.200900,0.000022,6.921285402e-06,2.500548e+08
134,32,1.000000000e-04,-9.431027415e+07,343.200900,343.103100,0.000032,6.921285402e-06,2.501972e+08
134,33,1.000000000e-04,-1.470947037e+08,343.103100,343.005000,0.000078,6.921285402e-06,2.503333e+08
134,34,1.000000000e-04,1.651529718e+08,343.005000,342.915500,0.000098,6.921285402e-06,2.504636e+08
134,35,1.000000000e-04,1.138785624e+08,342.915500,342.834000,0.000047,6.921285402e-06,2.505825e+08
134,36,1.000000000e-04,-5.391395999e+07,342.834000,342.761000,0.000010,6.921285402e-06,2.506900e+08
134,37,1.000000000e-04,-8.508710580e+07,342.761000,342.700000,0.000026,6.921285402e-06,2.507831e+08
134,38,1.000000000e-04,2.778721550e+08,342.700000,342.652000,0.000277,6.921285402e-06,2.508585e+08
134,39,1.000000000e-04,2.291950368e+08,342.652000,342.639000,0.000189,6.921285402e-06,2.509010e+08
135,0,1.000000000e-04,-3.495295267e+08,343.384000,343.419900,0.000439,6.921285402e-06,2.498493e+08
135,1,1.000000000e-04,-5.292297109e+08,343.419900,343.529000,0.001006,6.921285402e-06,2.497478e+08
135,2,1.000000000e-04,3.070826426e+08,343.529000,343.700700,0.000339,6.921285402e-06,2.495535e+08
135,3,1.000000000e-04,1.321197384e+08,343.700700,343.934100,0.000063,6.921285402e-06,2.492722e+08
135,4,1.000000000e-04,-1.900073997e+08,343.934100,344.260500,0.000130,6.921285402e-06,2.488831e+08
135,5,1.000000000e-04,-3.821307258e+08,344.260500,344.671600,0.000525,6.921285402e-06,2.483701e+08
135,6,1.000000000e-04,3.513122531e+08,344.671600,345.202500,0.000443,6.921285402e-06,2.477155e+08
135,7,1.000000000e-04,1.586330412e+08,345.202500,345.879300,0.000090,6.921285402e-06,2.468765e+08
135,8,1.000000000e-04,-1.669128593e+08,345.879300,346.709200,0.000100,6.921285402e-06,2.458294e+08
135,9,1.000000000e-04,-3.619321506e+08,346.709200,347.677500,0.000471,6.921285402e-06,2.445792e+08
135,10,1.000000000e-04,3.574910176e+08,347.677500,348.611900,0.000459,6.921285402e-06,2.432568e+08
135,11,1.000000000e-04,1.624001200e+08,348.611900,349.364700,0.000095,6.921285402e-06,2.420846e+08
135,12,1.000000000e-04,-1.636087297e+08,349.364700,349.898800,0.000096,6.921285402e-06,2.411903e+08
135,13,1.000000000e-04,-3.590392813e+08,349.898800,350.221300,0.000463,6.921285402e-06,2.405945e+08
135,14,1.000000000e-04,3.583493490e+08,350.221300,350.331000,0.000461,6.921285402e-06,2.402941e+08
135,15,1.000000000e-04,1.629088555e+08,350.331000,350.254200,0.000095,6.921285402e-06,2.402717e+08
135,16,1.000000000e-04,-1.631697196e+08,350.254200,349.972500,0.000096,6.921285402e-06,2.405208e+08
135,17,1.000000000e-04,-3.586831319e+08,349.972500,349.473400,0.000462,6.921285402e-06,2.410630e+08
135,18,1.000000000e-04,3.582706689e+08,349.473400,348.759800,0.000461,6.921285402e-06,2.419059e+08
135,19,1.000000000e-04,1.627512058e+08,348.759800,347.857500,0.000095,6.921285402e-06,2.430294e+08
135,20,1.000000000e-04,-1.633693089e+08,347.857500,346.930200,0.000096,6.921285402e-06,2.443009e+08
135,21,1.000000000e-04,-3.590624483e+08,346.930200,346.125300,0.000463,6.921285402e-06,2.455044e+08
135,22,1.000000000e-04,3.568540316e+08,346.125300,345.478500,0.000458,6.921285402e-06,2.465133e+08
135,23,1.000000000e-04,1.611258702e+08,345.478500,344.970600,0.000093,6.921285402e-06,2.473163e+08
135,24,1.000000000e-04,-1.652236737e+08,344.970600,344.581000,0.000098,6.921285402e-06,2.479400e+08
135,25,1.000000000e-04,-3.621090244e+08,344.581000,344.272200,0.000471,6.921285402e-06,2.484250e+08
135,26,1.000000000e-04,3.468697687e+08,344.272200,344.023700,0.000432,6.921285402e-06,2.488123e+08
135,27,1.000000000e-04,1.497198397e+08,344.023700,343.820300,0.000081,6.921285402e-06,2.491268e+08
135,28,1.000000000e-04,-1.782729607e+08,343.820300,343.654000,0.000114,6.921285402e-06,2.493837e+08
135,29,1.000000000e-04,-3.836782704e+08,343.654000,343.510000,0.000529,6.921285402e-06,2.495989e+08
135,30,1.000000000e-04,3.112296290e+08,343.510000,343.387100,0.000348,6.921285402e-06,2.497846e+08
135,31,1.000000000e-04,1.409413275e+08,343.387100,343.267000,0.000071,6.921285402e-06,2.499538e+08
135,32,1.000000000e-04,-1.536896347e+08,343.267000,343.158700,0.000085,6.921285402e-06,2.501125e+08
135,33,1.000000000e-04,-3.276921716e+08,343.158700,343.062000,0.000386,6.921285402e-06,2.502547e+08
135,34,1.000000000e-04,3.449291882e+08,343.062000,342.967000,0.000427,6.921285402e-06,2.503878e+08
135,35,1.000000000e-04,1.712420950e+08,342.967000,342.882000,0.000105,6.921285402e-06,2.505133e+08
135,36,1.000000000e-04,-1.214473083e+08,342.882000,342.809000,0.000053,6.921285402e-06,2.506232e+08
135,37,1.000000000e-04,-2.803376571e+08,342.809000,342.745300,0.000282,6.921285402e-06,2.507179e+08
135,38,1.000000000e-04,4.810258701e+08,342.745300,342.699100,0.000831,6.921285402e-06,2.507936e+08
135,39,1.000000000e-04,3.177895448e+08,342.699100,342.687000,0.000363,6.921285402e-06,2.508347e+08
136,0,1.000000000e-04,-3.487949109e+08,343.565000,343.602000,0.000437,6.921285402e-06,2.495969e+08
136,1,1.000000000e-04,-5.283875942e+08,343.602000,343.735700,0.001003,6.921285402e-06,2.494776e+08
136,2,1.000000000e-04,3.071625703e+08,343.735700,343.948300,0.000339,6.921285402e-06,2.492377e+08
136,3,1.000000000e-04,1.321459038e+08,343.948300,344.257900,0.000063,6.921285402e-06,2.488751e+08
136,4,1.000000000e-04,-1.896383971e+08,344.257900,344.686500,0.000129,6.921285402e-06,2.483620e+08
136,5,1.000000000e-04,-3.817238299e+08,344.686500,345.259500,0.000524,6.921285402e-06,2.476654e+08
136,6,1.000000000e-04,3.511075146e+08,345.259500,346.048500,0.000443,6.921285402e-06,2.467189e+08
136,7,1.000000000e-04,1.584785353e+08,346.048500,347.137700,0.000090,6.921285402e-06,2.454140e+08
136,8,1.000000000e-04,-1.666764339e+08,347.137700,348.611900,0.000100,6.921285402e-06,2.436324e+08
136,9,1.000000000e-04,-3.616241189e+08,348.611900,350.532500,0.000470,6.921285402e-06,2.412726e+08
136,10,1.000000000e-04,3.572315937e+08,350.532500,352.419000,0.000458,6.921285402e-06,2.386267e+08
136,11,1.000000000e-04,1.622123024e+08,352.419000,353.791300,0.000095,6.921285402e-06,2.363622e+08
136,12,1.000000000e-04,-1.633990032e+08,353.791300,354.690200,0.000096,6.921285402e-06,2.347837e+08
136,13,1.000000000e-04,-3.587528705e+08,354.690200,355.208800,0.000462,6.921285402e-06,2.337981e+08
136,14,1.000000000e-04,3.580785405e+08,355.208800,355.372000,0.000461,6.921285402e-06,2.333243e+08
136,15,1.000000000e-04,1.627144879e+08,355.372000,355.242700,0.000095,6.921285402e-06,2.333012e+08
136,16,1.000000000e-04,-1.629650612e+08,355.242700,354.770500,0.000095,6.921285402e-06,2.337192e+08
136,17,1.000000000e-04,-3.583997157e+08,354.770500,353.906600,0.000461,6.921285402e-06,2.346474e+08
136,18,1.000000000e-04,3.580014138e+08,353.906600,352.567000,0.000460,6.921285402e-06,2.361788e+08
136,19,1.000000000e-04,1.625600913e+08,352.567000,350.722500,0.000095,6.921285402e-06,2.383922e+08
136,20,1.000000000e-04,-1.631608988e+08,350.722500,348.834900,0.000096,6.921285402e-06,2.409860e+08
136,21,1.000000000e-04,-3.587725669e+08,348.834900,347.394700,0.000462,6.921285402e-06,2.432984e+08
136,22,1.000000000e-04,3.565975642e+08,347.394700,346.338200,0.000457,6.921285402e-06,2.450336e+08
136,23,1.000000000e-04,1.609470832e+08,346.338200,345.570400,0.000093,6.921285402e-06,2.463019e+08
136,24,1.000000000e-04,-1.650062486e+08,345.570400,345.017500,0.000098,6.921285402e-06,2.472198e+08
136,25,1.000000000e-04,-3.618080799e+08,345.017500,344.597800,0.000470,6.921285402e-06,2.478953e+08
136,26,1.000000000e-04,3.466351808e+08,344.597800,344.280300,0.000432,6.921285402e-06,2.484077e+08
136,27,1.000000000e-04,1.495560035e+08,344.280300,344.026700,0.000080,6.921285402e-06,2.488050e+08
136,28,1.000000000e-04,-1.780564741e+08,344.026700,343.827000,0.000114,6.921285402e-06,2.491200e+08
136,29,1.000000000e-04,-3.833853606e+08,343.827000,343.659500,0.000528,6.921285402e-06,2.493748e+08
136,30,1.000000000e-04,3.109973401e+08,343.659500,343.515000,0.000347,6.921285402e-06,2.495918e+08
136,31,1.000000000e-04,1.407671055e+08,343.515000,343.387000,0.000071,6.921285402e-06,2.497815e+08
136,32,1.000000000e-04,-1.535109059e+08,343.387000,343.272000,0.000085,6.921285402e-06,2.499504e+08
136,33,1.000000000e-04,-3.274627383e+08,343.272000,343.160000,0.000385,6.921285402e-06,2.501078e+08
136,34,1.000000000e-04,3.446161693e+08,343.160000,343.063000,0.000427,6.921285402e-06,2.502530e+08
136,35,1.000000000e-04,1.709555093e+08,343.063000,342.976100,0.000105,6.921285402e-06,2.503812e+08
136,36,1.000000000e-04,-1.214373888e+08,342.976100,342.894300,0.000053,6.921285402e-06,2.504985e+08
136,37,1.000000000e-04,-2.803709623e+08,342.894300,342.823700,0.000282,6.921285402e-06,2.506042e+08
136,38,1.000000000e-04,4.803372474e+08,342.823700,342.784000,0.000829,6.921285402e-06,2.506802e+08
136,39,1.000000000e-04,3.171801066e+08,342.784000,342.763000,0.000361,6.921285402e-06,2.507229e+08
137,0,1.000000000e-04,-2.501003629e+08,343.638000,343.682000,0.000225,6.921285402e-06,2.494908e+08
137,1,1.000000000e-04,-3.034757271e+08,343.682000,343.822000,0.000331,6.921285402e-06,2.493628e+08
137,2,1.000000000e-04,9.191080427e+07,343.822000,344.051100,0.000030,6.921285402e-06,2.491067e+08
137,3,1.000000000e-04,5.737908770e+07,344.051100,344.386300,0.000012,6.921285402e-06,2.487145e+08
137,4,1.000000000e-04,-1.264502695e+08,344.386300,344.863500,0.000057,6.921285402e-06,2.481498e+08
137,5,1.000000000e-04,-1.842283081e+08,344.863500,345.499800,0.000122,6.921285402e-06,2.473759e+08
137,6,1.000000000e-04,1.523015546e+08,345.499800,346.405600,0.000083,6.921285402e-06,2.463041e+08
137,7,1.000000000e-04,9.180987157e+07,346.405600,347.653700,0.000030,6.921285402e-06,2.448073e+08
137,8,1.000000000e-04,-1.017675337e+08,347.653700,349.364700,0.000037,6.921285402e-06,2.427507e+08
137,9,1.000000000e-04,-1.657972665e+08,349.364700,351.594500,0.000099,6.921285402e-06,2.400117e+08
137,10,1.000000000e-04,1.612169236e+08,351.594500,353.791300,0.000093,6.921285402e-06,2.369353e+08
137,11,1.000000000e-04,9.678964663e+07,353.791300,355.387400,0.000034,6.921285402e-06,2.342993e+08
137,12,1.000000000e-04,-9.822964466e+07,355.387400,356.431400,0.000035,6.921285402e-06,2.324644e+08
137,13,1.000000000e-04,-1.631685793e+08,356.431400,357.023600,0.000096,6.921285402e-06,2.313272e+08
137,14,1.000000000e-04,1.624681322e+08,357.023600,357.215000,0.000095,6.921285402e-06,2.307826e+08
137,15,1.000000000e-04,9.746849307e+07,357.215000,357.065600,0.000034,6.921285402e-06,2.307534e+08
137,16,1.000000000e-04,-9.777117828e+07,357.065600,356.510300,0.000034,6.921285402e-06,2.312432e+08
137,17,1.000000000e-04,-1.628786625e+08,356.510300,355.501300,0.000095,6.921285402e-06,2.323303e+08
137,18,1.000000000e-04,1.624680048e+08,355.501300,353.945600,0.000095,6.921285402e-06,2.341128e+08
137,19,1.000000000e-04,9.732308137e+07,353.945600,351.784500,0.000034,6.921285402e-06,2.366960e+08
137,20,1.000000000e-04,-9.804962295e+07,351.784500,349.594000,0.000035,6.921285402e-06,2.397204e+08
137,21,1.000000000e-04,-1.634543859e+08,349.594000,347.915600,0.000096,6.921285402e-06,2.424092e+08
137,22,1.000000000e-04,1.611945021e+08,347.915600,346.699500,0.000093,6.921285402e-06,2.444209e+08
137,23,1.000000000e-04,9.558602706e+07,346.699500,345.824400,0.000033,6.921285402e-06,2.458744e+08
137,24,1.000000000e-04,-1.005137655e+08,345.824400,345.200000,0.000036,6.921285402e-06,2.469165e+08
137,25,1.000000000e-04,-1.678792556e+08,345.200000,344.732300,0.000101,6.921285402e-06,2.476754e+08
137,26,1.000000000e-04,1.520477673e+08,344.732300,344.381100,0.000083,6.921285402e-06,2.482446e+08
137,27,1.000000000e-04,8.329381172e+07,344.381100,344.113000,0.000025,6.921285402e-06,2.486751e+08
137,28,1.000000000e-04,-1.177816460e+08,344.113000,343.900700,0.000050,6.921285402e-06,2.490089e+08
137,29,1.000000000e-04,-1.985426206e+08,343.900700,343.721000,0.000142,6.921285402e-06,2.492812e+08
137,30,1.000000000e-04,1.253210525e+08,343.721000,343.569300,0.000056,6.921285402e-06,2.495117e+08
137,31,1.000000000e-04,7.825759378e+07,343.569300,343.435000,0.000022,6.921285402e-06,2.497105e+08
137,32,1.000000000e-04,-9.365057000e+07,343.435000,343.313000,0.000032,6.921285402e-06,2.498886e+08
137,33,1.000000000e-04,-1.460426802e+08,343.313000,343.207300,0.000077,6.921285402e-06,2.500468e+08
137,34,1.000000000e-04,1.639580483e+08,343.207300,343.104000,0.000097,6.921285402e-06,2.501920e+08
137,35,1.000000000e-04,1.130353188e+08,343.104000,343.009000,0.000046,6.921285402e-06,2.503299e+08
137,36,1.000000000e-04,-5.355439133e+07,343.009000,342.929000,0.000010,6.921285402e-06,2.504516e+08
137,37,1.000000000e-04,-8.454162315e+07,342.929000,342.862000,0.000026,6.921285402e-06,2.505537e+08
137,38,1.000000000e-04,2.757604075e+08,342.862000,342.816000,0.000273,6.921285402e-06,2.506320e+08
137,39,1.000000000e-04,2.274459069e+08,342.816000,342.804000,0.000186,6.921285402e-06,2.506724e+08
138,0,1.000000000e-04,-3.481308134e+08,343.689000,343.737000,0.000435,6.921285402e-06,2.494169e+08
138,1,1.000000000e-04,-5.273257558e+08,343.737000,343.888100,0.000999,6.921285402e-06,2.492779e+08
138,2,1.000000000e-04,3.065772862e+08,343.888100,344.132000,0.000338,6.921285402e-06,2.490041e+08
138,3,1.000000000e-04,1.319099123e+08,344.132000,344.490700,0.000063,6.921285402e-06,2.485856e+08
138,4,1.000000000e-04,-1.893134605e+08,344.490700,345.001000,0.000129,6.921285402e-06,2.479816e+08
138,5,1.000000000e-04,-3.810406877e+08,345.001000,345.692600,0.000522,6.921285402e-06,2.471458e+08
138,6,1.000000000e-04,3.505171404e+08,345.692600,346.673200,0.000441,6.921285402e-06,2.459837e+08
138,7,1.000000000e-04,1.582269300e+08,346.673200,348.033600,0.000090,6.921285402e-06,2.443572e+08
138,8,1.000000000e-04,-1.664063058e+08,348.033600,349.898800,0.000099,6.921285402e-06,2.421154e+08
138,9,1.000000000e-04,-3.610143369e+08,349.898800,352.312500,0.000468,6.921285402e-06,2.391411e+08
138,10,1.000000000e-04,3.566437205e+08,352.312500,354.690200,0.000457,6.921285402e-06,2.358111e+08
138,11,1.000000000e-04,1.619590052e+08,354.690200,356.431400,0.000094,6.921285402e-06,2.329489e+08
138,12,1.000000000e-04,-1.631406428e+08,356.431400,357.581800,0.000096,6.921285402e-06,2.309392e+08
138,13,1.000000000e-04,-3.581599341e+08,357.581800,358.229400,0.000461,6.921285402e-06,2.296892e+08
138,14,1.000000000e-04,3.574940746e+08,358.229400,358.437000,0.000459,6.921285402e-06,2.290948e+08
138,15,1.000000000e-04,1.624625304e+08,358.437000,358.268700,0.000095,6.921285402e-06,2.290679e+08
138,16,1.000000000e-04,-1.627094825e+08,358.268700,357.655800,0.000095,6.921285402e-06,2.296109e+08
138,17,1.000000000e-04,-3.578117609e+08,357.655800,356.550400,0.000460,6.921285402e-06,2.308046e+08
138,18,1.000000000e-04,3.574261866e+08,356.550400,354.848200,0.000459,6.921285402e-06,2.327559e+08
138,19,1.000000000e-04,1.623138523e+08,354.848200,352.509000,0.000095,6.921285402e-06,2.355651e+08
138,20,1.000000000e-04,-1.629062885e+08,352.509000,350.130800,0.000095,6.921285402e-06,2.388437e+08
138,21,1.000000000e-04,-3.581898560e+08,350.130800,348.299700,0.000461,6.921285402e-06,2.417688e+08
138,22,1.000000000e-04,3.560488032e+08,348.299700,346.971300,0.000455,6.921285402e-06,2.439646e+08
138,23,1.000000000e-04,1.607162885e+08,346.971300,346.014300,0.000093,6.921285402e-06,2.455534e+08
138,24,1.000000000e-04,-1.647555851e+08,346.014300,345.342500,0.000098,6.921285402e-06,2.466854e+08
138,25,1.000000000e-04,-3.612429441e+08,345.342500,344.840000,0.000469,6.921285402e-06,2.475011e+08
138,26,1.000000000e-04,3.461413320e+08,344.840000,344.468000,0.000430,6.921285402e-06,2.481089e+08
138,27,1.000000000e-04,1.493531222e+08,344.468000,344.186100,0.000080,6.921285402e-06,2.485638e+08
138,28,1.000000000e-04,-1.778213011e+08,344.186100,343.953000,0.000114,6.921285402e-06,2.489217e+08
138,29,1.000000000e-04,-3.828664755e+08,343.953000,343.772500,0.000527,6.921285402e-06,2.492086e+08
138,30,1.000000000e-04,3.105718966e+08,343.772500,343.617000,0.000347,6.921285402e-06,2.494424e+08
138,31,1.000000000e-04,1.405927872e+08,343.617000,343.480000,0.000071,6.921285402e-06,2.496460e+08
138,32,1.000000000e-04,-1.533062877e+08,343.480000,343.355000,0.000084,6.921285402e-06,2.498281e+08
138,33,1.000000000e-04,-3.270154610e+08,343.355000,343.243000,0.000384,6.921285402e-06,2.499924e+08
138,34,1.000000000e-04,3.442233854e+08,343.243000,343.136000,0.000426,6.921285402e-06,2.501446e+08
138,35,1.000000000e-04,1.707821091e+08,343.136000,343.041000,0.000105,6.921285402e-06,2.502854e+08
138,36,1.000000000e-04,-1.212738722e+08,343.041000,342.961000,0.000053,6.921285402e-06,2.504070e+08
138,37,1.000000000e-04,-2.800015465e+08,342.961000,342.894000,0.000282,6.921285402e-06,2.505089e+08
138,38,1.000000000e-04,4.798000989e+08,342.894000,342.845300,0.000827,6.921285402e-06,2.505887e+08
138,39,1.000000000e-04,3.168431133e+08,342.845300,342.826000,0.000361,6.921285402e-06,2.506365e+08
139,0,1.000000000e-04,-3.479839576e+08,343.755000,343.803000,0.000435,6.921285402e-06,2.493252e+08
139,1,1.000000000e-04,-5.271494173e+08,343.803000,343.959000,0.000998,6.921285402e-06,2.491827e+08
139,2,1.000000000e-04,3.066195318e+08,343.959000,344.218000,0.000338,6.921285402e-06,2.488951e+08
139,3,1.000000000e-04,1.319356433e+08,344.218000,344.599000,0.000063,6.921285402e-06,2.484506e+08
139,4,1.000000000e-04,-1.892363405e+08,344.599000,345.130000,0.000129,6.921285402e-06,2.478167e+08
139,5,1.000000000e-04,-3.809599386e+08,345.130000,345.865000,0.000521,6.921285402e-06,2.469364e+08
139,6,1.000000000e-04,3.504971958e+08,345.865000,346.909000,0.000441,6.921285402e-06,2.457000e+08
139,7,1.000000000e-04,1.582106429e+08,346.909000,348.355000,0.000090,6.921285402e-06,2.439699e+08
139,8,1.000000000e-04,-1.663643433e+08,348.355000,350.331000,0.000099,6.921285402e-06,2.415916e+08
139,9,1.000000000e-04,-3.609624323e+08,350.331000,352.870000,0.000468,6.921285402e-06,2.384532e+08
139,10,1.000000000e-04,3.566074182e+08,352.870000,355.372000,0.000457,6.921285402e-06,2.349498e+08
139,11,1.000000000e-04,1.619328882e+08,355.372000,357.215000,0.000094,6.921285402e-06,2.319304e+08
139,12,1.000000000e-04,-1.631060552e+08,357.215000,358.437000,0.000096,6.921285402e-06,2.298002e+08
139,13,1.000000000e-04,-3.581130936e+08,358.437000,359.130000,0.000461,6.921285402e-06,2.284689e+08
139,14,1.000000000e-04,3.574568574e+08,359.130000,359.350000,0.000459,6.921285402e-06,2.278344e+08
139,15,1.000000000e-04,1.624375661e+08,359.350000,359.172000,0.000095,6.921285402e-06,2.278056e+08
139,16,1.000000000e-04,-1.626725533e+08,359.172000,358.518000,0.000095,6.921285402e-06,2.283838e+08
139,17,1.000000000e-04,-3.577598908e+08,358.518000,357.337500,0.000460,6.921285402e-06,2.296584e+08
139,18,1.000000000e-04,3.573992519e+08,357.337500,355.534500,0.000459,6.921285402e-06,2.317319e+08
139,19,1.000000000e-04,1.623007432e+08,355.534500,353.072500,0.000095,6.921285402e-06,2.346965e+08
139,20,1.000000000e-04,-1.628566975e+08,353.072500,350.569000,0.000095,6.921285402e-06,2.381475e+08
139,21,1.000000000e-04,-3.581193013e+08,350.569000,348.634000,0.000461,6.921285402e-06,2.412319e+08
139,22,1.000000000e-04,3.560541483e+08,348.634000,347.218500,0.000455,6.921285402e-06,2.435605e+08
139,23,1.000000000e-04,1.607349881e+08,347.218500,346.203000,0.000093,6.921285402e-06,2.452504e+08
139,24,1.000000000e-04,-1.646797325e+08,346.203000,345.487500,0.000097,6.921285402e-06,2.464535e+08
139,25,1.000000000e-04,-3.611381005e+08,345.487500,344.958500,0.000469,6.921285402e-06,2.473180e+08
139,26,1.000000000e-04,3.462103311e+08,344.958500,344.566000,0.000431,6.921285402e-06,2.479585e+08
139,27,1.000000000e-04,1.494242838e+08,344.566000,344.267000,0.000080,6.921285402e-06,2.484395e+08
139,28,1.000000000e-04,-1.777223411e+08,344.267000,344.029000,0.000113,6.921285402e-06,2.488126e+08
139,29,1.000000000e-04,-3.827406148e+08,344.029000,343.840000,0.000526,6.921285402e-06,2.491089e+08
139,30,1.000000000e-04,3.107087012e+08,343.840000,343.676000,0.000347,6.921285402e-06,2.493545e+08
139,31,1.000000000e-04,1.407106814e+08,343.676000,343.539000,0.000071,6.921285402e-06,2.495640e+08
139,32,1.000000000e-04,-1.532130245e+08,343.539000,343.412500,0.000084,6.921285402e-06,2.497471e+08
139,33,1.000000000e-04,-3.269075935e+08,343.412500,343.297000,0.000384,6.921285402e-06,2.499149e+08
139,34,1.000000000e-04,3.444057232e+08,343.297000,343.192500,0.000426,6.921285402e-06,2.500678e+08
139,35,1.000000000e-04,1.709451227e+08,343.192500,343.094500,0.000105,6.921285402e-06,2.502089e+08
139,36,1.000000000e-04,-1.211655827e+08,343.094500,343.010000,0.000053,6.921285402e-06,2.503358e+08
139,37,1.000000000e-04,-2.798674695e+08,343.010000,342.943000,0.000281,6.921285402e-06,2.504408e+08
139,38,1.000000000e-04,4.800870252e+08,342.943000,342.892500,0.000828,6.921285402e-06,2.505218e+08
139,39,1.000000000e-04,3.170642554e+08,342.892500,342.875000,0.000361,6.921285402e-06,2.505697e+08
140,0,1.000000000e-04,-2.496892783e+08,343.769000,343.808000,0.000224,6.921285402e-06,2.493122e+08
140,1,1.000000000e-04,-3.029594746e+08,343.808000,343.963300,0.000330,6.921285402e-06,2.491771e+08
140,2,1.000000000e-04,9.187771738e+07,343.963300,344.221700,0.000030,6.921285402e-06,2.488899e+08
140,3,1.000000000e-04,5.736264630e+07,344.221700,344.593000,0.000012,6.921285402e-06,2.484523e+08
140,4,1.000000000e-04,-1.262482699e+08,344.593000,345.127000,0.000057,6.921285402e-06,2.478230e+08
140,5,1.000000000e-04,-1.839624870e+08,345.127000,345.852900,0.000122,6.921285402e-06,2.469473e+08
140,6,1.000000000e-04,1.521573142e+08,345.852900,346.877300,0.000083,6.921285402e-06,2.457309e+08
140,7,1.000000000e-04,9.172270519e+07,346.877300,348.307100,0.000030,6.921285402e-06,2.440253e+08
140,8,1.000000000e-04,-1.016353010e+08,348.307100,350.254200,0.000037,6.921285402e-06,2.416784e+08
140,9,1.000000000e-04,-1.655953085e+08,350.254200,352.771000,0.000099,6.921285402e-06,2.385759e+08
140,10,1.000000000e-04,1.610459268e+08,352.771000,355.242700,0.000093,6.921285402e-06,2.351089e+08
140,11,1.000000000e-04,9.668689333e+07,355.242700,357.065600,0.000034,6.921285402e-06,2.321242e+08
140,12,1.000000000e-04,-9.811201791e+07,357.065600,358.268700,0.000035,6.921285402e-06,2.300211e+08
140,13,1.000000000e-04,-1.629785876e+08,358.268700,358.953100,0.000095,6.921285402e-06,2.287092e+08
140,14,1.000000000e-04,1.622973873e+08,358.953100,359.172000,0.000095,6.921285402e-06,2.280814e+08
140,15,1.000000000e-04,9.736892407e+07,359.172000,358.996100,0.000034,6.921285402e-06,2.280516e+08
140,16,1.000000000e-04,-9.765036722e+07,358.996100,358.352700,0.000034,6.921285402e-06,2.286210e+08
140,17,1.000000000e-04,-1.626811768e+08,358.352700,357.190900,0.000095,6.921285402e-06,2.298756e+08
140,18,1.000000000e-04,1.623215050e+08,357.190900,355.409700,0.000095,6.921285402e-06,2.319210e+08
140,19,1.000000000e-04,9.724798879e+07,355.409700,352.976000,0.000034,6.921285402e-06,2.348504e+08
140,20,1.000000000e-04,-9.790870462e+07,352.976000,350.496300,0.000034,6.921285402e-06,2.382652e+08
140,21,1.000000000e-04,-1.632271032e+08,350.496300,348.588400,0.000096,6.921285402e-06,2.413145e+08
140,22,1.000000000e-04,1.611266284e+08,348.588400,347.193300,0.000093,6.921285402e-06,2.436101e+08
140,23,1.000000000e-04,9.557962785e+07,347.193300,346.192800,0.000033,6.921285402e-06,2.452751e+08
140,24,1.000000000e-04,-1.003338985e+08,346.192800,345.487500,0.000036,6.921285402e-06,2.464606e+08
140,25,1.000000000e-04,-1.676047328e+08,345.487500,344.963000,0.000101,6.921285402e-06,2.473153e+08
140,26,1.000000000e-04,1.521477581e+08,344.963000,344.575700,0.000083,6.921285402e-06,2.479490e+08
140,27,1.000000000e-04,8.341049927e+07,344.575700,344.282000,0.000025,6.921285402e-06,2.484224e+08
140,28,1.000000000e-04,-1.175828285e+08,344.282000,344.044900,0.000050,6.921285402e-06,2.487912e+08
140,29,1.000000000e-04,-1.982749424e+08,344.044900,343.856000,0.000141,6.921285402e-06,2.490872e+08
140,30,1.000000000e-04,1.256245158e+08,343.856000,343.692000,0.000057,6.921285402e-06,2.493326e+08
140,31,1.000000000e-04,7.849910292e+07,343.692000,343.555000,0.000022,6.921285402e-06,2.495418e+08
140,32,1.000000000e-04,-9.350327887e+07,343.555000,343.430000,0.000031,6.921285402e-06,2.497239e+08
140,33,1.000000000e-04,-1.458868112e+08,343.430000,343.318000,0.000076,6.921285402e-06,2.498885e+08
140,34,1.000000000e-04,1.644165182e+08,343.318000,343.211000,0.000097,6.921285402e-06,2.500407e+08
140,35,1.000000000e-04,1.133967462e+08,343.211000,343.115000,0.000046,6.921285402e-06,2.501819e+08
140,36,1.000000000e-04,-5.341832386e+07,343.115000,343.026000,0.000010,6.921285402e-06,2.503105e+08
140,37,1.000000000e-04,-8.440053110e+07,343.026000,342.959000,0.000026,6.921285402e-06,2.504189e+08
140,38,1.000000000e-04,2.765528935e+08,342.959000,342.913000,0.000275,6.921285402e-06,2.504971e+08
140,39,1.000000000e-04,2.280435488e+08,342.913000,342.891000,0.000187,6.921285402e-06,2.505445e+08
141,0,1.000000000e-04,-3.478136810e+08,343.753000,343.800300,0.000435,6.921285402e-06,2.493284e+08
141,1,1.000000000e-04,-5.268769204e+08,343.800300,343.947900,0.000997,6.921285402e-06,2.491923e+08
141,2,1.000000000e-04,3.064881661e+08,343.947900,344.196000,0.000337,6.921285402e-06,2.489181e+08
141,3,1.000000000e-04,1.318854944e+08,344.196000,344.554700,0.000062,6.921285402e-06,2.484967e+08
141,4,1.000000000e-04,-1.891568984e+08,344.554700,345.065000,0.000129,6.921285402e-06,2.478927e+08
141,5,1.000000000e-04,-3.807990536e+08,345.065000,345.756600,0.000521,6.921285402e-06,2.470569e+08
141,6,1.000000000e-04,3.503718428e+08,345.756600,346.739300,0.000441,6.921285402e-06,2.458933e+08
141,7,1.000000000e-04,1.581581647e+08,346.739300,348.106700,0.000090,6.921285402e-06,2.442604e+08
141,8,1.000000000e-04,-1.663042573e+08,348.106700,349.972500,0.000099,6.921285402e-06,2.420133e+08
141,9,1.000000000e-04,-3.608294276e+08,349.972500,352.386500,0.000468,6.921285402e-06,2.390384e+08
141,10,1.000000000e-04,3.564847043e+08,352.386500,354.770500,0.000457,6.921285402e-06,2.357038e+08
141,11,1.000000000e-04,1.618807762e+08,354.770500,356.510300,0.000094,6.921285402e-06,2.328382e+08
141,12,1.000000000e-04,-1.630503221e+08,356.510300,357.655800,0.000096,6.921285402e-06,2.308329e+08
141,13,1.000000000e-04,-3.579866263e+08,357.655800,358.309700,0.000460,6.921285402e-06,2.295819e+08
141,14,1.000000000e-04,3.573423551e+08,358.309700,358.514500,0.000459,6.921285402e-06,2.289851e+08
141,15,1.000000000e-04,1.623911101e+08,358.514500,358.352700,0.000095,6.921285402e-06,2.289557e+08
141,16,1.000000000e-04,-1.626166629e+08,358.352700,357.739800,0.000095,6.921285402e-06,2.294941e+08
141,17,1.000000000e-04,-3.576359542e+08,357.739800,356.636300,0.000460,6.921285402e-06,2.306866e+08
141,18,1.000000000e-04,3.573199562e+08,356.636300,354.931900,0.000459,6.921285402e-06,2.326381e+08
141,19,1.000000000e-04,1.622784115e+08,354.931900,352.595000,0.000095,6.921285402e-06,2.354472e+08
141,20,1.000000000e-04,-1.627990066e+08,352.595000,350.215500,0.000095,6.921285402e-06,2.387251e+08
141,21,1.000000000e-04,-3.580070354e+08,350.215500,348.390700,0.000460,6.921285402e-06,2.416466e+08
141,22,1.000000000e-04,3.560998406e+08,348.390700,347.062300,0.000456,6.921285402e-06,2.438381e+08
141,23,1.000000000e-04,1.607907933e+08,347.062300,346.105300,0.000093,6.921285402e-06,2.454269e+08
141,24,1.000000000e-04,-1.646307564e+08,346.105300,345.433500,0.000097,6.921285402e-06,2.465589e+08
141,25,1.000000000e-04,-3.610946905e+08,345.433500,344.933700,0.000468,6.921285402e-06,2.473727e+08
141,26,1.000000000e-04,3.465749348e+08,344.933700,344.563900,0.000432,6.921285402e-06,2.479772e+08
141,27,1.000000000e-04,1.496527837e+08,344.563900,344.277100,0.000080,6.921285402e-06,2.484339e+08
141,28,1.000000000e-04,-1.777445297e+08,344.277100,344.046700,0.000114,6.921285402e-06,2.487933e+08
141,29,1.000000000e-04,-3.829427893e+08,344.046700,343.865000,0.000527,6.921285402e-06,2.490792e+08
141,30,1.000000000e-04,3.115652016e+08,343.865000,343.708000,0.000349,6.921285402e-06,2.493148e+08
141,31,1.000000000e-04,1.411644933e+08,343.708000,343.566100,0.000072,6.921285402e-06,2.495229e+08
141,32,1.000000000e-04,-1.534123827e+08,343.566100,343.443900,0.000085,6.921285402e-06,2.497064e+08
141,33,1.000000000e-04,-3.275528907e+08,343.443900,343.327000,0.000385,6.921285402e-06,2.498723e+08
141,34,1.000000000e-04,3.457504145e+08,343.327000,343.227000,0.000429,6.921285402e-06,2.500230e+08
141,35,1.000000000e-04,1.716436677e+08,343.227000,343.131000,0.000106,6.921285402e-06,2.501596e+08
141,36,1.000000000e-04,-1.215039278e+08,343.131000,343.042000,0.000053,6.921285402e-06,2.502882e+08
141,37,1.000000000e-04,-2.808692245e+08,343.042000,342.975000,0.000283,6.921285402e-06,2.503963e+08
141,38,1.000000000e-04,4.824815311e+08,342.975000,342.929000,0.000836,6.921285402e-06,2.504742e+08
141,39,1.000000000e-04,3.185570464e+08,342.929000,342.907000,0.000365,6.921285402e-06,2.505220e+08
142,0,1.000000000e-04,-3.477177289e+08,343.683000,343.720000,0.000434,6.921285402e-06,2.494329e+08
142,1,1.000000000e-04,-5.267602482e+08,343.720000,343.853700,0.000997,6.921285402e-06,2.493136e+08
142,2,1.000000000e-04,3.065205074e+08,343.853700,344.075300,0.000338,6.921285402e-06,2.490674e+08
142,3,1.000000000e-04,1.319061516e+08,344.075300,344.384900,0.000063,6.921285402e-06,2.486986e+08
142,4,1.000000000e-04,-1.891055506e+08,344.384900,344.815000,0.000128,6.921285402e-06,2.481844e+08
142,5,1.000000000e-04,-3.807458546e+08,344.815000,345.389400,0.000521,6.921285402e-06,2.474858e+08
142,6,1.000000000e-04,3.503632835e+08,345.389400,346.186500,0.000441,6.921285402e-06,2.465327e+08
142,7,1.000000000e-04,1.581508269e+08,346.186500,347.278400,0.000090,6.921285402e-06,2.452203e+08
142,8,1.000000000e-04,-1.662771233e+08,347.278400,348.758900,0.000099,6.921285402e-06,2.434325e+08
142,9,1.000000000e-04,-3.607962428e+08,348.758900,350.680500,0.000468,6.921285402e-06,2.410676e+08
142,10,1.000000000e-04,3.564656806e+08,350.680500,352.567000,0.000457,6.921285402e-06,2.384209e+08
142,11,1.000000000e-04,1.618684205e+08,352.567000,353.945600,0.000094,6.921285402e-06,2.361521e+08
142,12,1.000000000e-04,-1.630252387e+08,353.945600,354.848200,0.000095,6.921285402e-06,2.345667e+08
142,13,1.000000000e-04,-3.579514869e+08,354.848200,355.366800,0.000460,6.921285402e-06,2.335785e+08
142,14,1.000000000e-04,3.573321511e+08,355.366800,355.534500,0.000459,6.921285402e-06,2.331015e+08
142,15,1.000000000e-04,1.623920772e+08,355.534500,355.409700,0.000095,6.921285402e-06,2.330722e+08
142,16,1.000000000e-04,-1.625729891e+08,355.409700,354.931900,0.000095,6.921285402e-06,2.334910e+08
142,17,1.000000000e-04,-3.575700270e+08,354.931900,354.074600,0.000459,6.921285402e-06,2.344184e+08
142,18,1.000000000e-04,3.573625454e+08,354.074600,352.743100,0.000459,6.921285402e-06,2.359396e+08
142,19,1.000000000e-04,1.623432541e+08,352.743100,350.895000,0.000095,6.921285402e-06,2.381499e+08
142,20,1.000000000e-04,-1.626786195e+08,350.895000,349.012800,0.000095,6.921285402e-06,2.407425e+08
142,21,1.000000000e-04,-3.578241260e+08,349.012800,347.572400,0.000460,6.921285402e-06,2.430512e+08
142,22,1.000000000e-04,3.563368686e+08,347.572400,346.521500,0.000456,6.921285402e-06,2.447827e+08
142,23,1.000000000e-04,1.610633054e+08,346.521500,345.756400,0.000093,6.921285402e-06,2.460452e+08
142,24,1.000000000e-04,-1.643064173e+08,345.756400,345.199000,0.000097,6.921285402e-06,2.469644e+08
142,25,1.000000000e-04,-3.606294613e+08,345.199000,344.784800,0.000467,6.921285402e-06,2.476392e+08
142,26,1.000000000e-04,3.472912582e+08,344.784800,344.467300,0.000433,6.921285402e-06,2.481478e+08
142,27,1.000000000e-04,1.503395348e+08,344.467300,344.213700,0.000081,6.921285402e-06,2.485451e+08
142,28,1.000000000e-04,-1.771880061e+08,344.213700,344.014000,0.000113,6.921285402e-06,2.488601e+08
142,29,1.000000000e-04,-3.822426183e+08,344.014000,343.845500,0.000525,6.921285402e-06,2.491155e+08
142,30,1.000000000e-04,3.128447515e+08,343.845500,343.702000,0.000352,6.921285402e-06,2.493326e+08
142,31,1.000000000e-04,1.422029794e+08,343.702000,343.574000,0.000073,6.921285402e-06,2.495216e+08
142,32,1.000000000e-04,-1.529623026e+08,343.574000,343.449000,0.000084,6.921285402e-06,2.496974e+08
142,33,1.000000000e-04,-3.271063632e+08,343.449000,343.345100,0.000384,6.921285402e-06,2.498561e+08
142,34,1.000000000e-04,3.472299941e+08,343.345100,343.240000,0.000433,6.921285402e-06,2.500013e+08
142,35,1.000000000e-04,1.729595516e+08,343.240000,343.145000,0.000107,6.921285402e-06,2.501408e+08
142,36,1.000000000e-04,-1.208608627e+08,343.145000,343.065000,0.000052,6.921285402e-06,2.502625e+08
142,37,1.000000000e-04,-2.800269103e+08,343.065000,342.997300,0.000282,6.921285402e-06,2.503649e+08
142,38,1.000000000e-04,4.849776449e+08,342.997300,342.951100,0.000845,6.921285402e-06,2.504433e+08
142,39,1.000000000e-04,3.205699677e+08,342.951100,342.930000,0.000369,6.921285402e-06,2.504907e+08
143,0,1.000000000e-04,-2.494221419e+08,343.625000,343.666000,0.000224,6.921285402e-06,2.495110e+08
143,1,1.000000000e-04,-3.026210794e+08,343.666000,343.786500,0.000329,6.921285402e-06,2.493986e+08
143,2,1.000000000e-04,9.186975323e+07,343.786500,343.981500,0.000030,6.921285402e-06,2.491797e+08
143,3,1.000000000e-04,5.736158589e+07,343.981500,344.261000,0.000012,6.921285402e-06,2.488499e+08
143,4,1.000000000e-04,-1.261167351e+08,344.261000,344.640000,0.000057,6.921285402e-06,2.483922e+08
143,5,1.000000000e-04,-1.837924793e+08,344.640000,345.138500,0.000121,6.921285402e-06,2.477823e+08
143,6,1.000000000e-04,1.520772157e+08,345.138500,345.807000,0.000083,6.921285402e-06,2.469713e+08
143,7,1.000000000e-04,9.167477938e+07,345.807000,346.694500,0.000030,6.921285402e-06,2.458899e+08
143,8,1.000000000e-04,-1.015526119e+08,346.694500,347.857500,0.000037,6.921285402e-06,2.444648e+08
143,9,1.000000000e-04,-1.654706798e+08,347.857500,349.302500,0.000098,6.921285402e-06,2.426522e+08
143,10,1.000000000e-04,1.609490030e+08,349.302500,350.722500,0.000093,6.921285402e-06,2.406610e+08
143,11,1.000000000e-04,9.663141052e+07,350.722500,351.784500,0.000034,6.921285402e-06,2.389361e+08
143,12,1.000000000e-04,-9.803446775e+07,351.784500,352.509000,0.000035,6.921285402e-06,2.376945e+08
143,13,1.000000000e-04,-1.628529096e+08,352.509000,352.933500,0.000095,6.921285402e-06,2.368958e+08
143,14,1.000000000e-04,1.622204647e+08,352.933500,353.072500,0.000095,6.921285402e-06,2.365042e+08
143,15,1.000000000e-04,9.733932281e+07,353.072500,352.976000,0.000034,6.921285402e-06,2.364748e+08
143,16,1.000000000e-04,-9.754256638e+07,352.976000,352.595000,0.000034,6.921285402e-06,2.368066e+08
143,17,1.000000000e-04,-1.625037309e+08,352.595000,351.917000,0.000095,6.921285402e-06,2.375425e+08
143,18,1.000000000e-04,1.623610918e+08,351.917000,350.895000,0.000095,6.921285402e-06,2.387240e+08
143,19,1.000000000e-04,9.734438284e+07,350.895000,349.517500,0.000034,6.921285402e-06,2.403918e+08
143,20,1.000000000e-04,-9.767490845e+07,349.517500,348.115000,0.000034,6.921285402e-06,2.423239e+08
143,21,1.000000000e-04,-1.628528808e+08,348.115000,346.995500,0.000095,6.921285402e-06,2.440766e+08
143,22,1.000000000e-04,1.616193190e+08,346.995500,346.143000,0.000094,6.921285402e-06,2.454471e+08
143,23,1.000000000e-04,9.610830907e+07,346.143000,345.506500,0.000033,6.921285402e-06,2.464821e+08
143,24,1.000000000e-04,-9.977428345e+07,345.506500,345.035000,0.000036,6.921285402e-06,2.472521e+08
143,25,1.000000000e-04,-1.667844788e+08,345.035000,344.671000,0.000100,6.921285402e-06,2.478327e+08
143,26,1.000000000e-04,1.538610715e+08,344.671000,344.391500,0.000085,6.921285402e-06,2.482800e+08
143,27,1.000000000e-04,8.488465652e+07,344.391500,344.164000,0.000026,6.921285402e-06,2.486324e+08
143,28,1.000000000e-04,-1.167436562e+08,344.164000,343.981000,0.000049,6.921285402e-06,2.489177e+08
143,29,1.000000000e-04,-1.973103318e+08,343.981000,343.825000,0.000140,6.921285402e-06,2.491532e+08
143,30,1.000000000e-04,1.290040583e+08,343.825000,343.687000,0.000060,6.921285402e-06,2.493576e+08
143,31,1.000000000e-04,8.092341739e+07,343.687000,343.566000,0.000024,6.921285402e-06,2.495376e+08
143,32,1.000000000e-04,-9.318797228e+07,343.566000,343.450500,0.000031,6.921285402e-06,2.497020e+08
143,33,1.000000000e-04,-1.460303606e+08,343.450500,343.346500,0.000077,6.921285402e-06,2.498545e+08
143,34,1.000000000e-04,1.685724250e+08,343.346500,343.250000,0.000102,6.921285402e-06,2.499938e+08
143,35,1.000000000e-04,1.165376371e+08,343.250000,343.155000,0.000049,6.921285402e-06,2.501270e+08
143,36,1.000000000e-04,-5.300426155e+07,343.155000,343.075000,0.000010,6.921285402e-06,2.502486e+08
143,37,1.000000000e-04,-8.417045321e+07,343.075000,343.004500,0.000025,6.921285402e-06,2.503532e+08
143,38,1.000000000e-04,2.836821133e+08,343.004500,342.957500,0.000289,6.921285402e-06,2.504346e+08
143,39,1.000000000e-04,2.335991200e+08,342.957500,342.945000,0.000196,6.921285402e-06,2.504760e+08
144,0,1.000000000e-04,-3.473497592e+08,343.565000,343.591900,0.000433,6.921285402e-06,2.496039e+08
144,1,1.000000000e-04,-5.261716809e+08,343.591900,343.707300,0.000995,6.921285402e-06,2.495044e+08
144,2,1.000000000e-04,3.062179991e+08,343.707300,343.882000,0.000337,6.921285402e-06,2.493035e+08
144,3,1.000000000e-04,1.317871739e+08,343.882000,344.124200,0.000062,6.921285402e-06,2.490141e+08
144,4,1.000000000e-04,-1.889304964e+08,344.124200,344.453000,0.000128,6.921285402e-06,2.486172e+08
144,5,1.000000000e-04,-3.803845431e+08,344.453000,344.865500,0.000520,6.921285402e-06,2.481015e+08
144,6,1.000000000e-04,3.500632791e+08,344.865500,345.404500,0.000440,6.921285402e-06,2.474403e+08
144,7,1.000000000e-04,1.580236869e+08,345.404500,346.084300,0.000090,6.921285402e-06,2.465937e+08
144,8,1.000000000e-04,-1.661374241e+08,346.084300,346.930200,0.000099,6.921285402e-06,2.455333e+08
144,9,1.000000000e-04,-3.604828673e+08,346.930200,347.894500,0.000467,6.921285402e-06,2.442748e+08
144,10,1.000000000e-04,3.561696008e+08,347.894500,348.834900,0.000456,6.921285402e-06,2.429510e+08
144,11,1.000000000e-04,1.617426863e+08,348.834900,349.594000,0.000094,6.921285402e-06,2.417703e+08
144,12,1.000000000e-04,-1.628911333e+08,349.594000,350.130800,0.000095,6.921285402e-06,2.408696e+08
144,13,1.000000000e-04,-3.576461484e+08,350.130800,350.453300,0.000460,6.921285402e-06,2.402720e+08
144,14,1.000000000e-04,3.570632945e+08,350.453300,350.569000,0.000458,6.921285402e-06,2.399675e+08
144,15,1.000000000e-04,1.622873157e+08,350.569000,350.496300,0.000095,6.921285402e-06,2.399380e+08
144,16,1.000000000e-04,-1.624328683e+08,350.496300,350.215500,0.000095,6.921285402e-06,2.401837e+08
144,17,1.000000000e-04,-3.572634221e+08,350.215500,349.723700,0.000459,6.921285402e-06,2.407202e+08
144,18,1.000000000e-04,3.572411700e+08,349.723700,349.011900,0.000459,6.921285402e-06,2.415567e+08
144,19,1.000000000e-04,1.623480939e+08,349.011900,348.115000,0.000095,6.921285402e-06,2.426752e+08
144,20,1.000000000e-04,-1.625125163e+08,348.115000,347.193200,0.000095,6.921285402e-06,2.439392e+08
144,21,1.000000000e-04,-3.575318076e+08,347.193200,346.395300,0.000459,6.921285402e-06,2.451339e+08
144,22,1.000000000e-04,3.568849790e+08,346.395300,345.750800,0.000458,6.921285402e-06,2.461364e+08
144,23,1.000000000e-04,1.615248954e+08,345.750800,345.243600,0.000094,6.921285402e-06,2.469373e+08
144,24,1.000000000e-04,-1.641145467e+08,345.243600,344.858500,0.000097,6.921285402e-06,2.475574e+08
144,25,1.000000000e-04,-3.605952420e+08,344.858500,344.546200,0.000467,6.921285402e-06,2.480417e+08
144,26,1.000000000e-04,3.500528501e+08,344.546200,344.306700,0.000440,6.921285402e-06,2.484252e+08
144,27,1.000000000e-04,1.520816760e+08,344.306700,344.109600,0.000083,6.921285402e-06,2.487291e+08
144,28,1.000000000e-04,-1.773609435e+08,344.109600,343.937900,0.000113,6.921285402e-06,2.489854e+08
144,29,1.000000000e-04,-3.838010582e+08,343.937900,343.798000,0.000529,6.921285402e-06,2.492014e+08
144,30,1.000000000e-04,3.195583960e+08,343.798000,343.672000,0.000367,6.921285402e-06,2.493864e+08
144,31,1.000000000e-04,1.456746042e+08,343.672000,343.560000,0.000076,6.921285402e-06,2.495522e+08
144,32,1.000000000e-04,-1.546826433e+08,343.560000,343.449000,0.000086,6.921285402e-06,2.497071e+08
144,33,1.000000000e-04,-3.323995320e+08,343.449000,343.346000,0.000397,6.921285402e-06,2.498555e+08
144,34,1.000000000e-04,3.565524292e+08,343.346000,343.250500,0.000457,6.921285402e-06,2.499934e+08
144,35,1.000000000e-04,1.776228336e+08,343.250500,343.164100,0.000113,6.921285402e-06,2.501202e+08
144,36,1.000000000e-04,-1.235233674e+08,343.164100,343.082300,0.000055,6.921285402e-06,2.502372e+08
144,37,1.000000000e-04,-2.873327544e+08,343.082300,343.018300,0.000297,6.921285402e-06,2.503382e+08
144,38,1.000000000e-04,5.003221417e+08,343.018300,342.972100,0.000899,6.921285402e-06,2.504141e+08
144,39,1.000000000e-04,3.301443992e+08,342.972100,342.951000,0.000392,6.921285402e-06,2.504615e+08
145,0,1.000000000e-04,-3.469372136e+08,343.415000,343.440000,0.000432,6.921285402e-06,2.498138e+08
145,1,1.000000000e-04,-5.256862234e+08,343.440000,343.531900,0.000993,6.921285402e-06,2.497318e+08
145,2,1.000000000e-04,3.063041111e+08,343.531900,343.664100,0.000337,6.921285402e-06,2.495769e+08
145,3,1.000000000e-04,1.318323851e+08,343.664100,343.844300,0.000062,6.921285402e-06,2.493601e+08
145,4,1.000000000e-04,-1.887221595e+08,343.844300,344.077000,0.000128,6.921285402e-06,2.490730e+08
145,5,1.000000000e-04,-3.801634570e+08,344.077000,344.348100,0.000519,6.921285402e-06,2.487224e+08
145,6,1.000000000e-04,3.499733329e+08,344.348100,344.681600,0.000440,6.921285402e-06,2.483023e+08
145,7,1.000000000e-04,1.579539119e+08,344.681600,345.061500,0.000090,6.921285402e-06,2.478069e+08
145,8,1.000000000e-04,-1.660153381e+08,345.061500,345.478500,0.000099,6.921285402e-06,2.472531e+08
145,9,1.000000000e-04,-3.603257593e+08,345.478500,345.918000,0.000466,6.921285402e-06,2.466574e+08
145,10,1.000000000e-04,3.560459067e+08,345.918000,346.335500,0.000455,6.921285402e-06,2.460618e+08
145,11,1.000000000e-04,1.616578052e+08,346.335500,346.699500,0.000094,6.921285402e-06,2.455191e+08
145,12,1.000000000e-04,-1.627723023e+08,346.699500,346.971300,0.000095,6.921285402e-06,2.450772e+08
145,13,1.000000000e-04,-3.574783703e+08,346.971300,347.150300,0.000459,6.921285402e-06,2.447634e+08
145,14,1.000000000e-04,3.569714162e+08,347.150300,347.217000,0.000458,6.921285402e-06,2.445927e+08
145,15,1.000000000e-04,1.622519938e+08,347.217000,347.193300,0.000095,6.921285402e-06,2.445632e+08
145,16,1.000000000e-04,-1.622395882e+08,347.193300,347.062300,0.000095,6.921285402e-06,2.446707e+08
145,17,1.000000000e-04,-3.569691235e+08,347.062300,346.830600,0.000458,6.921285402e-06,2.449224e+08
145,18,1.000000000e-04,3.573668088e+08,346.830600,346.521500,0.000459,6.921285402e-06,2.452982e+08
145,19,1.000000000e-04,1.626017895e+08,346.521500,346.143000,0.000095,6.921285402e-06,2.457766e+08
145,20,1.000000000e-04,-1.619257832e+08,346.143000,345.750800,0.000094,6.921285402e-06,2.463122e+08
145,21,1.000000000e-04,-3.566042822e+08,345.750800,345.373400,0.000457,6.921285402e-06,2.468466e+08
145,22,1.000000000e-04,3.580638042e+08,345.373400,345.032700,0.000461,6.921285402e-06,2.473457e+08
145,23,1.000000000e-04,1.630445129e+08,345.032700,344.745100,0.000096,6.921285402e-06,2.477828e+08
145,24,1.000000000e-04,-1.620257281e+08,344.745100,344.503500,0.000094,6.921285402e-06,2.481506e+08
145,25,1.000000000e-04,-3.574337128e+08,344.503500,344.298300,0.000459,6.921285402e-06,2.484607e+08
145,26,1.000000000e-04,3.548268276e+08,344.298300,344.127100,0.000452,6.921285402e-06,2.487223e+08
145,27,1.000000000e-04,1.570357285e+08,344.127100,343.981900,0.000089,6.921285402e-06,2.489426e+08
145,28,1.000000000e-04,-1.726788391e+08,343.981900,343.858000,0.000107,6.921285402e-06,2.491296e+08
145,29,1.000000000e-04,-3.776866871e+08,343.858000,343.740500,0.000513,6.921285402e-06,2.492969e+08
145,30,1.000000000e-04,3.296369291e+08,343.740500,343.637300,0.000390,6.921285402e-06,2.494505e+08
145,31,1.000000000e-04,1.533840756e+08,343.637300,343.537100,0.000085,6.921285402e-06,2.495922e+08
145,32,1.000000000e-04,-1.520497422e+08,343.537100,343.442000,0.000083,6.921285402e-06,2.497279e+08
145,33,1.000000000e-04,-3.305852028e+08,343.442000,343.348700,0.000393,6.921285402e-06,2.498585e+08
145,34,1.000000000e-04,3.652546548e+08,343.348700,343.261500,0.000479,6.921285402e-06,2.499838e+08
145,35,1.000000000e-04,1.850410045e+08,343.261500,343.178000,0.000123,6.921285402e-06,2.501029e+08
145,36,1.000000000e-04,-1.209590783e+08,343.178000,343.105000,0.000053,6.921285402e-06,2.502118e+08
145,37,1.000000000e-04,-2.839495466e+08,343.105000,343.041900,0.000290,6.921285402e-06,2.503061e+08
145,38,1.000000000e-04,5.141895215e+08,343.041900,342.995300,0.000950,6.921285402e-06,2.503815e+08
145,39,1.000000000e-04,3.416861324e+08,342.995300,342.983000,0.000419,6.921285402e-06,2.504231e+08
146,0,1.000000000e-04,-2.482574169e+08,343.335000,343.359100,0.000221,6.921285402e-06,2.499258e+08
146,1,1.000000000e-04,-3.011779074e+08,343.359100,343.438000,0.000326,6.921285402e-06,2.498541e+08
146,2,1.000000000e-04,9.168353265e+07,343.438000,343.560600,0.000030,6.921285402e-06,2.497144e+08
146,3,1.000000000e-04,5.724798192e+07,343.560600,343.717000,0.000012,6.921285402e-06,2.495206e+08
146,4,1.000000000e-04,-1.255496850e+08,343.717000,343.905500,0.000057,6.921285402e-06,2.492808e+08
146,5,1.000000000e-04,-1.830265255e+08,343.905500,344.128300,0.000120,6.921285402e-06,2.489949e+08
146,6,1.000000000e-04,1.515661194e+08,344.128300,344.380100,0.000083,6.921285402e-06,2.486651e+08
146,7,1.000000000e-04,9.136353982e+07,344.380100,344.667200,0.000030,6.921285402e-06,2.482906e+08
146,8,1.000000000e-04,-1.011516010e+08,344.667200,344.970600,0.000037,6.921285402e-06,2.478802e+08
146,9,1.000000000e-04,-1.648406396e+08,344.970600,345.281500,0.000098,6.921285402e-06,2.474532e+08
146,10,1.000000000e-04,1.603819999e+08,345.281500,345.569500,0.000092,6.921285402e-06,2.470369e+08
146,11,1.000000000e-04,9.629674913e+07,345.569500,345.818100,0.000033,6.921285402e-06,2.466641e+08
146,12,1.000000000e-04,-9.764204086e+07,345.818100,346.014300,0.000034,6.921285402e-06,2.463549e+08
146,13,1.000000000e-04,-1.622087499e+08,346.014300,346.149800,0.000095,6.921285402e-06,2.461243e+08
146,14,1.000000000e-04,1.617204955e+08,346.149800,346.202500,0.000094,6.921285402e-06,2.459935e+08
146,15,1.000000000e-04,9.709663352e+07,346.202500,346.192800,0.000034,6.921285402e-06,2.459637e+08
146,16,1.000000000e-04,-9.702842276e+07,346.192800,346.105300,0.000034,6.921285402e-06,2.460313e+08
146,17,1.000000000e-04,-1.616454556e+08,346.105300,345.956800,0.000094,6.921285402e-06,2.461952e+08
146,18,1.000000000e-04,1.623156530e+08,345.956800,345.756400,0.000095,6.921285402e-06,2.464377e+08
146,19,1.000000000e-04,9.764679317e+07,345.756400,345.506500,0.000034,6.921285402e-06,2.467507e+08
146,20,1.000000000e-04,-9.650919690e+07,345.506500,345.243600,0.000033,6.921285402e-06,2.471071e+08
146,21,1.000000000e-04,-1.609083374e+08,345.243600,344.987500,0.000093,6.921285402e-06,2.474678e+08
146,22,1.000000000e-04,1.638874770e+08,344.987500,344.745100,0.000096,6.921285402e-06,2.478142e+08
146,23,1.000000000e-04,9.891913544e+07,344.745100,344.534300,0.000035,6.921285402e-06,2.481293e+08
146,24,1.000000000e-04,-9.610015585e+07,344.534300,344.344500,0.000033,6.921285402e-06,2.484077e+08
146,25,1.000000000e-04,-1.610011582e+08,344.344500,344.187900,0.000093,6.921285402e-06,2.486484e+08
146,26,1.000000000e-04,1.648413997e+08,344.187900,344.042300,0.000098,6.921285402e-06,2.488584e+08
146,27,1.000000000e-04,9.524478448e+07,344.042300,343.922700,0.000033,6.921285402e-06,2.490428e+08
146,28,1.000000000e-04,-1.090836623e+08,343.922700,343.810000,0.000043,6.921285402e-06,2.492042e+08
146,29,1.000000000e-04,-1.876134852e+08,343.810000,343.712000,0.000126,6.921285402e-06,2.493506e+08
146,30,1.000000000e-04,1.554943483e+08,343.712000,343.615900,0.000087,6.921285402e-06,2.494855e+08
146,31,1.000000000e-04,9.904986894e+07,343.615900,343.528700,0.000035,6.921285402e-06,2.496130e+08
146,32,1.000000000e-04,-9.218016872e+07,343.528700,343.444700,0.000031,6.921285402e-06,2.497320e+08
146,33,1.000000000e-04,-1.501081704e+08,343.444700,343.355900,0.000081,6.921285402e-06,2.498520e+08
146,34,1.000000000e-04,1.941488269e+08,343.355900,343.274000,0.000135,6.921285402e-06,2.499706e+08
146,35,1.000000000e-04,1.349438062e+08,343.274000,343.194900,0.000065,6.921285402e-06,2.500825e+08
146,36,1.000000000e-04,-5.354848384e+07,343.194900,343.123700,0.000010,6.921285402e-06,2.501871e+08
146,37,1.000000000e-04,-8.706929116e+07,343.123700,343.060000,0.000027,6.921285402e-06,2.502808e+08
146,38,1.000000000e-04,3.242266916e+08,343.060000,343.020100,0.000378,6.921285402e-06,2.503524e+08
146,39,1.000000000e-04,2.658986731e+08,343.020100,343.008000,0.000254,6.921285402e-06,2.503887e+08
147,0,1.000000000e-04,-3.449145467e+08,343.255000,343.279000,0.000427,6.921285402e-06,2.500369e+08
147,1,1.000000000e-04,-5.224515217e+08,343.279000,343.350000,0.000981,6.921285402e-06,2.499702e+08
147,2,1.000000000e-04,3.043599449e+08,343.350000,343.452500,0.000333,6.921285402e-06,2.498504e+08
147,3,1.000000000e-04,1.310256949e+08,343.452500,343.590500,0.000062,6.921285402e-06,2.496835e+08
147,4,1.000000000e-04,-1.876980371e+08,343.590500,343.747500,0.000127,6.921285402e-06,2.494784e+08
147,5,1.000000000e-04,-3.779590792e+08,343.747500,343.932500,0.000513,6.921285402e-06,2.492403e+08
147,6,1.000000000e-04,3.479541305e+08,343.932500,344.136000,0.000435,6.921285402e-06,2.489704e+08
147,7,1.000000000e-04,1.570857289e+08,344.136000,344.357000,0.000089,6.921285402e-06,2.486758e+08
147,8,1.000000000e-04,-1.651139661e+08,344.357000,344.581000,0.000098,6.921285402e-06,2.483665e+08
147,9,1.000000000e-04,-3.582671980e+08,344.581000,344.805000,0.000461,6.921285402e-06,2.480547e+08
147,10,1.000000000e-04,3.540259835e+08,344.805000,345.016500,0.000450,6.921285402e-06,2.477520e+08
147,11,1.000000000e-04,1.607892322e+08,345.016500,345.197000,0.000093,6.921285402e-06,2.474800e+08
147,12,1.000000000e-04,-1.618838604e+08,345.197000,345.342500,0.000094,6.921285402e-06,2.472534e+08
147,13,1.000000000e-04,-3.554350839e+08,345.342500,345.444500,0.000454,6.921285402e-06,2.470810e+08
147,14,1.000000000e-04,3.550226821e+08,345.444500,345.487500,0.000453,6.921285402e-06,2.469802e+08
147,15,1.000000000e-04,1.614424675e+08,345.487500,345.487500,0.000094,6.921285402e-06,2.469508e+08
147,16,1.000000000e-04,-1.613252807e+08,345.487500,345.433500,0.000094,6.921285402e-06,2.469883e+08
147,17,1.000000000e-04,-3.548999292e+08,345.433500,345.336000,0.000453,6.921285402e-06,2.470932e+08
147,18,1.000000000e-04,3.558944657e+08,345.336000,345.199000,0.000455,6.921285402e-06,2.472561e+08
147,19,1.000000000e-04,1.621789271e+08,345.199000,345.035000,0.000094,6.921285402e-06,2.474658e+08
147,20,1.000000000e-04,-1.608494602e+08,345.035000,344.858500,0.000093,6.921285402e-06,2.477024e+08
147,21,1.000000000e-04,-3.544073475e+08,344.858500,344.678000,0.000451,6.921285402e-06,2.479501e+08
147,22,1.000000000e-04,3.594753056e+08,344.678000,344.503500,0.000464,6.921285402e-06,2.481968e+08
147,23,1.000000000e-04,1.648447077e+08,344.503500,344.344500,0.000098,6.921285402e-06,2.484290e+08
147,24,1.000000000e-04,-1.602928725e+08,344.344500,344.202500,0.000092,6.921285402e-06,2.486382e+08
147,25,1.000000000e-04,-3.553121638e+08,344.202500,344.077500,0.000454,6.921285402e-06,2.488234e+08
147,26,1.000000000e-04,3.702951450e+08,344.077500,343.964500,0.000493,6.921285402e-06,2.489887e+08
147,27,1.000000000e-04,1.681856720e+08,343.964500,343.863500,0.000102,6.921285402e-06,2.491379e+08
147,28,1.000000000e-04,-1.712871093e+08,343.863500,343.775500,0.000105,6.921285402e-06,2.492693e+08
147,29,1.000000000e-04,-3.837198867e+08,343.775500,343.690000,0.000529,6.921285402e-06,2.493893e+08
147,30,1.000000000e-04,3.809040803e+08,343.690000,343.610500,0.000521,6.921285402e-06,2.495040e+08
147,31,1.000000000e-04,1.795012206e+08,343.610500,343.535000,0.000116,6.921285402e-06,2.496122e+08
147,32,1.000000000e-04,-1.656126312e+08,343.535000,343.455000,0.000099,6.921285402e-06,2.497203e+08
147,33,1.000000000e-04,-3.718161370e+08,343.455000,343.375000,0.000497,6.921285402e-06,2.498311e+08
147,34,1.000000000e-04,4.265050172e+08,343.375000,343.302500,0.000654,6.921285402e-06,2.499369e+08
147,35,1.000000000e-04,2.141338771e+08,343.302500,343.225500,0.000165,6.921285402e-06,2.500413e+08
147,36,1.000000000e-04,-1.411093721e+08,343.225500,343.153500,0.000072,6.921285402e-06,2.501450e+08
147,37,1.000000000e-04,-3.350058258e+08,343.153500,343.096000,0.000403,6.921285402e-06,2.502346e+08
147,38,1.000000000e-04,6.038878631e+08,343.096000,343.052500,0.001310,6.921285402e-06,2.503037e+08
147,39,1.000000000e-04,3.976818685e+08,343.052500,343.040000,0.000568,6.921285402e-06,2.503435e+08
148,0,1.000000000e-04,-3.428088680e+08,343.105000,343.118000,0.000422,6.921285402e-06,2.502530e+08
148,1,1.000000000e-04,-5.201092084e+08,343.118000,343.175100,0.000972,6.921285402e-06,2.502036e+08
148,2,1.000000000e-04,3.042826314e+08,343.175100,343.261800,0.000333,6.921285402e-06,2.501045e+08
148,3,1.000000000e-04,1.308728706e+08,343.261800,343.364000,0.000062,6.921285402e-06,2.499735e+08
148,4,1.000000000e-04,-1.866652846e+08,343.364000,343.482500,0.000125,6.921285402e-06,2.498200e+08
148,5,1.000000000e-04,-3.767677143e+08,343.482500,343.612300,0.000510,6.921285402e-06,2.496470e+08
148,6,1.000000000e-04,3.471161347e+08,343.612300,343.747200,0.000433,6.921285402e-06,2.494631e+08
148,7,1.000000000e-04,1.564701585e+08,343.747200,343.883900,0.000088,6.921285402e-06,2.492748e+08
148,8,1.000000000e-04,-1.643762525e+08,343.883900,344.023700,0.000097,6.921285402e-06,2.490826e+08
148,9,1.000000000e-04,-3.572649061e+08,344.023700,344.158000,0.000459,6.921285402e-06,2.488917e+08
148,10,1.000000000e-04,3.530900482e+08,344.158000,344.280300,0.000448,6.921285402e-06,2.487133e+08
148,11,1.000000000e-04,1.601306430e+08,344.280300,344.381100,0.000092,6.921285402e-06,2.485587e+08
148,12,1.000000000e-04,-1.611539841e+08,344.381100,344.468000,0.000093,6.921285402e-06,2.484283e+08
148,13,1.000000000e-04,-3.544043568e+08,344.468000,344.532700,0.000451,6.921285402e-06,2.483225e+08
148,14,1.000000000e-04,3.541657975e+08,344.532700,344.566000,0.000451,6.921285402e-06,2.482544e+08
148,15,1.000000000e-04,1.609132622e+08,344.566000,344.575700,0.000093,6.921285402e-06,2.482249e+08
148,16,1.000000000e-04,-1.603880616e+08,344.575700,344.563900,0.000092,6.921285402e-06,2.482264e+08
148,17,1.000000000e-04,-3.535044930e+08,344.563900,344.520100,0.000449,6.921285402e-06,2.482646e+08
148,18,1.000000000e-04,3.556805820e+08,344.520100,344.467300,0.000455,6.921285402e-06,2.483317e+08
148,19,1.000000000e-04,1.625937229e+08,344.467300,344.391500,0.000095,6.921285402e-06,2.484215e+08
148,20,1.000000000e-04,-1.584684447e+08,344.391500,344.306700,0.000090,6.921285402e-06,2.485331e+08
148,21,1.000000000e-04,-3.505358533e+08,344.306700,344.219800,0.000441,6.921285402e-06,2.486521e+08
148,22,1.000000000e-04,3.635393180e+08,344.219800,344.127100,0.000475,6.921285402e-06,2.487768e+08
148,23,1.000000000e-04,1.712918345e+08,344.127100,344.042300,0.000105,6.921285402e-06,2.489006e+08
148,24,1.000000000e-04,-1.491501329e+08,344.042300,343.964500,0.000080,6.921285402e-06,2.490137e+08
148,25,1.000000000e-04,-3.370792425e+08,343.964500,343.891000,0.000408,6.921285402e-06,2.491184e+08
148,26,1.000000000e-04,3.978579791e+08,343.891000,343.829800,0.000569,6.921285402e-06,2.492119e+08
148,27,1.000000000e-04,2.028386878e+08,343.829800,343.769100,0.000148,6.921285402e-06,2.492971e+08
148,28,1.000000000e-04,-1.279000197e+08,343.769100,343.719000,0.000059,6.921285402e-06,2.493742e+08
148,29,1.000000000e-04,-3.217958388e+08,343.719000,343.675000,0.000372,6.921285402e-06,2.494392e+08
148,30,1.000000000e-04,4.696836721e+08,343.675000,343.631000,0.000793,6.921285402e-06,2.494999e+08
148,31,1.000000000e-04,2.407678367e+08,343.631000,343.580900,0.000208,6.921285402e-06,2.495660e+08
148,32,1.000000000e-04,-1.518239273e+08,343.580900,343.526000,0.000083,6.921285402e-06,2.496391e+08
148,33,1.000000000e-04,-3.717030574e+08,343.526000,343.468300,0.000496,6.921285402e-06,2.497169e+08
148,34,1.000000000e-04,4.732877740e+08,343.468300,343.405000,0.000805,6.921285402e-06,2.498006e+08
148,35,1.000000000e-04,2.511139044e+08,343.405000,343.341000,0.000227,6.921285402e-06,2.498898e+08
148,36,1.000000000e-04,-1.394224042e+08,343.341000,343.277000,0.000070,6.921285402e-06,2.499789e+08
148,37,1.000000000e-04,-3.326801259e+08,343.277000,343.223000,0.000398,6.921285402e-06,2.500605e+08
148,38,1.000000000e-04,6.716228516e+08,343.223000,343.184000,0.001621,6.921285402e-06,2.501237e+08
148,39,1.000000000e-04,4.574331640e+08,343.184000,343.172000,0.000752,6.921285402e-06,2.501602e+08
149,0,1.000000000e-04,-2.421770155e+08,343.025000,343.040700,0.000211,6.921285402e-06,2.503626e+08
149,1,1.000000000e-04,-2.938370194e+08,343.040700,343.093000,0.000310,6.921285402e-06,2.503152e+08
149,2,1.000000000e-04,8.918478984e+07,343.093000,343.172100,0.000029,6.921285402e-06,2.502242e+08
149,3,1.000000000e-04,5.568124535e+07,343.172100,343.266000,0.000011,6.921285402e-06,2.501040e+08
149,4,1.000000000e-04,-1.224572154e+08,343.266000,343.365500,0.000054,6.921285402e-06,2.499695e+08
149,5,1.000000000e-04,-1.784558228e+08,343.365500,343.476400,0.000114,6.921285402e-06,2.498232e+08
149,6,1.000000000e-04,1.476383420e+08,343.476400,343.592000,0.000078,6.921285402e-06,2.496659e+08
149,7,1.000000000e-04,8.900154031e+07,343.592000,343.711000,0.000028,6.921285402e-06,2.495029e+08
149,8,1.000000000e-04,-9.858746816e+07,343.711000,343.820300,0.000035,6.921285402e-06,2.493442e+08
149,9,1.000000000e-04,-1.606332503e+08,343.820300,343.927500,0.000093,6.921285402e-06,2.491937e+08
149,10,1.000000000e-04,1.562945562e+08,343.927500,344.026700,0.000088,6.921285402e-06,2.490502e+08
149,11,1.000000000e-04,9.386845120e+07,344.026700,344.113000,0.000032,6.921285402e-06,2.489214e+08
149,12,1.000000000e-04,-9.509467364e+07,344.113000,344.186100,0.000032,6.921285402e-06,2.488106e+08
149,13,1.000000000e-04,-1.579588330e+08,344.186100,344.239000,0.000090,6.921285402e-06,2.487229e+08
149,14,1.000000000e-04,1.577914354e+08,344.239000,344.267000,0.000089,6.921285402e-06,2.486667e+08
149,15,1.000000000e-04,9.489947770e+07,344.267000,344.282000,0.000032,6.921285402e-06,2.486369e+08
149,16,1.000000000e-04,-9.414577713e+07,344.282000,344.277100,0.000032,6.921285402e-06,2.486299e+08
149,17,1.000000000e-04,-1.567870463e+08,344.277100,344.252000,0.000088,6.921285402e-06,2.486507e+08
149,18,1.000000000e-04,1.596498863e+08,344.252000,344.213700,0.000092,6.921285402e-06,2.486947e+08
149,19,1.000000000e-04,9.713884461e+07,344.213700,344.164000,0.000034,6.921285402e-06,2.487560e+08
149,20,1.000000000e-04,-9.127142523e+07,344.164000,344.109600,0.000030,6.921285402e-06,2.488283e+08
149,21,1.000000000e-04,-1.518673883e+08,344.109600,344.044100,0.000083,6.921285402e-06,2.489116e+08
149,22,1.000000000e-04,1.698249055e+08,344.044100,343.981900,0.000104,6.921285402e-06,2.490003e+08
149,23,1.000000000e-04,1.095008905e+08,343.981900,343.922700,0.000043,6.921285402e-06,2.490848e+08
149,24,1.000000000e-04,-7.620924531e+07,343.922700,343.863500,0.000021,6.921285402e-06,2.491671e+08
149,25,1.000000000e-04,-1.267750466e+08,343.863500,343.812300,0.000058,6.921285402e-06,2.492437e+08
149,26,1.000000000e-04,2.222067990e+08,343.812300,343.769100,0.000177,6.921285402e-06,2.493092e+08
149,27,1.000000000e-04,1.629069238e+08,343.769100,343.738900,0.000095,6.921285402e-06,2.493603e+08
149,28,1.000000000e-04,-3.211236748e+07,343.738900,343.711700,0.000004,6.921285402e-06,2.494003e+08
149,29,1.000000000e-04,-7.208397468e+07,343.711700,343.692500,0.000019,6.921285402e-06,2.494326e+08
149,30,1.000000000e-04,3.874220512e+08,343.692500,343.670300,0.000539,6.921285402e-06,2.494607e+08
149,31,1.000000000e-04,2.415480379e+08,343.670300,343.643100,0.000210,6.921285402e-06,2.494954e+08
149,32,1.000000000e-04,-9.840504894e+07,343.643100,343.609900,0.000035,6.921285402e-06,2.495376e+08
149,33,1.000000000e-04,-2.102273125e+08,343.609900,343.557700,0.000159,6.921285402e-06,2.495968e+08
149,34,1.000000000e-04,3.441867472e+08,343.557700,343.505500,0.000426,6.921285402e-06,2.496691e+08
149,35,1.000000000e-04,2.343941910e+08,343.505500,343.444000,0.000197,6.921285402e-06,2.497484e+08
149,36,1.000000000e-04,-8.610633983e+07,343.444000,343.389000,0.000027,6.921285402e-06,2.498295e+08
149,37,1.000000000e-04,-1.471884479e+08,343.389000,343.338900,0.000078,6.921285402e-06,2.499025e+08
149,38,1.000000000e-04,5.330896501e+08,343.338900,343.302000,0.001021,6.921285402e-06,2.499619e+08
149,39,1.000000000e-04,4.371688666e+08,343.302000,343.287000,0.000687,6.921285402e-06,2.499983e+08
150,0,1.000000000e-04,-1.950192913e+08,342.690000,342.702000,0.000137,6.921285402e-06,2.508309e+08
150,1,1.000000000e-04,-2.337305450e+08,342.702000,342.748000,0.000196,6.921285402e-06,2.507905e+08
150,2,1.000000000e-04,4.017427639e+07,342.748000,342.815000,0.000006,6.921285402e-06,2.507122e+08
150,3,1.000000000e-04,2.422500281e+07,342.815000,342.895000,0.000002,6.921285402e-06,2.506100e+08
150,4,1.000000000e-04,-1.036502042e+08,342.895000,342.990000,0.000039,6.921285402e-06,2.504884e+08
150,5,1.000000000e-04,-1.370770130e+08,342.990000,343.086000,0.000068,6.921285402e-06,2.503556e+08
150,6,1.000000000e-04,9.844678008e+07,343.086000,343.182000,0.000035,6.921285402e-06,2.502222e+08
150,7,1.000000000e-04,6.163585790e+07,343.182000,343.288000,0.000014,6.921285402e-06,2.500818e+08
150,8,1.000000000e-04,-7.620601531e+07,343.288000,343.384000,0.000021,6.921285402e-06,2.499414e+08
150,9,1.000000000e-04,-1.167150712e+08,343.384000,343.480000,0.000049,6.921285402e-06,2.498080e+08
150,10,1.000000000e-04,1.099380329e+08,343.480000,343.565000,0.000043,6.921285402e-06,2.496822e+08
150,11,1.000000000e-04,6.869436124e+07,343.565000,343.638000,0.000017,6.921285402e-06,2.495724e+08
150,12,1.000000000e-04,-7.124385849e+07,343.638000,343.689000,0.000018,6.921285402e-06,2.494862e+08
150,13,1.000000000e-04,-1.131516277e+08,343.689000,343.737000,0.000046,6.921285402e-06,2.494174e+08
150,14,1.000000000e-04,1.119069246e+08,343.737000,343.755000,0.000045,6.921285402e-06,2.493715e+08
150,15,1.000000000e-04,6.985229969e+07,343.755000,343.769000,0.000018,6.921285402e-06,2.493493e+08
150,16,1.000000000e-04,-7.049700458e+07,343.769000,343.753000,0.000018,6.921285402e-06,2.493507e+08
150,17,1.000000000e-04,-1.127219061e+08,343.753000,343.724000,0.000046,6.921285402e-06,2.493819e+08
150,18,1.000000000e-04,1.119280367e+08,343.724000,343.683000,0.000045,6.921285402e-06,2.494306e+08
150,19,1.000000000e-04,6.960718297e+07,343.683000,343.625000,0.000017,6.921285402e-06,2.494994e+08
150,20,1.000000000e-04,-7.100925774e+07,343.625000,343.565000,0.000018,6.921285402e-06,2.495814e+08
150,21,1.000000000e-04,-1.136980811e+08,343.565000,343.492000,0.000046,6.921285402e-06,2.496738e+08
150,22,1.000000000e-04,1.100685505e+08,343.492000,343.415000,0.000044,6.921285402e-06,2.497781e+08
150,23,1.000000000e-04,6.696718152e+07,343.415000,343.335000,0.000016,6.921285402e-06,2.498872e+08
150,24,1.000000000e-04,-7.481398416e+07,343.335000,343.255000,0.000020,6.921285402e-06,2.499984e+08
150,25,1.000000000e-04,-1.199380201e+08,343.255000,343.176000,0.000052,6.921285402e-06,2.501089e+08
150,26,1.000000000e-04,9.897264542e+07,343.176000,343.105000,0.000035,6.921285402e-06,2.502132e+08
150,27,1.000000000e-04,5.174293082e+07,343.105000,343.025000,0.000010,6.921285402e-06,2.503181e+08
150,28,1.000000000e-04,-9.611863632e+07,343.025000,342.954000,0.000033,6.921285402e-06,2.504231e+08
150,29,1.000000000e-04,-1.540950445e+08,342.954000,342.875000,0.000085,6.921285402e-06,2.505272e+08
150,30,1.000000000e-04,7.514946444e+07,342.875000,342.805000,0.000020,6.921285402e-06,2.506309e+08
150,31,1.000000000e-04,5.010723203e+07,342.805000,342.732000,0.000009,6.921285402e-06,2.507303e+08
150,32,1.000000000e-04,-6.961356715e+07,342.732000,342.658000,0.000017,6.921285402e-06,2.508324e+08
150,33,1.000000000e-04,-9.932390237e+07,342.658000,342.594000,0.000035,6.921285402e-06,2.509283e+08
150,34,1.000000000e-04,1.191121711e+08,342.594000,342.520000,0.000051,6.921285402e-06,2.510242e+08
150,35,1.000000000e-04,9.090051430e+07,342.520000,342.457000,0.000030,6.921285402e-06,2.511194e+08
150,36,1.000000000e-04,-2.429451332e+07,342.457000,342.402000,0.000002,6.921285402e-06,2.512015e+08
150,37,1.000000000e-04,-3.806649638e+07,342.402000,342.354000,0.000005,6.921285402e-06,2.512731e+08
150,38,1.000000000e-04,2.117805304e+08,342.354000,342.322000,0.000161,6.921285402e-06,2.513285e+08
150,39,1.000000000e-04,1.770336126e+08,342.322000,342.310000,0.000113,6.921285402e-06,2.513591e+08
151,0,1.000000000e-04,-3.513273289e+08,342.702000,342.715900,0.000443,6.921285402e-06,2.508125e+08
151,1,1.000000000e-04,-5.463466202e+08,342.715900,342.763700,0.001072,6.921285402e-06,2.507689e+08
151,2,1.000000000e-04,3.300283714e+08,342.763700,342.828000,0.000391,6.921285402e-06,2.506918e+08
151,3,1.000000000e-04,1.361509362e+08,342.828000,342.908900,0.000067,6.921285402e-06,2.505913e+08
151,4,1.000000000e-04,-1.980986024e+08,342.908900,343.004000,0.000141,6.921285402e-06,2.504689e+08
151,5,1.000000000e-04,-4.060276149e+08,343.004000,343.110000,0.000592,6.921285402e-06,2.503286e+08
151,6,1.000000000e-04,3.707814953e+08,343.110000,343.213000,0.000494,6.921285402e-06,2.501834e+08
151,7,1.000000000e-04,1.626668089e+08,343.213000,343.316000,0.000095,6.921285402e-06,2.500407e+08
151,8,1.000000000e-04,-1.735388327e+08,343.316000,343.419900,0.000108,6.921285402e-06,2.498969e+08
151,9,1.000000000e-04,-3.838772311e+08,343.419900,343.516000,0.000529,6.921285402e-06,2.497574e+08
151,10,1.000000000e-04,3.778348086e+08,343.516000,343.602000,0.000513,6.921285402e-06,2.496309e+08
151,11,1.000000000e-04,1.673889093e+08,343.602000,343.682000,0.000101,6.921285402e-06,2.495160e+08
151,12,1.000000000e-04,-1.692743090e+08,343.682000,343.737000,0.000103,6.921285402e-06,2.494222e+08
151,13,1.000000000e-04,-3.801179492e+08,343.737000,343.785000,0.000519,6.921285402e-06,2.493501e+08
151,14,1.000000000e-04,3.790201019e+08,343.785000,343.803000,0.000516,6.921285402e-06,2.493042e+08
151,15,1.000000000e-04,1.681469790e+08,343.803000,343.808000,0.000102,6.921285402e-06,2.492887e+08
151,16,1.000000000e-04,-1.686214073e+08,343.808000,343.800300,0.000102,6.921285402e-06,2.492906e+08
151,17,1.000000000e-04,-3.795967505e+08,343.800300,343.768000,0.000518,6.921285402e-06,2.493179e+08
151,18,1.000000000e-04,3.788988332e+08,343.768000,343.720000,0.000516,6.921285402e-06,2.493737e+08
151,19,1.000000000e-04,1.679027700e+08,343.720000,343.666000,0.000101,6.921285402e-06,2.494451e+08
151,20,1.000000000e-04,-1.689368751e+08,343.666000,343.591900,0.000103,6.921285402e-06,2.495341e+08
151,21,1.000000000e-04,-3.801535361e+08,343.591900,343.520000,0.000519,6.921285402e-06,2.496351e+08
151,22,1.000000000e-04,3.769365510e+08,343.520000,343.440000,0.000510,6.921285402e-06,2.497407e+08
151,23,1.000000000e-04,1.656469782e+08,343.440000,343.359100,0.000099,6.921285402e-06,2.498530e+08
151,24,1.000000000e-04,-1.714711139e+08,343.359100,343.279000,0.000106,6.921285402e-06,2.499649e+08
151,25,1.000000000e-04,-3.839727215e+08,343.279000,343.198000,0.000530,6.921285402e-06,2.500764e+08
151,26,1.000000000e-04,3.651130255e+08,343.198000,343.118000,0.000479,6.921285402e-06,2.501883e+08
151,27,1.000000000e-04,1.523747834e+08,343.118000,343.040700,0.000083,6.921285402e-06,2.502981e+08
151,28,1.000000000e-04,-1.860037953e+08,343.040700,342.967900,0.000124,6.921285402e-06,2.504024e+08
151,29,1.000000000e-04,-4.058579087e+08,342.967900,342.892500,0.000592,6.921285402e-06,2.505048e+08
151,30,1.000000000e-04,3.294362058e+08,342.892500,342.818000,0.000390,6.921285402e-06,2.506092e+08
151,31,1.000000000e-04,1.447857988e+08,342.818000,342.747000,0.000075,6.921285402e-06,2.507107e+08
151,32,1.000000000e-04,-1.596240311e+08,342.747000,342.677000,0.000092,6.921285402e-06,2.508087e+08
151,33,1.000000000e-04,-3.474703111e+08,342.677000,342.606000,0.000434,6.921285402e-06,2.509063e+08
151,34,1.000000000e-04,3.657599013e+08,342.606000,342.532000,0.000481,6.921285402e-06,2.510070e+08
151,35,1.000000000e-04,1.778838851e+08,342.532000,342.468900,0.000114,6.921285402e-06,2.511027e+08
151,36,1.000000000e-04,-1.257175579e+08,342.468900,342.413700,0.000057,6.921285402e-06,2.511850e+08
151,37,1.000000000e-04,-3.016855063e+08,342.413700,342.365700,0.000327,6.921285402e-06,2.512564e+08
151,38,1.000000000e-04,4.963744751e+08,342.365700,342.333000,0.000885,6.921285402e-06,2.513118e+08
151,39,1.000000000e-04,3.193203074e+08,342.333000,342.321000,0.000366,6.921285402e-06,2.513435e+08
152,0,1.000000000e-04,-3.740893090e+08,342.815000,342.828000,0.000503,6.921285402e-06,2.506560e+08
152,1,1.000000000e-04,-5.702504564e+08,342.828000,342.883000,0.001168,6.921285402e-06,2.506080e+08
152,2,1.000000000e-04,3.413968810e+08,342.883000,342.960900,0.000419,6.921285402e-06,2.505165e+08
152,3,1.000000000e-04,1.463775897e+08,342.960900,343.054700,0.000077,6.921285402e-06,2.503976e+08
152,4,1.000000000e-04,-2.061041376e+08,343.054700,343.167500,0.000153,6.921285402e-06,2.502539e+08
152,5,1.000000000e-04,-4.186759644e+08,343.167500,343.295000,0.000630,6.921285402e-06,2.500863e+08
152,6,1.000000000e-04,3.859718983e+08,343.295000,343.425100,0.000535,6.921285402e-06,2.499074e+08
152,7,1.000000000e-04,1.731869378e+08,343.425100,343.563000,0.000108,6.921285402e-06,2.497216e+08
152,8,1.000000000e-04,-1.821156260e+08,343.563000,343.700700,0.000119,6.921285402e-06,2.495301e+08
152,9,1.000000000e-04,-3.971913044e+08,343.700700,343.830000,0.000567,6.921285402e-06,2.493440e+08
152,10,1.000000000e-04,3.920709263e+08,343.830000,343.948300,0.000552,6.921285402e-06,2.491719e+08
152,11,1.000000000e-04,1.770490103e+08,343.948300,344.051100,0.000113,6.921285402e-06,2.490188e+08
152,12,1.000000000e-04,-1.784578557e+08,344.051100,344.132000,0.000114,6.921285402e-06,2.488911e+08
152,13,1.000000000e-04,-3.938290644e+08,344.132000,344.189700,0.000557,6.921285402e-06,2.487943e+08
152,14,1.000000000e-04,3.929498013e+08,344.189700,344.218000,0.000555,6.921285402e-06,2.487345e+08
152,15,1.000000000e-04,1.775951072e+08,344.218000,344.221700,0.000113,6.921285402e-06,2.487128e+08
152,16,1.000000000e-04,-1.779284043e+08,344.221700,344.196000,0.000114,6.921285402e-06,2.487281e+08
152,17,1.000000000e-04,-3.933643152e+08,344.196000,344.144100,0.000556,6.921285402e-06,2.487815e+08
152,18,1.000000000e-04,3.928154114e+08,344.144100,344.075300,0.000554,6.921285402e-06,2.488654e+08
152,19,1.000000000e-04,1.773911846e+08,344.075300,343.981500,0.000113,6.921285402e-06,2.489789e+08
152,20,1.000000000e-04,-1.781392307e+08,343.981500,343.882000,0.000114,6.921285402e-06,2.491132e+08
152,21,1.000000000e-04,-3.937469881e+08,343.882000,343.774900,0.000557,6.921285402e-06,2.492563e+08
152,22,1.000000000e-04,3.911015725e+08,343.774900,343.664100,0.000550,6.921285402e-06,2.494077e+08
152,23,1.000000000e-04,1.755347159e+08,343.664100,343.560600,0.000111,6.921285402e-06,2.495572e+08
152,24,1.000000000e-04,-1.800683160e+08,343.560600,343.452500,0.000116,6.921285402e-06,2.497043e+08
152,25,1.000000000e-04,-3.967726486e+08,343.452500,343.355000,0.000566,6.921285402e-06,2.498466e+08
152,26,1.000000000e-04,3.801779525e+08,343.355000,343.261800,0.000519,6.921285402e-06,2.499792e+08
152,27,1.000000000e-04,1.635491308e+08,343.261800,343.172100,0.000096,6.921285402e-06,2.501068e+08
152,28,1.000000000e-04,-1.929859073e+08,343.172100,343.081000,0.000134,6.921285402e-06,2.502324e+08
152,29,1.000000000e-04,-4.175367243e+08,343.081000,343.000000,0.000626,6.921285402e-06,2.503515e+08
152,30,1.000000000e-04,3.436756740e+08,343.000000,342.920000,0.000424,6.921285402e-06,2.504636e+08
152,31,1.000000000e-04,1.546399312e+08,342.920000,342.844900,0.000086,6.921285402e-06,2.505718e+08
152,32,1.000000000e-04,-1.676987250e+08,342.844900,342.767000,0.000101,6.921285402e-06,2.506781e+08
152,33,1.000000000e-04,-3.602852364e+08,342.767000,342.687000,0.000466,6.921285402e-06,2.507874e+08
152,34,1.000000000e-04,3.780629522e+08,342.687000,342.619000,0.000514,6.921285402e-06,2.508902e+08
152,35,1.000000000e-04,1.857470833e+08,342.619000,342.548000,0.000124,6.921285402e-06,2.509873e+08
152,36,1.000000000e-04,-1.346390675e+08,342.548000,342.488900,0.000065,6.921285402e-06,2.510778e+08
152,37,1.000000000e-04,-3.117940650e+08,342.488900,342.440000,0.000349,6.921285402e-06,2.511525e+08
152,38,1.000000000e-04,5.182564196e+08,342.440000,342.401000,0.000965,6.921285402e-06,2.512128e+08
152,39,1.000000000e-04,3.400896921e+08,342.401000,342.389000,0.000416,6.921285402e-06,2.512490e+08
153,0,1.000000000e-04,-2.621633756e+08,342.895000,342.917000,0.000247,6.921285402e-06,2.505389e+08
153,1,1.000000000e-04,-3.179524196e+08,342.917000,342.972000,0.000363,6.921285402e-06,2.504852e+08
153,2,1.000000000e-04,9.932549753e+07,342.972000,343.054700,0.000035,6.921285402e-06,2.503899e+08
153,3,1.000000000e-04,6.176864221e+07,343.054700,343.166000,0.000014,6.921285402e-06,2.502551e+08
153,4,1.000000000e-04,-1.332506491e+08,343.166000,343.296500,0.000064,6.921285402e-06,2.500870e+08
153,5,1.000000000e-04,-1.948552786e+08,343.296500,343.440800,0.000136,6.921285402e-06,2.498959e+08
153,6,1.000000000e-04,1.613366126e+08,343.440800,343.598300,0.000094,6.921285402e-06,2.496862e+08
153,7,1.000000000e-04,9.710276353e+07,343.598300,343.769400,0.000034,6.921285402e-06,2.494579e+08
153,8,1.000000000e-04,-1.077192441e+08,343.769400,343.934100,0.000042,6.921285402e-06,2.492245e+08
153,9,1.000000000e-04,-1.756306886e+08,343.934100,344.101500,0.000111,6.921285402e-06,2.489936e+08
153,10,1.000000000e-04,1.705364759e+08,344.101500,344.257900,0.000104,6.921285402e-06,2.487686e+08
153,11,1.000000000e-04,1.022821942e+08,344.257900,344.386300,0.000038,6.921285402e-06,2.485707e+08
153,12,1.000000000e-04,-1.039270312e+08,344.386300,344.490700,0.000039,6.921285402e-06,2.484089e+08
153,13,1.000000000e-04,-1.727422411e+08,344.490700,344.561000,0.000107,6.921285402e-06,2.482874e+08
153,14,1.000000000e-04,1.718887089e+08,344.561000,344.599000,0.000106,6.921285402e-06,2.482122e+08
153,15,1.000000000e-04,1.030221102e+08,344.599000,344.593000,0.000038,6.921285402e-06,2.481900e+08
153,16,1.000000000e-04,-1.034055562e+08,344.593000,344.554700,0.000038,6.921285402e-06,2.482208e+08
153,17,1.000000000e-04,-1.724017460e+08,344.554700,344.479300,0.000107,6.921285402e-06,2.482997e+08
153,18,1.000000000e-04,1.718734993e+08,344.479300,344.384900,0.000106,6.921285402e-06,2.484178e+08
153,19,1.000000000e-04,1.028466189e+08,344.384900,344.261000,0.000038,6.921285402e-06,2.485696e+08
153,20,1.000000000e-04,-1.037136427e+08,344.261000,344.124200,0.000039,6.921285402e-06,2.487507e+08
153,21,1.000000000e-04,-1.730345550e+08,344.124200,343.983400,0.000108,6.921285402e-06,2.489436e+08
153,22,1.000000000e-04,1.704343506e+08,343.983400,343.844300,0.000104,6.921285402e-06,2.491381e+08
153,23,1.000000000e-04,1.009503127e+08,343.844300,343.717000,0.000037,6.921285402e-06,2.493234e+08
153,24,1.000000000e-04,-1.062906030e+08,343.717000,343.590500,0.000041,6.921285402e-06,2.494997e+08
153,25,1.000000000e-04,-1.776054535e+08,343.590500,343.475100,0.000113,6.921285402e-06,2.496678e+08
153,26,1.000000000e-04,1.608579330e+08,343.475100,343.364000,0.000093,6.921285402e-06,2.498252e+08
153,27,1.000000000e-04,8.835750554e+07,343.364000,343.266000,0.000028,6.921285402e-06,2.499706e+08
153,28,1.000000000e-04,-1.235426163e+08,343.266000,343.170000,0.000055,6.921285402e-06,2.501054e+08
153,29,1.000000000e-04,-2.080676631e+08,343.170000,343.080000,0.000156,6.921285402e-06,2.502346e+08
153,30,1.000000000e-04,1.339320204e+08,343.080000,342.991000,0.000064,6.921285402e-06,2.503591e+08
153,31,1.000000000e-04,8.335898731e+07,342.991000,342.911000,0.000025,6.921285402e-06,2.504766e+08
153,32,1.000000000e-04,-9.895154992e+07,342.911000,342.831000,0.000035,6.921285402e-06,2.505878e+08
153,33,1.000000000e-04,-1.548119606e+08,342.831000,342.751000,0.000086,6.921285402e-06,2.506989e+08
153,34,1.000000000e-04,1.732761018e+08,342.751000,342.676000,0.000108,6.921285402e-06,2.508066e+08
153,35,1.000000000e-04,1.189717657e+08,342.676000,342.603000,0.000051,6.921285402e-06,2.509095e+08
153,36,1.000000000e-04,-5.773519120e+07,342.603000,342.539000,0.000012,6.921285402e-06,2.510048e+08
153,37,1.000000000e-04,-9.146116606e+07,342.539000,342.488000,0.000030,6.921285402e-06,2.510847e+08
153,38,1.000000000e-04,2.886474825e+08,342.488000,342.449000,0.000299,6.921285402e-06,2.511469e+08
153,39,1.000000000e-04,2.382292068e+08,342.449000,342.437000,0.000204,6.921285402e-06,2.511825e+08
154,0,1.000000000e-04,-3.566117738e+08,342.990000,343.004000,0.000457,6.921285402e-06,2.504121e+08
154,1,1.000000000e-04,-5.387213438e+08,343.004000,343.071500,0.001043,6.921285402e-06,2.503548e+08
154,2,1.000000000e-04,3.120888865e+08,343.071500,343.167500,0.000350,6.921285402e-06,2.502420e+08
154,3,1.000000000e-04,1.346221307e+08,343.167500,343.296500,0.000065,6.921285402e-06,2.500859e+08
154,4,1.000000000e-04,-1.938118223e+08,343.296500,343.452500,0.000135,6.921285402e-06,2.498878e+08
154,5,1.000000000e-04,-3.888311136e+08,343.452500,343.626500,0.000543,6.921285402e-06,2.496579e+08
154,6,1.000000000e-04,3.571270673e+08,343.626500,343.821000,0.000458,6.921285402e-06,2.494019e+08
154,7,1.000000000e-04,1.616067478e+08,343.821000,344.039000,0.000094,6.921285402e-06,2.491157e+08
154,8,1.000000000e-04,-1.702334253e+08,344.039000,344.260500,0.000104,6.921285402e-06,2.488102e+08
154,9,1.000000000e-04,-3.681486818e+08,344.260500,344.480000,0.000487,6.921285402e-06,2.485033e+08
154,10,1.000000000e-04,3.634234716e+08,344.480000,344.686500,0.000475,6.921285402e-06,2.482072e+08
154,11,1.000000000e-04,1.654703218e+08,344.686500,344.863500,0.000098,6.921285402e-06,2.479411e+08
154,12,1.000000000e-04,-1.667902222e+08,344.863500,345.001000,0.000100,6.921285402e-06,2.477226e+08
154,13,1.000000000e-04,-3.651015776e+08,345.001000,345.095000,0.000479,6.921285402e-06,2.475612e+08
154,14,1.000000000e-04,3.643251654e+08,345.095000,345.130000,0.000477,6.921285402e-06,2.474716e+08
154,15,1.000000000e-04,1.660101808e+08,345.130000,345.127000,0.000099,6.921285402e-06,2.474498e+08
154,16,1.000000000e-04,-1.663141847e+08,345.127000,345.065000,0.000099,6.921285402e-06,2.474949e+08
154,17,1.000000000e-04,-3.647106120e+08,345.065000,344.961000,0.000478,6.921285402e-06,2.476099e+08
154,18,1.000000000e-04,3.642337131e+08,344.961000,344.815000,0.000477,6.921285402e-06,2.477836e+08
154,19,1.000000000e-04,1.658354345e+08,344.815000,344.640000,0.000099,6.921285402e-06,2.480072e+08
154,20,1.000000000e-04,-1.665274039e+08,344.640000,344.453000,0.000100,6.921285402e-06,2.482587e+08
154,21,1.000000000e-04,-3.651119398e+08,344.453000,344.261000,0.000479,6.921285402e-06,2.485217e+08
154,22,1.000000000e-04,3.627200723e+08,344.261000,344.077000,0.000473,6.921285402e-06,2.487830e+08
154,23,1.000000000e-04,1.641227871e+08,344.077000,343.905500,0.000097,6.921285402e-06,2.490305e+08
154,24,1.000000000e-04,-1.684389550e+08,343.905500,343.747500,0.000102,6.921285402e-06,2.492595e+08
154,25,1.000000000e-04,-3.682164955e+08,343.747500,343.607000,0.000487,6.921285402e-06,2.494665e+08
154,26,1.000000000e-04,3.525017275e+08,343.607000,343.482500,0.000446,6.921285402e-06,2.496508e+08
154,27,1.000000000e-04,1.525655747e+08,343.482500,343.365500,0.000084,6.921285402e-06,2.498190e+08
154,28,1.000000000e-04,-1.814744005e+08,343.365500,343.261500,0.000118,6.921285402e-06,2.499726e+08
154,29,1.000000000e-04,-3.896652791e+08,343.261500,343.162500,0.000546,6.921285402e-06,2.501132e+08
154,30,1.000000000e-04,3.167610832e+08,343.162500,343.069500,0.000360,6.921285402e-06,2.502468e+08
154,31,1.000000000e-04,1.438155477e+08,343.069500,342.981500,0.000074,6.921285402e-06,2.503730e+08
154,32,1.000000000e-04,-1.566545014e+08,342.981500,342.895000,0.000088,6.921285402e-06,2.504942e+08
154,33,1.000000000e-04,-3.332871580e+08,342.895000,342.815000,0.000399,6.921285402e-06,2.506096e+08
154,34,1.000000000e-04,3.508816501e+08,342.815000,342.735000,0.000442,6.921285402e-06,2.507207e+08
154,35,1.000000000e-04,1.745990687e+08,342.735000,342.660500,0.000110,6.921285402e-06,2.508285e+08
154,36,1.000000000e-04,-1.238122969e+08,342.660500,342.595500,0.000055,6.921285402e-06,2.509255e+08
154,37,1.000000000e-04,-2.849628906e+08,342.595500,342.541000,0.000292,6.921285402e-06,2.510083e+08
154,38,1.000000000e-04,4.895654698e+08,342.541000,342.502000,0.000861,6.921285402e-06,2.510726e+08
154,39,1.000000000e-04,3.241796525e+08,342.502000,342.485000,0.000378,6.921285402e-06,2.511121e+08
155,0,1.000000000e-04,-3.532276604e+08,343.182000,343.213000,0.000448,6.921285402e-06,2.501334e+08
155,1,1.000000000e-04,-5.351515566e+08,343.213000,343.295900,0.001029,6.921285402e-06,2.500536e+08
155,2,1.000000000e-04,3.110611528e+08,343.295900,343.425100,0.000348,6.921285402e-06,2.499070e+08
155,3,1.000000000e-04,1.338075308e+08,343.425100,343.598300,0.000064,6.921285402e-06,2.496972e+08
155,4,1.000000000e-04,-1.919972027e+08,343.598300,343.821000,0.000132,6.921285402e-06,2.494219e+08
155,5,1.000000000e-04,-3.865154659e+08,343.821000,344.091100,0.000537,6.921285402e-06,2.490789e+08
155,6,1.000000000e-04,3.554113879e+08,344.091100,344.415600,0.000454,6.921285402e-06,2.486658e+08
155,7,1.000000000e-04,1.603920966e+08,344.415600,344.787600,0.000092,6.921285402e-06,2.481822e+08
155,8,1.000000000e-04,-1.687331690e+08,344.787600,345.202500,0.000102,6.921285402e-06,2.476353e+08
155,9,1.000000000e-04,-3.660925396e+08,345.202500,345.637000,0.000482,6.921285402e-06,2.470445e+08
155,10,1.000000000e-04,3.615694869e+08,345.637000,346.048500,0.000470,6.921285402e-06,2.464565e+08
155,11,1.000000000e-04,1.641598836e+08,346.048500,346.405600,0.000097,6.921285402e-06,2.459228e+08
155,12,1.000000000e-04,-1.653870159e+08,346.405600,346.673200,0.000098,6.921285402e-06,2.454886e+08
155,13,1.000000000e-04,-3.631353881e+08,346.673200,346.844600,0.000474,6.921285402e-06,2.451831e+08
155,14,1.000000000e-04,3.624197804e+08,346.844600,346.909000,0.000472,6.921285402e-06,2.450192e+08
155,15,1.000000000e-04,1.646677508e+08,346.909000,346.877300,0.000097,6.921285402e-06,2.449969e+08
155,16,1.000000000e-04,-1.649362228e+08,346.877300,346.739300,0.000098,6.921285402e-06,2.451148e+08
155,17,1.000000000e-04,-3.627611273e+08,346.739300,346.504600,0.000473,6.921285402e-06,2.453734e+08
155,18,1.000000000e-04,3.623288680e+08,346.504600,346.186500,0.000472,6.921285402e-06,2.457576e+08
155,19,1.000000000e-04,1.645027420e+08,346.186500,345.807000,0.000097,6.921285402e-06,2.462429e+08
155,20,1.000000000e-04,-1.651334043e+08,345.807000,345.404500,0.000098,6.921285402e-06,2.467864e+08
155,21,1.000000000e-04,-3.631323946e+08,345.404500,345.019500,0.000474,6.921285402e-06,2.473333e+08
155,22,1.000000000e-04,3.608716669e+08,345.019500,344.681600,0.000468,6.921285402e-06,2.478357e+08
155,23,1.000000000e-04,1.628525053e+08,344.681600,344.380100,0.000095,6.921285402e-06,2.482805e+08
155,24,1.000000000e-04,-1.669834977e+08,344.380100,344.136000,0.000100,6.921285402e-06,2.486597e+08
155,25,1.000000000e-04,-3.661536788e+08,344.136000,343.925300,0.000482,6.921285402e-06,2.489753e+08
155,26,1.000000000e-04,3.507922799e+08,343.925300,343.747200,0.000442,6.921285402e-06,2.492456e+08
155,27,1.000000000e-04,1.513996736e+08,343.747200,343.592000,0.000082,6.921285402e-06,2.494777e+08
155,28,1.000000000e-04,-1.800021073e+08,343.592000,343.459700,0.000116,6.921285402e-06,2.496774e+08
155,29,1.000000000e-04,-3.876343029e+08,343.459700,343.340000,0.000540,6.921285402e-06,2.498521e+08
155,30,1.000000000e-04,3.150750940e+08,343.340000,343.229000,0.000357,6.921285402e-06,2.500126e+08
155,31,1.000000000e-04,1.426037393e+08,343.229000,343.128100,0.000073,6.921285402e-06,2.501602e+08
155,32,1.000000000e-04,-1.553576802e+08,343.128100,343.032100,0.000087,6.921285402e-06,2.502971e+08
155,33,1.000000000e-04,-3.315293410e+08,343.032100,342.943700,0.000395,6.921285402e-06,2.504248e+08
155,34,1.000000000e-04,3.488988403e+08,342.943700,342.856000,0.000437,6.921285402e-06,2.505472e+08
155,35,1.000000000e-04,1.730331426e+08,342.856000,342.776700,0.000108,6.921285402e-06,2.506636e+08
155,36,1.000000000e-04,-1.229999883e+08,342.776700,342.705100,0.000054,6.921285402e-06,2.507686e+08
155,37,1.000000000e-04,-2.839689611e+08,342.705100,342.646900,0.000290,6.921285402e-06,2.508585e+08
155,38,1.000000000e-04,4.863548190e+08,342.646900,342.603000,0.000850,6.921285402e-06,2.509288e+08
155,39,1.000000000e-04,3.211184473e+08,342.603000,342.591000,0.000370,6.921285402e-06,2.509682e+08
156,0,1.000000000e-04,-2.521967094e+08,343.288000,343.316000,0.000229,6.921285402e-06,2.499884e+08
156,1,1.000000000e-04,-3.060296504e+08,343.316000,343.412100,0.000336,6.921285402e-06,2.499021e+08
156,2,1.000000000e-04,9.245937541e+07,343.412100,343.563000,0.000031,6.921285402e-06,2.497308e+08
156,3,1.000000000e-04,5.772335655e+07,343.563000,343.769400,0.000012,6.921285402e-06,2.494825e+08
156,4,1.000000000e-04,-1.274932184e+08,343.769400,344.039000,0.000058,6.921285402e-06,2.491516e+08
156,5,1.000000000e-04,-1.856916278e+08,344.039000,344.368900,0.000124,6.921285402e-06,2.487349e+08
156,6,1.000000000e-04,1.533728987e+08,344.368900,344.787600,0.000085,6.921285402e-06,2.482146e+08
156,7,1.000000000e-04,9.245958175e+07,344.787600,345.294300,0.000031,6.921285402e-06,2.475715e+08
156,8,1.000000000e-04,-1.025597095e+08,345.294300,345.879300,0.000038,6.921285402e-06,2.468128e+08
156,9,1.000000000e-04,-1.670523917e+08,345.879300,346.521500,0.000100,6.921285402e-06,2.459598e+08
156,10,1.000000000e-04,1.623748332e+08,346.521500,347.137700,0.000095,6.921285402e-06,2.450852e+08
156,11,1.000000000e-04,9.749121981e+07,347.137700,347.653700,0.000034,6.921285402e-06,2.442984e+08
156,12,1.000000000e-04,-9.896995755e+07,347.653700,348.033600,0.000035,6.921285402e-06,2.436758e+08
156,13,1.000000000e-04,-1.643753043e+08,348.033600,348.274400,0.000097,6.921285402e-06,2.432443e+08
156,14,1.000000000e-04,1.636434096e+08,348.274400,348.355000,0.000096,6.921285402e-06,2.430210e+08
156,15,1.000000000e-04,9.817981314e+07,348.355000,348.307100,0.000035,6.921285402e-06,2.429983e+08
156,16,1.000000000e-04,-9.850076328e+07,348.307100,348.106700,0.000035,6.921285402e-06,2.431709e+08
156,17,1.000000000e-04,-1.640769239e+08,348.106700,347.759700,0.000097,6.921285402e-06,2.435512e+08
156,18,1.000000000e-04,1.636373269e+08,347.759700,347.278400,0.000096,6.921285402e-06,2.441269e+08
156,19,1.000000000e-04,9.802669448e+07,347.278400,346.694500,0.000035,6.921285402e-06,2.448673e+08
156,20,1.000000000e-04,-9.878449680e+07,346.694500,346.084300,0.000035,6.921285402e-06,2.456972e+08
156,21,1.000000000e-04,-1.646619685e+08,346.084300,345.529200,0.000097,6.921285402e-06,2.465070e+08
156,22,1.000000000e-04,1.623314658e+08,345.529200,345.061500,0.000095,6.921285402e-06,2.472179e+08
156,23,1.000000000e-04,9.626213316e+07,345.061500,344.667200,0.000033,6.921285402e-06,2.478170e+08
156,24,1.000000000e-04,-1.012613086e+08,344.667200,344.357000,0.000037,6.921285402e-06,2.483066e+08
156,25,1.000000000e-04,-1.691001962e+08,344.357000,344.098700,0.000103,6.921285402e-06,2.487017e+08
156,26,1.000000000e-04,1.531232269e+08,344.098700,343.883900,0.000084,6.921285402e-06,2.490305e+08
156,27,1.000000000e-04,8.393105537e+07,343.883900,343.711000,0.000025,6.921285402e-06,2.493000e+08
156,28,1.000000000e-04,-1.185185188e+08,343.711000,343.557300,0.000050,6.921285402e-06,2.495270e+08
156,29,1.000000000e-04,-1.997300623e+08,343.557300,343.425000,0.000143,6.921285402e-06,2.497256e+08
156,30,1.000000000e-04,1.263688957e+08,343.425000,343.308000,0.000057,6.921285402e-06,2.498990e+08
156,31,1.000000000e-04,7.890092211e+07,343.308000,343.200900,0.000022,6.921285402e-06,2.500548e+08
156,32,1.000000000e-04,-9.431027415e+07,343.200900,343.103100,0.000032,6.921285402e-06,2.501972e+08
156,33,1.000000000e-04,-1.470947037e+08,343.103100,343.005000,0.000078,6.921285402e-06,2.503333e+08
156,34,1.000000000e-04,1.651529718e+08,343.005000,342.915500,0.000098,6.921285402e-06,2.504636e+08
156,35,1.000000000e-04,1.138785624e+08,342.915500,342.834000,0.000047,6.921285402e-06,2.505825e+08
156,36,1.000000000e-04,-5.391395999e+07,342.834000,342.761000,0.000010,6.921285402e-06,2.506900e+08
156,37,1.000000000e-04,-8.508710580e+07,342.761000,342.700000,0.000026,6.921285402e-06,2.507831e+08
156,38,1.000000000e-04,2.778721550e+08,342.700000,342.652000,0.000277,6.921285402e-06,2.508585e+08
156,39,1.000000000e-04,2.291950368e+08,342.652000,342.639000,0.000189,6.921285402e-06,2.509010e+08
157,0,1.000000000e-04,-3.495295267e+08,343.384000,343.419900,0.000439,6.921285402e-06,2.498493e+08
157,1,1.000000000e-04,-5.292297109e+08,343.419900,343.529000,0.001006,6.921285402e-06,2.497478e+08
157,2,1.000000000e-04,3.070826426e+08,343.529000,343.700700,0.000339,6.921285402e-06,2.495535e+08
157,3,1.000000000e-04,1.321197384e+08,343.700700,343.934100,0.000063,6.921285402e-06,2.492722e+08
157,4,1.000000000e-04,-1.900073997e+08,343.934100,344.260500,0.000130,6.921285402e-06,2.488831e+08
157,5,1.000000000e-04,-3.821307258e+08,344.260500,344.671600,0.000525,6.921285402e-06,2.483701e+08
157,6,1.000000000e-04,3.513122531e+08,344.671600,345.202500,0.000443,6.921285402e-06,2.477155e+08
157,7,1.000000000e-04,1.586330412e+08,345.202500,345.879300,0.000090,6.921285402e-06,2.468765e+08
157,8,1.000000000e-04,-1.669128593e+08,345.879300,346.709200,0.000100,6.921285402e-06,2.458294e+08
157,9,1.000000000e-04,-3.619321506e+08,346.709200,347.677500,0.000471,6.921285402e-06,2.445792e+08
157,10,1.000000000e-04,3.574910176e+08,347.677500,348.611900,0.000459,6.921285402e-06,2.432568e+08
157,11,1.000000000e-04,1.624001200e+08,348.611900,349.364700,0.000095,6.921285402e-06,2.420846e+08
157,12,1.000000000e-04,-1.636087297e+08,349.364700,349.898800,0.000096,6.921285402e-06,2.411903e+08
157,13,1.000000000e-04,-3.590392813e+08,349.898800,350.221300,0.000463,6.921285402e-06,2.405945e+08
157,14,1.000000000e-04,3.583493490e+08,350.221300,350.331000,0.000461,6.921285402e-06,2.402941e+08
157,15,1.000000000e-04,1.629088555e+08,350.331000,350.254200,0.000095,6.921285402e-06,2.402717e+08
157,16,1.000000000e-04,-1.631697196e+08,350.254200,349.972500,0.000096,6.921285402e-06,2.405208e+08
157,17,1.000000000e-04,-3.586831319e+08,349.972500,349.470700,0.000462,6.921285402e-06,2.410649e+08
157,18,1.000000000e-04,3.582706689e+08,349.470700,348.758900,0.000461,6.921285402e-06,2.419084e+08
157,19,1.000000000e-04,1.627512058e+08,348.758900,347.857500,0.000095,6.921285402e-06,2.430300e+08
157,20,1.000000000e-04,-1.633693089e+08,347.857500,346.930200,0.000096,6.921285402e-06,2.443009e+08
157,21,1.000000000e-04,-3.590624483e+08,346.930200,346.125300,0.000463,6.921285402e-06,2.455044e+08
157,22,1.000000000e-04,3.568540316e+08,346.125300,345.478500,0.000458,6.921285402e-06,2.465133e+08
157,23,1.000000000e-04,1.611258702e+08,345.478500,344.970600,0.000093,6.921285402e-06,2.473163e+08
157,24,1.000000000e-04,-1.652236737e+08,344.970600,344.581000,0.000098,6.921285402e-06,2.479400e+08
157,25,1.000000000e-04,-3.621090244e+08,344.581000,344.272200,0.000471,6.921285402e-06,2.484250e+08
157,26,1.000000000e-04,3.468697687e+08,344.272200,344.023700,0.000432,6.921285402e-06,2.488123e+08
157,27,1.000000000e-04,1.497198397e+08,344.023700,343.820300,0.000081,6.921285402e-06,2.491268e+08
157,28,1.000000000e-04,-1.782729607e+08,343.820300,343.654000,0.000114,6.921285402e-06,2.493837e+08
157,29,1.000000000e-04,-3.836782704e+08,343.654000,343.509500,0.000529,6.921285402e-06,2.495992e+08
157,30,1.000000000e-04,3.112296290e+08,343.509500,343.379000,0.000348,6.921285402e-06,2.497906e+08
157,31,1.000000000e-04,1.409413275e+08,343.379000,343.267000,0.000071,6.921285402e-06,2.499594e+08
157,32,1.000000000e-04,-1.536896347e+08,343.267000,343.158700,0.000085,6.921285402e-06,2.501125e+08
157,33,1.000000000e-04,-3.276921716e+08,343.158700,343.062000,0.000386,6.921285402e-06,2.502547e+08
157,34,1.000000000e-04,3.449291882e+08,343.062000,342.967000,0.000427,6.921285402e-06,2.503878e+08
157,35,1.000000000e-04,1.712420950e+08,342.967000,342.882000,0.000105,6.921285402e-06,2.505133e+08
157,36,1.000000000e-04,-1.214473083e+08,342.882000,342.809000,0.000053,6.921285402e-06,2.506232e+08
157,37,1.000000000e-04,-2.803376571e+08,342.809000,342.745300,0.000282,6.921285402e-06,2.507179e+08
157,38,1.000000000e-04,4.810258701e+08,342.745300,342.699100,0.000831,6.921285402e-06,2.507936e+08
157,39,1.000000000e-04,3.177895448e+08,342.699100,342.687000,0.000363,6.921285402e-06,2.508347e+08
158,0,1.000000000e-04,-3.487949109e+08,343.565000,343.602000,0.000437,6.921285402e-06,2.495969e+08
158,1,1.000000000e-04,-5.283875942e+08,343.602000,343.735700,0.001003,6.921285402e-06,2.494776e+08
158,2,1.000000000e-04,3.071625703e+08,343.735700,343.948300,0.000339,6.921285402e-06,2.492377e+08
158,3,1.000000000e-04,1.321459038e+08,343.948300,344.257900,0.000063,6.921285402e-06,2.488751e+08
158,4,1.000000000e-04,-1.896383971e+08,344.257900,344.686500,0.000129,6.921285402e-06,2.483620e+08
158,5,1.000000000e-04,-3.817238299e+08,344.686500,345.260400,0.000524,6.921285402e-06,2.476648e+08
158,6,1.000000000e-04,3.511075146e+08,345.260400,346.051200,0.000443,6.921285402e-06,2.467164e+08
158,7,1.000000000e-04,1.584785353e+08,346.051200,347.137700,0.000090,6.921285402e-06,2.454121e+08
158,8,1.000000000e-04,-1.666764339e+08,347.137700,348.611900,0.000100,6.921285402e-06,2.436324e+08
158,9,1.000000000e-04,-3.616241189e+08,348.611900,350.533000,0.000470,6.921285402e-06,2.412722e+08
158,10,1.000000000e-04,3.572315937e+08,350.533000,352.419000,0.000458,6.921285402e-06,2.386263e+08
158,11,1.000000000e-04,1.622123024e+08,352.419000,353.791300,0.000095,6.921285402e-06,2.363622e+08
158,12,1.000000000e-04,-1.633990032e+08,353.791300,354.690200,0.000096,6.921285402e-06,2.347837e+08
158,13,1.000000000e-04,-3.587528705e+08,354.690200,355.208800,0.000462,6.921285402e-06,2.337981e+08
158,14,1.000000000e-04,3.580785405e+08,355.208800,355.372000,0.000461,6.921285402e-06,2.333243e+08
158,15,1.000000000e-04,1.627144879e+08,355.372000,355.242700,0.000095,6.921285402e-06,2.333012e+08
158,16,1.000000000e-04,-1.629650612e+08,355.242700,354.770500,0.000095,6.921285402e-06,2.337192e+08
158,17,1.000000000e-04,-3.583997157e+08,354.770500,353.906600,0.000461,6.921285402e-06,2.346474e+08
158,18,1.000000000e-04,3.580014138e+08,353.906600,352.567000,0.000460,6.921285402e-06,2.361788e+08
158,19,1.000000000e-04,1.625600913e+08,352.567000,350.722500,0.000095,6.921285402e-06,2.383922e+08
158,20,1.000000000e-04,-1.631608988e+08,350.722500,348.834900,0.000096,6.921285402e-06,2.409860e+08
158,21,1.000000000e-04,-3.587725669e+08,348.834900,347.394700,0.000462,6.921285402e-06,2.432984e+08
158,22,1.000000000e-04,3.565975642e+08,347.394700,346.335500,0.000457,6.921285402e-06,2.450355e+08
158,23,1.000000000e-04,1.609470832e+08,346.335500,345.569500,0.000093,6.921285402e-06,2.463044e+08
158,24,1.000000000e-04,-1.650062486e+08,345.569500,345.016500,0.000098,6.921285402e-06,2.472211e+08
158,25,1.000000000e-04,-3.618080799e+08,345.016500,344.597800,0.000470,6.921285402e-06,2.478960e+08
158,26,1.000000000e-04,3.466351808e+08,344.597800,344.280300,0.000432,6.921285402e-06,2.484077e+08
158,27,1.000000000e-04,1.495560035e+08,344.280300,344.026700,0.000080,6.921285402e-06,2.488050e+08
158,28,1.000000000e-04,-1.780564741e+08,344.026700,343.827000,0.000114,6.921285402e-06,2.491200e+08
158,29,1.000000000e-04,-3.833853606e+08,343.827000,343.659000,0.000528,6.921285402e-06,2.493751e+08
158,30,1.000000000e-04,3.109973401e+08,343.659000,343.515000,0.000347,6.921285402e-06,2.495922e+08
158,31,1.000000000e-04,1.407671055e+08,343.515000,343.387000,0.000071,6.921285402e-06,2.497815e+08
158,32,1.000000000e-04,-1.535109059e+08,343.387000,343.272000,0.000085,6.921285402e-06,2.499504e+08
158,33,1.000000000e-04,-3.274627383e+08,343.272000,343.160000,0.000385,6.921285402e-06,2.501078e+08
158,34,1.000000000e-04,3.446161693e+08,343.160000,343.063000,0.000427,6.921285402e-06,2.502530e+08
158,35,1.000000000e-04,1.709555093e+08,343.063000,342.976100,0.000105,6.921285402e-06,2.503812e+08
158,36,1.000000000e-04,-1.214373888e+08,342.976100,342.894300,0.000053,6.921285402e-06,2.504985e+08
158,37,1.000000000e-04,-2.803709623e+08,342.894300,342.823700,0.000282,6.921285402e-06,2.506042e+08
158,38,1.000000000e-04,4.803372474e+08,342.823700,342.784000,0.000829,6.921285402e-06,2.506802e+08
158,39,1.000000000e-04,3.171801066e+08,342.784000,342.762000,0.000361,6.921285402e-06,2.507236e+08
159,0,1.000000000e-04,-2.501003629e+08,343.638000,343.682000,0.000225,6.921285402e-06,2.494908e+08
159,1,1.000000000e-04,-3.034757271e+08,343.682000,343.822000,0.000331,6.921285402e-06,2.493628e+08
159,2,1.000000000e-04,9.191080427e+07,343.822000,344.051100,0.000030,6.921285402e-06,2.491067e+08
159,3,1.000000000e-04,5.737908770e+07,344.051100,344.386300,0.000012,6.921285402e-06,2.487145e+08
159,4,1.000000000e-04,-1.264502695e+08,344.386300,344.863500,0.000057,6.921285402e-06,2.481498e+08
159,5,1.000000000e-04,-1.842283081e+08,344.863500,345.499800,0.000122,6.921285402e-06,2.473759e+08
159,6,1.000000000e-04,1.523015546e+08,345.499800,346.405600,0.000083,6.921285402e-06,2.463041e+08
159,7,1.000000000e-04,9.180987157e+07,346.405600,347.653700,0.000030,6.921285402e-06,2.448073e+08
159,8,1.000000000e-04,-1.017675337e+08,347.653700,349.364700,0.000037,6.921285402e-06,2.427507e+08
159,9,1.000000000e-04,-1.657972665e+08,349.364700,351.596000,0.000099,6.921285402e-06,2.400107e+08
159,10,1.000000000e-04,1.612169236e+08,351.596000,353.791300,0.000093,6.921285402e-06,2.369342e+08
159,11,1.000000000e-04,9.678964663e+07,353.791300,355.387400,0.000034,6.921285402e-06,2.342993e+08
159,12,1.000000000e-04,-9.822964466e+07,355.387400,356.431400,0.000035,6.921285402e-06,2.324644e+08
159,13,1.000000000e-04,-1.631685793e+08,356.431400,357.023600,0.000096,6.921285402e-06,2.313272e+08
159,14,1.000000000e-04,1.624681322e+08,357.023600,357.215000,0.000095,6.921285402e-06,2.307826e+08
159,15,1.000000000e-04,9.746849307e+07,357.215000,357.065600,0.000034,6.921285402e-06,2.307534e+08
159,16,1.000000000e-04,-9.777117828e+07,357.065600,356.510300,0.000034,6.921285402e-06,2.312432e+08
159,17,1.000000000e-04,-1.628786625e+08,356.510300,355.501300,0.000095,6.921285402e-06,2.323303e+08
159,18,1.000000000e-04,1.624680048e+08,355.501300,353.945600,0.000095,6.921285402e-06,2.341128e+08
159,19,1.000000000e-04,9.732308137e+07,353.945600,351.784500,0.000034,6.921285402e-06,2.366960e+08
159,20,1.000000000e-04,-9.804962295e+07,351.784500,349.594000,0.000035,6.921285402e-06,2.397204e+08
159,21,1.000000000e-04,-1.634543859e+08,349.594000,347.915600,0.000096,6.921285402e-06,2.424092e+08
159,22,1.000000000e-04,1.611945021e+08,347.915600,346.699500,0.000093,6.921285402e-06,2.444209e+08
159,23,1.000000000e-04,9.558602706e+07,346.699500,345.818100,0.000033,6.921285402e-06,2.458787e+08
159,24,1.000000000e-04,-1.005137655e+08,345.818100,345.197000,0.000036,6.921285402e-06,2.469230e+08
159,25,1.000000000e-04,-1.678792556e+08,345.197000,344.732300,0.000101,6.921285402e-06,2.476775e+08
159,26,1.000000000e-04,1.520477673e+08,344.732300,344.381100,0.000083,6.921285402e-06,2.482446e+08
159,27,1.000000000e-04,8.329381172e+07,344.381100,344.113000,0.000025,6.921285402e-06,2.486751e+08
159,28,1.000000000e-04,-1.177816460e+08,344.113000,343.900700,0.000050,6.921285402e-06,2.490089e+08
159,29,1.000000000e-04,-1.985426206e+08,343.900700,343.719500,0.000142,6.921285402e-06,2.492823e+08
159,30,1.000000000e-04,1.253210525e+08,343.719500,343.569300,0.000056,6.921285402e-06,2.495127e+08
159,31,1.000000000e-04,7.825759378e+07,343.569300,343.435000,0.000022,6.921285402e-06,2.497105e+08
159,32,1.000000000e-04,-9.365057000e+07,343.435000,343.313000,0.000032,6.921285402e-06,2.498886e+08
159,33,1.000000000e-04,-1.460426802e+08,343.313000,343.207300,0.000077,6.921285402e-06,2.500468e+08
159,34,1.000000000e-04,1.639580483e+08,343.207300,343.104000,0.000097,6.921285402e-06,2.501920e+08
159,35,1.000000000e-04,1.130353188e+08,343.104000,343.009000,0.000046,6.921285402e-06,2.503299e+08
159,36,1.000000000e-04,-5.355439134e+07,343.009000,342.929000,0.000010,6.921285402e-06,2.504516e+08
159,37,1.000000000e-04,-8.454162315e+07,342.929000,342.862000,0.000026,6.921285402e-06,2.505537e+08
159,38,1.000000000e-04,2.757604075e+08,342.862000,342.816000,0.000273,6.921285402e-06,2.506320e+08
159,39,1.000000000e-04,2.274459069e+08,342.816000,342.801000,0.000186,6.921285402e-06,2.506745e+08
160,0,1.000000000e-04,-3.481308134e+08,343.689000,343.737000,0.000435,6.921285402e-06,2.494169e+08
160,1,1.000000000e-04,-5.273257558e+08,343.737000,343.888100,0.000999,6.921285402e-06,2.492779e+08
160,2,1.000000000e-04,3.065772862e+08,343.888100,344.132000,0.000338,6.921285402e-06,2.490041e+08
160,3,1.000000000e-04,1.319099123e+08,344.132000,344.490700,0.000063,6.921285402e-06,2.485856e+08
160,4,1.000000000e-04,-1.893134605e+08,344.490700,345.001000,0.000129,6.921285402e-06,2.479816e+08
160,5,1.000000000e-04,-3.810406877e+08,345.001000,345.692600,0.000522,6.921285402e-06,2.471458e+08
160,6,1.000000000e-04,3.505171404e+08,345.692600,346.673200,0.000441,6.921285402e-06,2.459837e+08
160,7,1.000000000e-04,1.582269300e+08,346.673200,348.033600,0.000090,6.921285402e-06,2.443572e+08
160,8,1.000000000e-04,-1.664063058e+08,348.033600,349.898800,0.000099,6.921285402e-06,2.421154e+08
160,9,1.000000000e-04,-3.610143369e+08,349.898800,352.312500,0.000468,6.921285402e-06,2.391411e+08
160,10,1.000000000e-04,3.566437205e+08,352.312500,354.690200,0.000457,6.921285402e-06,2.358111e+08
160,11,1.000000000e-04,1.619590052e+08,354.690200,356.431400,0.000094,6.921285402e-06,2.329489e+08
160,12,1.000000000e-04,-1.631406428e+08,356.431400,357.581800,0.000096,6.921285402e-06,2.309392e+08
160,13,1.000000000e-04,-3.581599341e+08,357.581800,358.229400,0.000461,6.921285402e-06,2.296892e+08
160,14,1.000000000e-04,3.574940746e+08,358.229400,358.437000,0.000459,6.921285402e-06,2.290948e+08
160,15,1.000000000e-04,1.624625304e+08,358.437000,358.268700,0.000095,6.921285402e-06,2.290679e+08
160,16,1.000000000e-04,-1.627094825e+08,358.268700,357.655800,0.000095,6.921285402e-06,2.296109e+08
160,17,1.000000000e-04,-3.578117609e+08,357.655800,356.550400,0.000460,6.921285402e-06,2.308046e+08
160,18,1.000000000e-04,3.574261866e+08,356.550400,354.848200,0.000459,6.921285402e-06,2.327559e+08
160,19,1.000000000e-04,1.623138523e+08,354.848200,352.509000,0.000095,6.921285402e-06,2.355651e+08
160,20,1.000000000e-04,-1.629062885e+08,352.509000,350.130800,0.000095,6.921285402e-06,2.388437e+08
160,21,1.000000000e-04,-3.581898560e+08,350.130800,348.299700,0.000461,6.921285402e-06,2.417688e+08
160,22,1.000000000e-04,3.560488032e+08,348.299700,346.971300,0.000455,6.921285402e-06,2.439646e+08
160,23,1.000000000e-04,1.607162885e+08,346.971300,346.014300,0.000093,6.921285402e-06,2.455534e+08
160,24,1.000000000e-04,-1.647555851e+08,346.014300,345.342500,0.000098,6.921285402e-06,2.466854e+08
160,25,1.000000000e-04,-3.612429441e+08,345.342500,344.840000,0.000469,6.921285402e-06,2.475011e+08
160,26,1.000000000e-04,3.461413320e+08,344.840000,344.468000,0.000430,6.921285402e-06,2.481089e+08
160,27,1.000000000e-04,1.493531222e+08,344.468000,344.186100,0.000080,6.921285402e-06,2.485638e+08
160,28,1.000000000e-04,-1.778213011e+08,344.186100,343.953000,0.000114,6.921285402e-06,2.489217e+08
160,29,1.000000000e-04,-3.828664755e+08,343.953000,343.772500,0.000527,6.921285402e-06,2.492086e+08
160,30,1.000000000e-04,3.105718966e+08,343.772500,343.610700,0.000347,6.921285402e-06,2.494468e+08
160,31,1.000000000e-04,1.405927872e+08,343.610700,343.480000,0.000071,6.921285402e-06,2.496504e+08
160,32,1.000000000e-04,-1.533062877e+08,343.480000,343.355000,0.000084,6.921285402e-06,2.498281e+08
160,33,1.000000000e-04,-3.270154610e+08,343.355000,343.243000,0.000384,6.921285402e-06,2.499924e+08
160,34,1.000000000e-04,3.442233854e+08,343.243000,343.136000,0.000426,6.921285402e-06,2.501446e+08
160,35,1.000000000e-04,1.707821091e+08,343.136000,343.041000,0.000105,6.921285402e-06,2.502854e+08
160,36,1.000000000e-04,-1.212738722e+08,343.041000,342.961000,0.000053,6.921285402e-06,2.504070e+08
160,37,1.000000000e-04,-2.800015465e+08,342.961000,342.891900,0.000282,6.921285402e-06,2.505104e+08
160,38,1.000000000e-04,4.798000989e+08,342.891900,342.845300,0.000827,6.921285402e-06,2.505902e+08
160,39,1.000000000e-04,3.168431133e+08,342.845300,342.826000,0.000361,6.921285402e-06,2.506365e+08
161,0,1.000000000e-04,-3.479839576e+08,343.755000,343.803000,0.000435,6.921285402e-06,2.493252e+08
161,1,1.000000000e-04,-5.271494173e+08,343.803000,343.959000,0.000998,6.921285402e-06,2.491827e+08
161,2,1.000000000e-04,3.066195318e+08,343.959000,344.218000,0.000338,6.921285402e-06,2.488951e+08
161,3,1.000000000e-04,1.319356433e+08,344.218000,344.599000,0.000063,6.921285402e-06,2.484506e+08
161,4,1.000000000e-04,-1.892363405e+08,344.599000,345.130000,0.000129,6.921285402e-06,2.478167e+08
161,5,1.000000000e-04,-3.809599386e+08,345.130000,345.865000,0.000521,6.921285402e-06,2.469364e+08
161,6,1.000000000e-04,3.504971958e+08,345.865000,346.909000,0.000441,6.921285402e-06,2.457000e+08
161,7,1.000000000e-04,1.582106429e+08,346.909000,348.355000,0.000090,6.921285402e-06,2.439699e+08
161,8,1.000000000e-04,-1.663643433e+08,348.355000,350.331000,0.000099,6.921285402e-06,2.415916e+08
161,9,1.000000000e-04,-3.609624323e+08,350.331000,352.870000,0.000468,6.921285402e-06,2.384532e+08
161,10,1.000000000e-04,3.566074182e+08,352.870000,355.372000,0.000457,6.921285402e-06,2.349498e+08
161,11,1.000000000e-04,1.619328882e+08,355.372000,357.215000,0.000094,6.921285402e-06,2.319304e+08
161,12,1.000000000e-04,-1.631060552e+08,357.215000,358.437000,0.000096,6.921285402e-06,2.298002e+08
161,13,1.000000000e-04,-3.581130936e+08,358.437000,359.130000,0.000461,6.921285402e-06,2.284689e+08
161,14,1.000000000e-04,3.574568574e+08,359.130000,359.350000,0.000459,6.921285402e-06,2.278344e+08
161,15,1.000000000e-04,1.624375661e+08,359.350000,359.172000,0.000095,6.921285402e-06,2.278056e+08
161,16,1.000000000e-04,-1.626725533e+08,359.172000,358.514500,0.000095,6.921285402e-06,2.283863e+08
161,17,1.000000000e-04,-3.577598908e+08,358.514500,357.337500,0.000460,6.921285402e-06,2.296608e+08
161,18,1.000000000e-04,3.573992519e+08,357.337500,355.534500,0.000459,6.921285402e-06,2.317319e+08
161,19,1.000000000e-04,1.623007432e+08,355.534500,353.072500,0.000095,6.921285402e-06,2.346965e+08
161,20,1.000000000e-04,-1.628566975e+08,353.072500,350.569000,0.000095,6.921285402e-06,2.381475e+08
161,21,1.000000000e-04,-3.581193013e+08,350.569000,348.634000,0.000461,6.921285402e-06,2.412319e+08
161,22,1.000000000e-04,3.560541483e+08,348.634000,347.217000,0.000455,6.921285402e-06,2.435615e+08
161,23,1.000000000e-04,1.607349881e+08,347.217000,346.202500,0.000093,6.921285402e-06,2.452518e+08
161,24,1.000000000e-04,-1.646797325e+08,346.202500,345.487500,0.000097,6.921285402e-06,2.464538e+08
161,25,1.000000000e-04,-3.611381005e+08,345.487500,344.958500,0.000469,6.921285402e-06,2.473180e+08
161,26,1.000000000e-04,3.462103311e+08,344.958500,344.566000,0.000431,6.921285402e-06,2.479585e+08
161,27,1.000000000e-04,1.494242838e+08,344.566000,344.267000,0.000080,6.921285402e-06,2.484395e+08
161,28,1.000000000e-04,-1.777223411e+08,344.267000,344.029000,0.000113,6.921285402e-06,2.488126e+08
161,29,1.000000000e-04,-3.827406148e+08,344.029000,343.840000,0.000526,6.921285402e-06,2.491089e+08
161,30,1.000000000e-04,3.107087012e+08,343.840000,343.676000,0.000347,6.921285402e-06,2.493545e+08
161,31,1.000000000e-04,1.407106814e+08,343.676000,343.539000,0.000071,6.921285402e-06,2.495640e+08
161,32,1.000000000e-04,-1.532130245e+08,343.539000,343.412500,0.000084,6.921285402e-06,2.497471e+08
161,33,1.000000000e-04,-3.269075935e+08,343.412500,343.297000,0.000384,6.921285402e-06,2.499149e+08
161,34,1.000000000e-04,3.444057232e+08,343.297000,343.192500,0.000426,6.921285402e-06,2.500678e+08
161,35,1.000000000e-04,1.709451227e+08,343.192500,343.094500,0.000105,6.921285402e-06,2.502089e+08
161,36,1.000000000e-04,-1.211655827e+08,343.094500,343.010000,0.000053,6.921285402e-06,2.503358e+08
161,37,1.000000000e-04,-2.798674695e+08,343.010000,342.943000,0.000281,6.921285402e-06,2.504408e+08
161,38,1.000000000e-04,4.800870252e+08,342.943000,342.892500,0.000828,6.921285402e-06,2.505218e+08
161,39,1.000000000e-04,3.170642554e+08,342.892500,342.875000,0.000361,6.921285402e-06,2.505697e+08
162,0,1.000000000e-04,-2.496892783e+08,343.769000,343.816100,0.000224,6.921285402e-06,2.493066e+08
162,1,1.000000000e-04,-3.029594746e+08,343.816100,343.963300,0.000330,6.921285402e-06,2.491714e+08
162,2,1.000000000e-04,9.187771738e+07,343.963300,344.221700,0.000030,6.921285402e-06,2.488899e+08
162,3,1.000000000e-04,5.736264630e+07,344.221700,344.593000,0.000012,6.921285402e-06,2.484523e+08
162,4,1.000000000e-04,-1.262482699e+08,344.593000,345.127000,0.000057,6.921285402e-06,2.478230e+08
162,5,1.000000000e-04,-1.839624870e+08,345.127000,345.852900,0.000122,6.921285402e-06,2.469473e+08
162,6,1.000000000e-04,1.521573142e+08,345.852900,346.877300,0.000083,6.921285402e-06,2.457309e+08
162,7,1.000000000e-04,9.172270519e+07,346.877300,348.307100,0.000030,6.921285402e-06,2.440253e+08
162,8,1.000000000e-04,-1.016353010e+08,348.307100,350.254200,0.000037,6.921285402e-06,2.416784e+08
162,9,1.000000000e-04,-1.655953085e+08,350.254200,352.771000,0.000099,6.921285402e-06,2.385759e+08
162,10,1.000000000e-04,1.610459268e+08,352.771000,355.242700,0.000093,6.921285402e-06,2.351089e+08
162,11,1.000000000e-04,9.668689333e+07,355.242700,357.065600,0.000034,6.921285402e-06,2.321242e+08
162,12,1.000000000e-04,-9.811201791e+07,357.065600,358.268700,0.000035,6.921285402e-06,2.300211e+08
162,13,1.000000000e-04,-1.629785876e+08,358.268700,358.953100,0.000095,6.921285402e-06,2.287092e+08
162,14,1.000000000e-04,1.622973873e+08,358.953100,359.172000,0.000095,6.921285402e-06,2.280814e+08
162,15,1.000000000e-04,9.736892407e+07,359.172000,358.996100,0.000034,6.921285402e-06,2.280516e+08
162,16,1.000000000e-04,-9.765036722e+07,358.996100,358.352700,0.000034,6.921285402e-06,2.286210e+08
162,17,1.000000000e-04,-1.626811768e+08,358.352700,357.190900,0.000095,6.921285402e-06,2.298756e+08
162,18,1.000000000e-04,1.623215050e+08,357.190900,355.409700,0.000095,6.921285402e-06,2.319210e+08
162,19,1.000000000e-04,9.724798879e+07,355.409700,352.976000,0.000034,6.921285402e-06,2.348504e+08
162,20,1.000000000e-04,-9.790870462e+07,352.976000,350.496300,0.000034,6.921285402e-06,2.382652e+08
162,21,1.000000000e-04,-1.632271032e+08,350.496300,348.587700,0.000096,6.921285402e-06,2.413150e+08
162,22,1.000000000e-04,1.611266284e+08,348.587700,347.193300,0.000093,6.921285402e-06,2.436106e+08
162,23,1.000000000e-04,9.557962785e+07,347.193300,346.192800,0.000033,6.921285402e-06,2.452751e+08
162,24,1.000000000e-04,-1.003338985e+08,346.192800,345.487500,0.000036,6.921285402e-06,2.464606e+08
162,25,1.000000000e-04,-1.676047328e+08,345.487500,344.963000,0.000101,6.921285402e-06,2.473153e+08
162,26,1.000000000e-04,1.521477581e+08,344.963000,344.575700,0.000083,6.921285402e-06,2.479490e+08
162,27,1.000000000e-04,8.341049927e+07,344.575700,344.282000,0.000025,6.921285402e-06,2.484224e+08
162,28,1.000000000e-04,-1.175828285e+08,344.282000,344.044900,0.000050,6.921285402e-06,2.487912e+08
162,29,1.000000000e-04,-1.982749424e+08,344.044900,343.856000,0.000141,6.921285402e-06,2.490872e+08
162,30,1.000000000e-04,1.256245158e+08,343.856000,343.692000,0.000057,6.921285402e-06,2.493326e+08
162,31,1.000000000e-04,7.849910292e+07,343.692000,343.555000,0.000022,6.921285402e-06,2.495418e+08
162,32,1.000000000e-04,-9.350327887e+07,343.555000,343.430000,0.000031,6.921285402e-06,2.497239e+08
162,33,1.000000000e-04,-1.458868112e+08,343.430000,343.318000,0.000076,6.921285402e-06,2.498885e+08
162,34,1.000000000e-04,1.644165182e+08,343.318000,343.211000,0.000097,6.921285402e-06,2.500407e+08
162,35,1.000000000e-04,1.133967462e+08,343.211000,343.115000,0.000046,6.921285402e-06,2.501819e+08
162,36,1.000000000e-04,-5.341832386e+07,343.115000,343.026000,0.000010,6.921285402e-06,2.503105e+08
162,37,1.000000000e-04,-8.440053110e+07,343.026000,342.959000,0.000026,6.921285402e-06,2.504189e+08
162,38,1.000000000e-04,2.765528935e+08,342.959000,342.913000,0.000275,6.921285402e-06,2.504971e+08
162,39,1.000000000e-04,2.280435488e+08,342.913000,342.891000,0.000187,6.921285402e-06,2.505445e+08
163,0,1.000000000e-04,-3.478136810e+08,343.753000,343.800300,0.000435,6.921285402e-06,2.493284e+08
163,1,1.000000000e-04,-5.268769204e+08,343.800300,343.947900,0.000997,6.921285402e-06,2.491923e+08
163,2,1.000000000e-04,3.064881661e+08,343.947900,344.196000,0.000337,6.921285402e-06,2.489181e+08
163,3,1.000000000e-04,1.318854944e+08,344.196000,344.554700,0.000062,6.921285402e-06,2.484967e+08
163,4,1.000000000e-04,-1.891568984e+08,344.554700,345.065000,0.000129,6.921285402e-06,2.478927e+08
163,5,1.000000000e-04,-3.807990536e+08,345.065000,345.756600,0.000521,6.921285402e-06,2.470569e+08
163,6,1.000000000e-04,3.503718428e+08,345.756600,346.739300,0.000441,6.921285402e-06,2.458933e+08
163,7,1.000000000e-04,1.581581647e+08,346.739300,348.106700,0.000090,6.921285402e-06,2.442604e+08
163,8,1.000000000e-04,-1.663042573e+08,348.106700,349.972500,0.000099,6.921285402e-06,2.420133e+08
163,9,1.000000000e-04,-3.608294276e+08,349.972500,352.386500,0.000468,6.921285402e-06,2.390384e+08
163,10,1.000000000e-04,3.564847043e+08,352.386500,354.770500,0.000457,6.921285402e-06,2.357038e+08
163,11,1.000000000e-04,1.618807762e+08,354.770500,356.510300,0.000094,6.921285402e-06,2.328382e+08
163,12,1.000000000e-04,-1.630503221e+08,356.510300,357.655800,0.000096,6.921285402e-06,2.308329e+08
163,13,1.000000000e-04,-3.579866263e+08,357.655800,358.309700,0.000460,6.921285402e-06,2.295819e+08
163,14,1.000000000e-04,3.573423551e+08,358.309700,358.518000,0.000459,6.921285402e-06,2.289827e+08
163,15,1.000000000e-04,1.623911101e+08,358.518000,358.352700,0.000095,6.921285402e-06,2.289533e+08
163,16,1.000000000e-04,-1.626166629e+08,358.352700,357.739800,0.000095,6.921285402e-06,2.294941e+08
163,17,1.000000000e-04,-3.576359542e+08,357.739800,356.636300,0.000460,6.921285402e-06,2.306866e+08
163,18,1.000000000e-04,3.573199562e+08,356.636300,354.931900,0.000459,6.921285402e-06,2.326381e+08
163,19,1.000000000e-04,1.622784115e+08,354.931900,352.595000,0.000095,6.921285402e-06,2.354472e+08
163,20,1.000000000e-04,-1.627990066e+08,352.595000,350.215500,0.000095,6.921285402e-06,2.387251e+08
163,21,1.000000000e-04,-3.580070354e+08,350.215500,348.388600,0.000460,6.921285402e-06,2.416481e+08
163,22,1.000000000e-04,3.560998406e+08,348.388600,347.062300,0.000456,6.921285402e-06,2.438396e+08
163,23,1.000000000e-04,1.607907933e+08,347.062300,346.105300,0.000093,6.921285402e-06,2.454269e+08
163,24,1.000000000e-04,-1.646307564e+08,346.105300,345.433500,0.000097,6.921285402e-06,2.465589e+08
163,25,1.000000000e-04,-3.610946905e+08,345.433500,344.933700,0.000468,6.921285402e-06,2.473727e+08
163,26,1.000000000e-04,3.465749348e+08,344.933700,344.563900,0.000432,6.921285402e-06,2.479772e+08
163,27,1.000000000e-04,1.496527837e+08,344.563900,344.277100,0.000080,6.921285402e-06,2.484339e+08
163,28,1.000000000e-04,-1.777445297e+08,344.277100,344.046700,0.000114,6.921285402e-06,2.487933e+08
163,29,1.000000000e-04,-3.829427893e+08,344.046700,343.865000,0.000527,6.921285402e-06,2.490792e+08
163,30,1.000000000e-04,3.115652016e+08,343.865000,343.701700,0.000349,6.921285402e-06,2.493192e+08
163,31,1.000000000e-04,1.411644933e+08,343.701700,343.566100,0.000072,6.921285402e-06,2.495273e+08
163,32,1.000000000e-04,-1.534123827e+08,343.566100,343.443900,0.000085,6.921285402e-06,2.497064e+08
163,33,1.000000000e-04,-3.275528907e+08,343.443900,343.327000,0.000385,6.921285402e-06,2.498723e+08
163,34,1.000000000e-04,3.457504145e+08,343.327000,343.227000,0.000429,6.921285402e-06,2.500230e+08
163,35,1.000000000e-04,1.716436677e+08,343.227000,343.131000,0.000106,6.921285402e-06,2.501596e+08
163,36,1.000000000e-04,-1.215039278e+08,343.131000,343.042000,0.000053,6.921285402e-06,2.502882e+08
163,37,1.000000000e-04,-2.808692245e+08,343.042000,342.975000,0.000283,6.921285402e-06,2.503963e+08
163,38,1.000000000e-04,4.824815311e+08,342.975000,342.929000,0.000836,6.921285402e-06,2.504742e+08
163,39,1.000000000e-04,3.185570464e+08,342.929000,342.907000,0.000365,6.921285402e-06,2.505220e+08
164,0,1.000000000e-04,-3.477177289e+08,343.683000,343.720000,0.000434,6.921285402e-06,2.494329e+08
164,1,1.000000000e-04,-5.267602482e+08,343.720000,343.853700,0.000997,6.921285402e-06,2.493136e+08
164,2,1.000000000e-04,3.065205074e+08,343.853700,344.075300,0.000338,6.921285402e-06,2.490674e+08
164,3,1.000000000e-04,1.319061516e+08,344.075300,344.384900,0.000063,6.921285402e-06,2.486986e+08
164,4,1.000000000e-04,-1.891055506e+08,344.384900,344.815000,0.000128,6.921285402e-06,2.481844e+08
164,5,1.000000000e-04,-3.807458546e+08,344.815000,345.389400,0.000521,6.921285402e-06,2.474858e+08
164,6,1.000000000e-04,3.503632835e+08,345.389400,346.186500,0.000441,6.921285402e-06,2.465327e+08
164,7,1.000000000e-04,1.581508269e+08,346.186500,347.278400,0.000090,6.921285402e-06,2.452203e+08
164,8,1.000000000e-04,-1.662771233e+08,347.278400,348.759800,0.000099,6.921285402e-06,2.434318e+08
164,9,1.000000000e-04,-3.607962428e+08,348.759800,350.680500,0.000468,6.921285402e-06,2.410669e+08
164,10,1.000000000e-04,3.564656806e+08,350.680500,352.567000,0.000457,6.921285402e-06,2.384209e+08
164,11,1.000000000e-04,1.618684205e+08,352.567000,353.945600,0.000094,6.921285402e-06,2.361521e+08
164,12,1.000000000e-04,-1.630252387e+08,353.945600,354.848200,0.000095,6.921285402e-06,2.345667e+08
164,13,1.000000000e-04,-3.579514869e+08,354.848200,355.366800,0.000460,6.921285402e-06,2.335785e+08
164,14,1.000000000e-04,3.573321511e+08,355.366800,355.534500,0.000459,6.921285402e-06,2.331015e+08
164,15,1.000000000e-04,1.623920772e+08,355.534500,355.409700,0.000095,6.921285402e-06,2.330722e+08
164,16,1.000000000e-04,-1.625729891e+08,355.409700,354.931900,0.000095,6.921285402e-06,2.334910e+08
164,17,1.000000000e-04,-3.575700270e+08,354.931900,354.074600,0.000459,6.921285402e-06,2.344184e+08
164,18,1.000000000e-04,3.573625454e+08,354.074600,352.743100,0.000459,6.921285402e-06,2.359396e+08
164,19,1.000000000e-04,1.623432541e+08,352.743100,350.895000,0.000095,6.921285402e-06,2.381499e+08
164,20,1.000000000e-04,-1.626786195e+08,350.895000,349.011900,0.000095,6.921285402e-06,2.407431e+08
164,21,1.000000000e-04,-3.578241260e+08,349.011900,347.572400,0.000460,6.921285402e-06,2.430519e+08
164,22,1.000000000e-04,3.563368686e+08,347.572400,346.521500,0.000456,6.921285402e-06,2.447827e+08
164,23,1.000000000e-04,1.610633054e+08,346.521500,345.756400,0.000093,6.921285402e-06,2.460452e+08
164,24,1.000000000e-04,-1.643064173e+08,345.756400,345.199000,0.000097,6.921285402e-06,2.469644e+08
164,25,1.000000000e-04,-3.606294613e+08,345.199000,344.784800,0.000467,6.921285402e-06,2.476392e+08
164,26,1.000000000e-04,3.472912582e+08,344.784800,344.467300,0.000433,6.921285402e-06,2.481478e+08
164,27,1.000000000e-04,1.503395348e+08,344.467300,344.213700,0.000081,6.921285402e-06,2.485451e+08
164,28,1.000000000e-04,-1.771880061e+08,344.213700,344.014000,0.000113,6.921285402e-06,2.488601e+08
164,29,1.000000000e-04,-3.822426183e+08,344.014000,343.845500,0.000525,6.921285402e-06,2.491155e+08
164,30,1.000000000e-04,3.128447515e+08,343.845500,343.702000,0.000352,6.921285402e-06,2.493326e+08
164,31,1.000000000e-04,1.422029794e+08,343.702000,343.574000,0.000073,6.921285402e-06,2.495216e+08
164,32,1.000000000e-04,-1.529623026e+08,343.574000,343.449000,0.000084,6.921285402e-06,2.496974e+08
164,33,1.000000000e-04,-3.271063632e+08,343.449000,343.345100,0.000384,6.921285402e-06,2.498561e+08
164,34,1.000000000e-04,3.472299941e+08,343.345100,343.240000,0.000433,6.921285402e-06,2.500013e+08
164,35,1.000000000e-04,1.729595516e+08,343.240000,343.145000,0.000107,6.921285402e-06,2.501408e+08
164,36,1.000000000e-04,-1.208608627e+08,343.145000,343.065000,0.000052,6.921285402e-06,2.502625e+08
164,37,1.000000000e-04,-2.800269103e+08,343.065000,342.997300,0.000282,6.921285402e-06,2.503649e+08
164,38,1.000000000e-04,4.849776449e+08,342.997300,342.951100,0.000845,6.921285402e-06,2.504433e+08
164,39,1.000000000e-04,3.205699677e+08,342.951100,342.930000,0.000369,6.921285402e-06,2.504907e+08
165,0,1.000000000e-04,-2.494221419e+08,343.625000,343.666000,0.000224,6.921285402e-06,2.495110e+08
165,1,1.000000000e-04,-3.026210794e+08,343.666000,343.786500,0.000329,6.921285402e-06,2.493986e+08
165,2,1.000000000e-04,9.186975323e+07,343.786500,343.981500,0.000030,6.921285402e-06,2.491797e+08
165,3,1.000000000e-04,5.736158589e+07,343.981500,344.261000,0.000012,6.921285402e-06,2.488499e+08
165,4,1.000000000e-04,-1.261167351e+08,344.261000,344.640000,0.000057,6.921285402e-06,2.483922e+08
165,5,1.000000000e-04,-1.837924793e+08,344.640000,345.138500,0.000121,6.921285402e-06,2.477823e+08
165,6,1.000000000e-04,1.520772157e+08,345.138500,345.807000,0.000083,6.921285402e-06,2.469713e+08
165,7,1.000000000e-04,9.167477938e+07,345.807000,346.694500,0.000030,6.921285402e-06,2.458899e+08
165,8,1.000000000e-04,-1.015526119e+08,346.694500,347.857500,0.000037,6.921285402e-06,2.444648e+08
165,9,1.000000000e-04,-1.654706798e+08,347.857500,349.302500,0.000098,6.921285402e-06,2.426522e+08
165,10,1.000000000e-04,1.609490030e+08,349.302500,350.722500,0.000093,6.921285402e-06,2.406610e+08
165,11,1.000000000e-04,9.663141052e+07,350.722500,351.784500,0.000034,6.921285402e-06,2.389361e+08
165,12,1.000000000e-04,-9.803446775e+07,351.784500,352.509000,0.000035,6.921285402e-06,2.376945e+08
165,13,1.000000000e-04,-1.628529096e+08,352.509000,352.933500,0.000095,6.921285402e-06,2.368958e+08
165,14,1.000000000e-04,1.622204647e+08,352.933500,353.072500,0.000095,6.921285402e-06,2.365042e+08
165,15,1.000000000e-04,9.733932281e+07,353.072500,352.976000,0.000034,6.921285402e-06,2.364748e+08
165,16,1.000000000e-04,-9.754256638e+07,352.976000,352.595000,0.000034,6.921285402e-06,2.368066e+08
165,17,1.000000000e-04,-1.625037309e+08,352.595000,351.917000,0.000095,6.921285402e-06,2.375425e+08
165,18,1.000000000e-04,1.623610918e+08,351.917000,350.895000,0.000095,6.921285402e-06,2.387240e+08
165,19,1.000000000e-04,9.734438284e+07,350.895000,349.517500,0.000034,6.921285402e-06,2.403918e+08
165,20,1.000000000e-04,-9.767490845e+07,349.517500,348.115000,0.000034,6.921285402e-06,2.423239e+08
165,21,1.000000000e-04,-1.628528808e+08,348.115000,346.995500,0.000095,6.921285402e-06,2.440766e+08
165,22,1.000000000e-04,1.616193190e+08,346.995500,346.143000,0.000094,6.921285402e-06,2.454471e+08
165,23,1.000000000e-04,9.610830907e+07,346.143000,345.506500,0.000033,6.921285402e-06,2.464821e+08
165,24,1.000000000e-04,-9.977428345e+07,345.506500,345.035000,0.000036,6.921285402e-06,2.472521e+08
165,25,1.000000000e-04,-1.667844788e+08,345.035000,344.671000,0.000100,6.921285402e-06,2.478327e+08
165,26,1.000000000e-04,1.538610715e+08,344.671000,344.391500,0.000085,6.921285402e-06,2.482800e+08
165,27,1.000000000e-04,8.488465652e+07,344.391500,344.164000,0.000026,6.921285402e-06,2.486324e+08
165,28,1.000000000e-04,-1.167436562e+08,344.164000,343.981000,0.000049,6.921285402e-06,2.489177e+08
165,29,1.000000000e-04,-1.973103318e+08,343.981000,343.825000,0.000140,6.921285402e-06,2.491532e+08
165,30,1.000000000e-04,1.290040583e+08,343.825000,343.687000,0.000060,6.921285402e-06,2.493576e+08
165,31,1.000000000e-04,8.092341738e+07,343.687000,343.566000,0.000024,6.921285402e-06,2.495376e+08
165,32,1.000000000e-04,-9.318797228e+07,343.566000,343.449000,0.000031,6.921285402e-06,2.497030e+08
165,33,1.000000000e-04,-1.460303606e+08,343.449000,343.346000,0.000077,6.921285402e-06,2.498559e+08
165,34,1.000000000e-04,1.685724250e+08,343.346000,343.250000,0.000102,6.921285402e-06,2.499942e+08
165,35,1.000000000e-04,1.165376371e+08,343.250000,343.155000,0.000049,6.921285402e-06,2.501270e+08
165,36,1.000000000e-04,-5.300426155e+07,343.155000,343.075000,0.000010,6.921285402e-06,2.502486e+08
165,37,1.000000000e-04,-8.417045321e+07,343.075000,343.004500,0.000025,6.921285402e-06,2.503532e+08
165,38,1.000000000e-04,2.836821133e+08,343.004500,342.957500,0.000289,6.921285402e-06,2.504346e+08
165,39,1.000000000e-04,2.335991200e+08,342.957500,342.945000,0.000196,6.921285402e-06,2.504760e+08
166,0,1.000000000e-04,-3.473497592e+08,343.565000,343.591900,0.000433,6.921285402e-06,2.496039e+08
166,1,1.000000000e-04,-5.261716809e+08,343.591900,343.707300,0.000995,6.921285402e-06,2.495044e+08
166,2,1.000000000e-04,3.062179991e+08,343.707300,343.882000,0.000337,6.921285402e-06,2.493035e+08
166,3,1.000000000e-04,1.317871739e+08,343.882000,344.124200,0.000062,6.921285402e-06,2.490141e+08
166,4,1.000000000e-04,-1.889304964e+08,344.124200,344.453000,0.000128,6.921285402e-06,2.486172e+08
166,5,1.000000000e-04,-3.803845431e+08,344.453000,344.865500,0.000520,6.921285402e-06,2.481015e+08
166,6,1.000000000e-04,3.500632791e+08,344.865500,345.404500,0.000440,6.921285402e-06,2.474403e+08
166,7,1.000000000e-04,1.580236869e+08,345.404500,346.084300,0.000090,6.921285402e-06,2.465937e+08
166,8,1.000000000e-04,-1.661374241e+08,346.084300,346.930200,0.000099,6.921285402e-06,2.455333e+08
166,9,1.000000000e-04,-3.604828673e+08,346.930200,347.894500,0.000467,6.921285402e-06,2.442748e+08
166,10,1.000000000e-04,3.561696008e+08,347.894500,348.834900,0.000456,6.921285402e-06,2.429510e+08
166,11,1.000000000e-04,1.617426863e+08,348.834900,349.594000,0.000094,6.921285402e-06,2.417703e+08
166,12,1.000000000e-04,-1.628911333e+08,349.594000,350.130800,0.000095,6.921285402e-06,2.408696e+08
166,13,1.000000000e-04,-3.576461484e+08,350.130800,350.453300,0.000460,6.921285402e-06,2.402720e+08
166,14,1.000000000e-04,3.570632945e+08,350.453300,350.569000,0.000458,6.921285402e-06,2.399675e+08
166,15,1.000000000e-04,1.622873157e+08,350.569000,350.496300,0.000095,6.921285402e-06,2.399380e+08
166,16,1.000000000e-04,-1.624328683e+08,350.496300,350.215500,0.000095,6.921285402e-06,2.401837e+08
166,17,1.000000000e-04,-3.572634221e+08,350.215500,349.726400,0.000459,6.921285402e-06,2.407183e+08
166,18,1.000000000e-04,3.572411700e+08,349.726400,349.012800,0.000459,6.921285402e-06,2.415542e+08
166,19,1.000000000e-04,1.623480939e+08,349.012800,348.115000,0.000095,6.921285402e-06,2.426746e+08
166,20,1.000000000e-04,-1.625125163e+08,348.115000,347.193200,0.000095,6.921285402e-06,2.439392e+08
166,21,1.000000000e-04,-3.575318076e+08,347.193200,346.395300,0.000459,6.921285402e-06,2.451339e+08
166,22,1.000000000e-04,3.568849790e+08,346.395300,345.750800,0.000458,6.921285402e-06,2.461364e+08
166,23,1.000000000e-04,1.615248954e+08,345.750800,345.243600,0.000094,6.921285402e-06,2.469373e+08
166,24,1.000000000e-04,-1.641145467e+08,345.243600,344.858500,0.000097,6.921285402e-06,2.475574e+08
166,25,1.000000000e-04,-3.605952420e+08,344.858500,344.546200,0.000467,6.921285402e-06,2.480417e+08
166,26,1.000000000e-04,3.500528501e+08,344.546200,344.306700,0.000440,6.921285402e-06,2.484252e+08
166,27,1.000000000e-04,1.520816760e+08,344.306700,344.109600,0.000083,6.921285402e-06,2.487291e+08
166,28,1.000000000e-04,-1.773609435e+08,344.109600,343.937900,0.000113,6.921285402e-06,2.489854e+08
166,29,1.000000000e-04,-3.838010582e+08,343.937900,343.798000,0.000529,6.921285402e-06,2.492014e+08
166,30,1.000000000e-04,3.195583960e+08,343.798000,343.672000,0.000367,6.921285402e-06,2.493864e+08
166,31,1.000000000e-04,1.456746042e+08,343.672000,343.560000,0.000076,6.921285402e-06,2.495522e+08
166,32,1.000000000e-04,-1.546826433e+08,343.560000,343.449000,0.000086,6.921285402e-06,2.497071e+08
166,33,1.000000000e-04,-3.323995320e+08,343.449000,343.346000,0.000397,6.921285402e-06,2.498555e+08
166,34,1.000000000e-04,3.565524292e+08,343.346000,343.250000,0.000457,6.921285402e-06,2.499937e+08
166,35,1.000000000e-04,1.776228336e+08,343.250000,343.164100,0.000113,6.921285402e-06,2.501206e+08
166,36,1.000000000e-04,-1.235233674e+08,343.164100,343.082300,0.000055,6.921285402e-06,2.502372e+08
166,37,1.000000000e-04,-2.873327544e+08,343.082300,343.012000,0.000297,6.921285402e-06,2.503426e+08
166,38,1.000000000e-04,5.003221417e+08,343.012000,342.972100,0.000899,6.921285402e-06,2.504185e+08
166,39,1.000000000e-04,3.301443992e+08,342.972100,342.951000,0.000392,6.921285402e-06,2.504615e+08
167,0,1.000000000e-04,-3.469372136e+08,343.415000,343.440000,0.000432,6.921285402e-06,2.498138e+08
167,1,1.000000000e-04,-5.256862234e+08,343.440000,343.531900,0.000993,6.921285402e-06,2.497318e+08
167,2,1.000000000e-04,3.063041111e+08,343.531900,343.664100,0.000337,6.921285402e-06,2.495769e+08
167,3,1.000000000e-04,1.318323851e+08,343.664100,343.844300,0.000062,6.921285402e-06,2.493601e+08
167,4,1.000000000e-04,-1.887221595e+08,343.844300,344.077000,0.000128,6.921285402e-06,2.490730e+08
167,5,1.000000000e-04,-3.801634570e+08,344.077000,344.348100,0.000519,6.921285402e-06,2.487224e+08
167,6,1.000000000e-04,3.499733329e+08,344.348100,344.681600,0.000440,6.921285402e-06,2.483023e+08
167,7,1.000000000e-04,1.579539119e+08,344.681600,345.061500,0.000090,6.921285402e-06,2.478069e+08
167,8,1.000000000e-04,-1.660153381e+08,345.061500,345.478500,0.000099,6.921285402e-06,2.472531e+08
167,9,1.000000000e-04,-3.603257593e+08,345.478500,345.921500,0.000466,6.921285402e-06,2.466549e+08
167,10,1.000000000e-04,3.560459067e+08,345.921500,346.338200,0.000455,6.921285402e-06,2.460575e+08
167,11,1.000000000e-04,1.616578052e+08,346.338200,346.699500,0.000094,6.921285402e-06,2.455172e+08
167,12,1.000000000e-04,-1.627723023e+08,346.699500,346.971300,0.000095,6.921285402e-06,2.450772e+08
167,13,1.000000000e-04,-3.574783703e+08,346.971300,347.150300,0.000459,6.921285402e-06,2.447634e+08
167,14,1.000000000e-04,3.569714162e+08,347.150300,347.218500,0.000458,6.921285402e-06,2.445916e+08
167,15,1.000000000e-04,1.622519938e+08,347.218500,347.193300,0.000095,6.921285402e-06,2.445622e+08
167,16,1.000000000e-04,-1.622395882e+08,347.193300,347.062300,0.000095,6.921285402e-06,2.446707e+08
167,17,1.000000000e-04,-3.569691235e+08,347.062300,346.830600,0.000458,6.921285402e-06,2.449224e+08
167,18,1.000000000e-04,3.573668088e+08,346.830600,346.521500,0.000459,6.921285402e-06,2.452982e+08
167,19,1.000000000e-04,1.626017895e+08,346.521500,346.143000,0.000095,6.921285402e-06,2.457766e+08
167,20,1.000000000e-04,-1.619257832e+08,346.143000,345.750800,0.000094,6.921285402e-06,2.463122e+08
167,21,1.000000000e-04,-3.566042822e+08,345.750800,345.373400,0.000457,6.921285402e-06,2.468466e+08
167,22,1.000000000e-04,3.580638042e+08,345.373400,345.032700,0.000461,6.921285402e-06,2.473457e+08
167,23,1.000000000e-04,1.630445129e+08,345.032700,344.745100,0.000096,6.921285402e-06,2.477828e+08
167,24,1.000000000e-04,-1.620257281e+08,344.745100,344.503500,0.000094,6.921285402e-06,2.481506e+08
167,25,1.000000000e-04,-3.574337128e+08,344.503500,344.298300,0.000459,6.921285402e-06,2.484607e+08
167,26,1.000000000e-04,3.548268276e+08,344.298300,344.127100,0.000452,6.921285402e-06,2.487223e+08
167,27,1.000000000e-04,1.570357285e+08,344.127100,343.981900,0.000089,6.921285402e-06,2.489426e+08
167,28,1.000000000e-04,-1.726788391e+08,343.981900,343.858000,0.000107,6.921285402e-06,2.491296e+08
167,29,1.000000000e-04,-3.776866871e+08,343.858000,343.740500,0.000513,6.921285402e-06,2.492969e+08
167,30,1.000000000e-04,3.296369291e+08,343.740500,343.637300,0.000390,6.921285402e-06,2.494505e+08
167,31,1.000000000e-04,1.533840756e+08,343.637300,343.537100,0.000085,6.921285402e-06,2.495922e+08
167,32,1.000000000e-04,-1.520497422e+08,343.537100,343.442000,0.000083,6.921285402e-06,2.497279e+08
167,33,1.000000000e-04,-3.305852028e+08,343.442000,343.348700,0.000393,6.921285402e-06,2.498585e+08
167,34,1.000000000e-04,3.652546548e+08,343.348700,343.261500,0.000479,6.921285402e-06,2.499838e+08
167,35,1.000000000e-04,1.850410045e+08,343.261500,343.178000,0.000123,6.921285402e-06,2.501029e+08
167,36,1.000000000e-04,-1.209590783e+08,343.178000,343.105000,0.000053,6.921285402e-06,2.502118e+08
167,37,1.000000000e-04,-2.839495466e+08,343.105000,343.041900,0.000290,6.921285402e-06,2.503061e+08
167,38,1.000000000e-04,5.141895215e+08,343.041900,342.995300,0.000950,6.921285402e-06,2.503815e+08
167,39,1.000000000e-04,3.416861324e+08,342.995300,342.983000,0.000419,6.921285402e-06,2.504231e+08
168,0,1.000000000e-04,-2.482574169e+08,343.335000,343.359100,0.000221,6.921285402e-06,2.499258e+08
168,1,1.000000000e-04,-3.011779074e+08,343.359100,343.438000,0.000326,6.921285402e-06,2.498541e+08
168,2,1.000000000e-04,9.168353265e+07,343.438000,343.560600,0.000030,6.921285402e-06,2.497144e+08
168,3,1.000000000e-04,5.724798192e+07,343.560600,343.717000,0.000012,6.921285402e-06,2.495206e+08
168,4,1.000000000e-04,-1.255496850e+08,343.717000,343.905500,0.000057,6.921285402e-06,2.492808e+08
168,5,1.000000000e-04,-1.830265255e+08,343.905500,344.128300,0.000120,6.921285402e-06,2.489949e+08
168,6,1.000000000e-04,1.515661194e+08,344.128300,344.380100,0.000083,6.921285402e-06,2.486651e+08
168,7,1.000000000e-04,9.136353982e+07,344.380100,344.667200,0.000030,6.921285402e-06,2.482906e+08
168,8,1.000000000e-04,-1.011516010e+08,344.667200,344.970600,0.000037,6.921285402e-06,2.478802e+08
168,9,1.000000000e-04,-1.648406396e+08,344.970600,345.281500,0.000098,6.921285402e-06,2.474532e+08
168,10,1.000000000e-04,1.603819999e+08,345.281500,345.570400,0.000092,6.921285402e-06,2.470363e+08
168,11,1.000000000e-04,9.629674913e+07,345.570400,345.824400,0.000033,6.921285402e-06,2.466591e+08
168,12,1.000000000e-04,-9.764204086e+07,345.824400,346.014300,0.000034,6.921285402e-06,2.463506e+08
168,13,1.000000000e-04,-1.622087499e+08,346.014300,346.149800,0.000095,6.921285402e-06,2.461243e+08
168,14,1.000000000e-04,1.617204955e+08,346.149800,346.203000,0.000094,6.921285402e-06,2.459932e+08
168,15,1.000000000e-04,9.709663352e+07,346.203000,346.192800,0.000034,6.921285402e-06,2.459634e+08
168,16,1.000000000e-04,-9.702842276e+07,346.192800,346.105300,0.000034,6.921285402e-06,2.460313e+08
168,17,1.000000000e-04,-1.616454556e+08,346.105300,345.956800,0.000094,6.921285402e-06,2.461952e+08
168,18,1.000000000e-04,1.623156530e+08,345.956800,345.756400,0.000095,6.921285402e-06,2.464377e+08
168,19,1.000000000e-04,9.764679317e+07,345.756400,345.506500,0.000034,6.921285402e-06,2.467507e+08
168,20,1.000000000e-04,-9.650919690e+07,345.506500,345.243600,0.000033,6.921285402e-06,2.471071e+08
168,21,1.000000000e-04,-1.609083374e+08,345.243600,344.987500,0.000093,6.921285402e-06,2.474678e+08
168,22,1.000000000e-04,1.638874770e+08,344.987500,344.745100,0.000096,6.921285402e-06,2.478142e+08
168,23,1.000000000e-04,9.891913544e+07,344.745100,344.534300,0.000035,6.921285402e-06,2.481293e+08
168,24,1.000000000e-04,-9.610015585e+07,344.534300,344.344500,0.000033,6.921285402e-06,2.484077e+08
168,25,1.000000000e-04,-1.610011582e+08,344.344500,344.187900,0.000093,6.921285402e-06,2.486484e+08
168,26,1.000000000e-04,1.648413997e+08,344.187900,344.042300,0.000098,6.921285402e-06,2.488584e+08
168,27,1.000000000e-04,9.524478448e+07,344.042300,343.922700,0.000033,6.921285402e-06,2.490428e+08
168,28,1.000000000e-04,-1.090836623e+08,343.922700,343.810000,0.000043,6.921285402e-06,2.492042e+08
168,29,1.000000000e-04,-1.876134852e+08,343.810000,343.712000,0.000126,6.921285402e-06,2.493506e+08
168,30,1.000000000e-04,1.554943483e+08,343.712000,343.615900,0.000087,6.921285402e-06,2.494855e+08
168,31,1.000000000e-04,9.904986894e+07,343.615900,343.528700,0.000035,6.921285402e-06,2.496130e+08
168,32,1.000000000e-04,-9.218016872e+07,343.528700,343.444700,0.000031,6.921285402e-06,2.497320e+08
168,33,1.000000000e-04,-1.501081704e+08,343.444700,343.355900,0.000081,6.921285402e-06,2.498520e+08
168,34,1.000000000e-04,1.941488269e+08,343.355900,343.274000,0.000135,6.921285402e-06,2.499706e+08
168,35,1.000000000e-04,1.349438062e+08,343.274000,343.194900,0.000065,6.921285402e-06,2.500825e+08
168,36,1.000000000e-04,-5.354848384e+07,343.194900,343.123700,0.000010,6.921285402e-06,2.501871e+08
168,37,1.000000000e-04,-8.706929116e+07,343.123700,343.060000,0.000027,6.921285402e-06,2.502808e+08
168,38,1.000000000e-04,3.242266916e+08,343.060000,343.020100,0.000378,6.921285402e-06,2.503524e+08
168,39,1.000000000e-04,2.658986731e+08,343.020100,343.008000,0.000254,6.921285402e-06,2.503887e+08
169,0,1.000000000e-04,-3.449145467e+08,343.255000,343.279000,0.000427,6.921285402e-06,2.500369e+08
169,1,1.000000000e-04,-5.224515217e+08,343.279000,343.350000,0.000981,6.921285402e-06,2.499702e+08
169,2,1.000000000e-04,3.043599449e+08,343.350000,343.454000,0.000333,6.921285402e-06,2.498493e+08
169,3,1.000000000e-04,1.310256949e+08,343.454000,343.591000,0.000062,6.921285402e-06,2.496822e+08
169,4,1.000000000e-04,-1.876980371e+08,343.591000,343.747500,0.000127,6.921285402e-06,2.494781e+08
169,5,1.000000000e-04,-3.779590792e+08,343.747500,343.932500,0.000513,6.921285402e-06,2.492403e+08
169,6,1.000000000e-04,3.479541305e+08,343.932500,344.136000,0.000435,6.921285402e-06,2.489704e+08
169,7,1.000000000e-04,1.570857289e+08,344.136000,344.357000,0.000089,6.921285402e-06,2.486758e+08
169,8,1.000000000e-04,-1.651139661e+08,344.357000,344.581000,0.000098,6.921285402e-06,2.483665e+08
169,9,1.000000000e-04,-3.582671980e+08,344.581000,344.805000,0.000461,6.921285402e-06,2.480547e+08
169,10,1.000000000e-04,3.540259835e+08,344.805000,345.017500,0.000450,6.921285402e-06,2.477513e+08
169,11,1.000000000e-04,1.607892322e+08,345.017500,345.200000,0.000093,6.921285402e-06,2.474772e+08
169,12,1.000000000e-04,-1.618838604e+08,345.200000,345.342500,0.000094,6.921285402e-06,2.472513e+08
169,13,1.000000000e-04,-3.554350839e+08,345.342500,345.444500,0.000454,6.921285402e-06,2.470810e+08
169,14,1.000000000e-04,3.550226821e+08,345.444500,345.487500,0.000453,6.921285402e-06,2.469802e+08
169,15,1.000000000e-04,1.614424675e+08,345.487500,345.487500,0.000094,6.921285402e-06,2.469508e+08
169,16,1.000000000e-04,-1.613252807e+08,345.487500,345.433500,0.000094,6.921285402e-06,2.469883e+08
169,17,1.000000000e-04,-3.548999292e+08,345.433500,345.336000,0.000453,6.921285402e-06,2.470932e+08
169,18,1.000000000e-04,3.558944657e+08,345.336000,345.199000,0.000455,6.921285402e-06,2.472561e+08
169,19,1.000000000e-04,1.621789271e+08,345.199000,345.035000,0.000094,6.921285402e-06,2.474658e+08
169,20,1.000000000e-04,-1.608494602e+08,345.035000,344.858500,0.000093,6.921285402e-06,2.477024e+08
169,21,1.000000000e-04,-3.544073475e+08,344.858500,344.678000,0.000451,6.921285402e-06,2.479501e+08
169,22,1.000000000e-04,3.594753056e+08,344.678000,344.503500,0.000464,6.921285402e-06,2.481968e+08
169,23,1.000000000e-04,1.648447077e+08,344.503500,344.344500,0.000098,6.921285402e-06,2.484290e+08
169,24,1.000000000e-04,-1.602928725e+08,344.344500,344.202500,0.000092,6.921285402e-06,2.486382e+08
169,25,1.000000000e-04,-3.553121638e+08,344.202500,344.077500,0.000454,6.921285402e-06,2.488234e+08
169,26,1.000000000e-04,3.702951450e+08,344.077500,343.964500,0.000493,6.921285402e-06,2.489887e+08
169,27,1.000000000e-04,1.681856720e+08,343.964500,343.863500,0.000102,6.921285402e-06,2.491379e+08
169,28,1.000000000e-04,-1.712871093e+08,343.863500,343.775500,0.000105,6.921285402e-06,2.492693e+08
169,29,1.000000000e-04,-3.837198867e+08,343.775500,343.690000,0.000529,6.921285402e-06,2.493893e+08
169,30,1.000000000e-04,3.809040803e+08,343.690000,343.610500,0.000521,6.921285402e-06,2.495040e+08
169,31,1.000000000e-04,1.795012206e+08,343.610500,343.535000,0.000116,6.921285402e-06,2.496122e+08
169,32,1.000000000e-04,-1.656126312e+08,343.535000,343.455000,0.000099,6.921285402e-06,2.497203e+08
169,33,1.000000000e-04,-3.718161370e+08,343.455000,343.375000,0.000497,6.921285402e-06,2.498311e+08
169,34,1.000000000e-04,4.265050172e+08,343.375000,343.300000,0.000654,6.921285402e-06,2.499386e+08
169,35,1.000000000e-04,2.141338771e+08,343.300000,343.225500,0.000165,6.921285402e-06,2.500431e+08
169,36,1.000000000e-04,-1.411093721e+08,343.225500,343.153500,0.000072,6.921285402e-06,2.501450e+08
169,37,1.000000000e-04,-3.350058258e+08,343.153500,343.096000,0.000403,6.921285402e-06,2.502346e+08
169,38,1.000000000e-04,6.038878631e+08,343.096000,343.052500,0.001310,6.921285402e-06,2.503037e+08
169,39,1.000000000e-04,3.976818685e+08,343.052500,343.040000,0.000568,6.921285402e-06,2.503435e+08
170,0,1.000000000e-04,-3.428088680e+08,343.105000,343.118000,0.000422,6.921285402e-06,2.502530e+08
170,1,1.000000000e-04,-5.201092084e+08,343.118000,343.175100,0.000972,6.921285402e-06,2.502036e+08
170,2,1.000000000e-04,3.042826314e+08,343.175100,343.263900,0.000333,6.921285402e-06,2.501030e+08
170,3,1.000000000e-04,1.308728706e+08,343.263900,343.364700,0.000062,6.921285402e-06,2.499715e+08
170,4,1.000000000e-04,-1.866652846e+08,343.364700,343.482500,0.000125,6.921285402e-06,2.498195e+08
170,5,1.000000000e-04,-3.767677143e+08,343.482500,343.612300,0.000510,6.921285402e-06,2.496470e+08
170,6,1.000000000e-04,3.471161347e+08,343.612300,343.747200,0.000433,6.921285402e-06,2.494631e+08
170,7,1.000000000e-04,1.564701585e+08,343.747200,343.883900,0.000088,6.921285402e-06,2.492748e+08
170,8,1.000000000e-04,-1.643762525e+08,343.883900,344.023700,0.000097,6.921285402e-06,2.490826e+08
170,9,1.000000000e-04,-3.572649061e+08,344.023700,344.158000,0.000459,6.921285402e-06,2.488917e+08
170,10,1.000000000e-04,3.530900482e+08,344.158000,344.280300,0.000448,6.921285402e-06,2.487133e+08
170,11,1.000000000e-04,1.601306430e+08,344.280300,344.381100,0.000092,6.921285402e-06,2.485587e+08
170,12,1.000000000e-04,-1.611539841e+08,344.381100,344.468000,0.000093,6.921285402e-06,2.484283e+08
170,13,1.000000000e-04,-3.544043568e+08,344.468000,344.532700,0.000451,6.921285402e-06,2.483225e+08
170,14,1.000000000e-04,3.541657975e+08,344.532700,344.566000,0.000451,6.921285402e-06,2.482544e+08
170,15,1.000000000e-04,1.609132622e+08,344.566000,344.575700,0.000093,6.921285402e-06,2.482249e+08
170,16,1.000000000e-04,-1.603880616e+08,344.575700,344.563900,0.000092,6.921285402e-06,2.482264e+08
170,17,1.000000000e-04,-3.535044930e+08,344.563900,344.520100,0.000449,6.921285402e-06,2.482646e+08
170,18,1.000000000e-04,3.556805820e+08,344.520100,344.467300,0.000455,6.921285402e-06,2.483317e+08
170,19,1.000000000e-04,1.625937229e+08,344.467300,344.391500,0.000095,6.921285402e-06,2.484215e+08
170,20,1.000000000e-04,-1.584684447e+08,344.391500,344.306700,0.000090,6.921285402e-06,2.485331e+08
170,21,1.000000000e-04,-3.505358533e+08,344.306700,344.219800,0.000441,6.921285402e-06,2.486521e+08
170,22,1.000000000e-04,3.635393180e+08,344.219800,344.127100,0.000475,6.921285402e-06,2.487768e+08
170,23,1.000000000e-04,1.712918345e+08,344.127100,344.042300,0.000105,6.921285402e-06,2.489006e+08
170,24,1.000000000e-04,-1.491501329e+08,344.042300,343.964500,0.000080,6.921285402e-06,2.490137e+08
170,25,1.000000000e-04,-3.370792425e+08,343.964500,343.891000,0.000408,6.921285402e-06,2.491184e+08
170,26,1.000000000e-04,3.978579791e+08,343.891000,343.829800,0.000569,6.921285402e-06,2.492119e+08
170,27,1.000000000e-04,2.028386878e+08,343.829800,343.769100,0.000148,6.921285402e-06,2.492971e+08
170,28,1.000000000e-04,-1.279000197e+08,343.769100,343.719000,0.000059,6.921285402e-06,2.493742e+08
170,29,1.000000000e-04,-3.217958388e+08,343.719000,343.675000,0.000372,6.921285402e-06,2.494392e+08
170,30,1.000000000e-04,4.696836721e+08,343.675000,343.631000,0.000793,6.921285402e-06,2.494999e+08
170,31,1.000000000e-04,2.407678367e+08,343.631000,343.580900,0.000208,6.921285402e-06,2.495660e+08
170,32,1.000000000e-04,-1.518239273e+08,343.580900,343.526000,0.000083,6.921285402e-06,2.496391e+08
170,33,1.000000000e-04,-3.717030574e+08,343.526000,343.468300,0.000496,6.921285402e-06,2.497169e+08
170,34,1.000000000e-04,4.732877740e+08,343.468300,343.405000,0.000805,6.921285402e-06,2.498006e+08
170,35,1.000000000e-04,2.511139044e+08,343.405000,343.341000,0.000227,6.921285402e-06,2.498898e+08
170,36,1.000000000e-04,-1.394224042e+08,343.341000,343.277000,0.000070,6.921285402e-06,2.499789e+08
170,37,1.000000000e-04,-3.326801259e+08,343.277000,343.223000,0.000398,6.921285402e-06,2.500605e+08
170,38,1.000000000e-04,6.716228516e+08,343.223000,343.184000,0.001621,6.921285402e-06,2.501237e+08
170,39,1.000000000e-04,4.574331640e+08,343.184000,343.172000,0.000752,6.921285402e-06,2.501602e+08
171,0,1.000000000e-04,-2.421770155e+08,343.025000,343.047000,0.000211,6.921285402e-06,2.503582e+08
171,1,1.000000000e-04,-2.938370194e+08,343.047000,343.093000,0.000310,6.921285402e-06,2.503108e+08
171,2,1.000000000e-04,8.918478984e+07,343.093000,343.172100,0.000029,6.921285402e-06,2.502242e+08
171,3,1.000000000e-04,5.568124535e+07,343.172100,343.266000,0.000011,6.921285402e-06,2.501040e+08
171,4,1.000000000e-04,-1.224572154e+08,343.266000,343.365500,0.000054,6.921285402e-06,2.499695e+08
171,5,1.000000000e-04,-1.784558228e+08,343.365500,343.476700,0.000114,6.921285402e-06,2.498230e+08
171,6,1.000000000e-04,1.476383420e+08,343.476700,343.592900,0.000078,6.921285402e-06,2.496650e+08
171,7,1.000000000e-04,8.900154031e+07,343.592900,343.711000,0.000028,6.921285402e-06,2.495023e+08
171,8,1.000000000e-04,-9.858746816e+07,343.711000,343.820300,0.000035,6.921285402e-06,2.493442e+08
171,9,1.000000000e-04,-1.606332503e+08,343.820300,343.927500,0.000093,6.921285402e-06,2.491937e+08
171,10,1.000000000e-04,1.562945562e+08,343.927500,344.026700,0.000088,6.921285402e-06,2.490502e+08
171,11,1.000000000e-04,9.386845120e+07,344.026700,344.113000,0.000032,6.921285402e-06,2.489214e+08
171,12,1.000000000e-04,-9.509467364e+07,344.113000,344.186100,0.000032,6.921285402e-06,2.488106e+08
171,13,1.000000000e-04,-1.579588330e+08,344.186100,344.239000,0.000090,6.921285402e-06,2.487229e+08
171,14,1.000000000e-04,1.577914354e+08,344.239000,344.267000,0.000089,6.921285402e-06,2.486667e+08
171,15,1.000000000e-04,9.489947770e+07,344.267000,344.282000,0.000032,6.921285402e-06,2.486369e+08
171,16,1.000000000e-04,-9.414577713e+07,344.282000,344.277100,0.000032,6.921285402e-06,2.486299e+08
171,17,1.000000000e-04,-1.567870463e+08,344.277100,344.252000,0.000088,6.921285402e-06,2.486507e+08
171,18,1.000000000e-04,1.596498863e+08,344.252000,344.213700,0.000092,6.921285402e-06,2.486947e+08
171,19,1.000000000e-04,9.713884461e+07,344.213700,344.164000,0.000034,6.921285402e-06,2.487560e+08
171,20,1.000000000e-04,-9.127142523e+07,344.164000,344.109600,0.000030,6.921285402e-06,2.488283e+08
171,21,1.000000000e-04,-1.518673883e+08,344.109600,344.044100,0.000083,6.921285402e-06,2.489116e+08
171,22,1.000000000e-04,1.698249055e+08,344.044100,343.981900,0.000104,6.921285402e-06,2.490003e+08
171,23,1.000000000e-04,1.095008905e+08,343.981900,343.922700,0.000043,6.921285402e-06,2.490848e+08
171,24,1.000000000e-04,-7.620924531e+07,343.922700,343.863500,0.000021,6.921285402e-06,2.491671e+08
171,25,1.000000000e-04,-1.267750466e+08,343.863500,343.812300,0.000058,6.921285402e-06,2.492437e+08
171,26,1.000000000e-04,2.222067990e+08,343.812300,343.769100,0.000177,6.921285402e-06,2.493092e+08
171,27,1.000000000e-04,1.629069238e+08,343.769100,343.738900,0.000095,6.921285402e-06,2.493603e+08
171,28,1.000000000e-04,-3.211236748e+07,343.738900,343.711700,0.000004,6.921285402e-06,2.494003e+08
171,29,1.000000000e-04,-7.208397468e+07,343.711700,343.692500,0.000019,6.921285402e-06,2.494326e+08
171,30,1.000000000e-04,3.874220512e+08,343.692500,343.670300,0.000539,6.921285402e-06,2.494607e+08
171,31,1.000000000e-04,2.415480379e+08,343.670300,343.643100,0.000210,6.921285402e-06,2.494954e+08
171,32,1.000000000e-04,-9.840504894e+07,343.643100,343.609900,0.000035,6.921285402e-06,2.495376e+08
171,33,1.000000000e-04,-2.102273125e+08,343.609900,343.557700,0.000159,6.921285402e-06,2.495968e+08
171,34,1.000000000e-04,3.441867472e+08,343.557700,343.505500,0.000426,6.921285402e-06,2.496691e+08
171,35,1.000000000e-04,2.343941910e+08,343.505500,343.444000,0.000197,6.921285402e-06,2.497484e+08
171,36,1.000000000e-04,-8.610633983e+07,343.444000,343.389000,0.000027,6.921285402e-06,2.498295e+08
171,37,1.000000000e-04,-1.471884479e+08,343.389000,343.338900,0.000078,6.921285402e-06,2.499025e+08
171,38,1.000000000e-04,5.330896501e+08,343.338900,343.302000,0.001021,6.921285402e-06,2.499619e+08
171,39,1.000000000e-04,4.371688666e+08,343.302000,343.287000,0.000687,6.921285402e-06,2.499983e+08
172,0,1.000000000e-04,-1.629975032e+08,342.340000,342.353000,0.000095,6.921285402e-06,2.513168e+08
172,1,1.000000000e-04,2.175064593e+07,342.353000,342.408000,0.000002,6.921285402e-06,2.512696e+08
172,2,1.000000000e-04,-7.731086206e+07,342.408000,342.475000,0.000021,6.921285402e-06,2.511848e+08
172,3,1.000000000e-04,5.187707097e+07,342.475000,342.555000,0.000010,6.921285402e-06,2.510826e+08
172,4,1.000000000e-04,-6.183182885e+07,342.555000,342.650000,0.000014,6.921285402e-06,2.509610e+08
172,5,1.000000000e-04,5.740134630e+07,342.650000,342.746000,0.000012,6.921285402e-06,2.508283e+08
172,6,1.000000000e-04,-5.913010825e+07,342.746000,342.842000,0.000013,6.921285402e-06,2.506948e+08
172,7,1.000000000e-04,5.837430496e+07,342.842000,342.938000,0.000012,6.921285402e-06,2.505614e+08
172,8,1.000000000e-04,-5.866686271e+07,342.938000,343.034000,0.000012,6.921285402e-06,2.504279e+08
172,9,1.000000000e-04,5.854499274e+07,343.034000,343.125000,0.000012,6.921285402e-06,2.502980e+08
172,10,1.000000000e-04,-5.859139432e+07,343.125000,343.204000,0.000012,6.921285402e-06,2.501798e+08
172,11,1.000000000e-04,5.857405956e+07,343.204000,343.268000,0.000012,6.921285402e-06,2.500804e+08
172,12,1.000000000e-04,-5.858059657e+07,343.268000,343.329000,0.000012,6.921285402e-06,2.499936e+08
172,13,1.000000000e-04,5.857832029e+07,343.329000,343.368000,0.000012,6.921285402e-06,2.499241e+08
172,14,1.000000000e-04,-5.857956438e+07,343.368000,343.385000,0.000012,6.921285402e-06,2.498852e+08
172,15,1.000000000e-04,5.857810839e+07,343.385000,343.399000,0.000012,6.921285402e-06,2.498636e+08
172,16,1.000000000e-04,-5.858003623e+07,343.399000,343.383000,0.000012,6.921285402e-06,2.498650e+08
172,17,1.000000000e-04,5.857570871e+07,343.383000,343.354000,0.000012,6.921285402e-06,2.498963e+08
172,18,1.000000000e-04,-5.858088186e+07,343.354000,343.322000,0.000012,6.921285402e-06,2.499387e+08
172,19,1.000000000e-04,5.856968992e+07,343.322000,343.265000,0.000012,6.921285402e-06,2.500005e+08
172,20,1.000000000e-04,-5.858292405e+07,343.265000,343.206000,0.000012,6.921285402e-06,2.500811e+08
172,21,1.000000000e-04,5.855441361e+07,343.206000,343.142000,0.000012,6.921285402e-06,2.501666e+08
172,22,1.000000000e-04,-5.861167839e+07,343.142000,343.068000,0.000012,6.921285402e-06,2.502625e+08
172,23,1.000000000e-04,5.846839447e+07,343.068000,342.995000,0.000012,6.921285402e-06,2.503647e+08
172,24,1.000000000e-04,-5.879347347e+07,342.995000,342.920000,0.000012,6.921285402e-06,2.504676e+08
172,25,1.000000000e-04,5.796152039e+07,342.920000,342.845000,0.000012,6.921285402e-06,2.505718e+08
172,26,1.000000000e-04,-5.984998676e+07,342.845000,342.772000,0.000013,6.921285402e-06,2.506747e+08
172,27,1.000000000e-04,5.501654073e+07,342.772000,342.698000,0.000011,6.921285402e-06,2.507768e+08
172,28,1.000000000e-04,-6.580797774e+07,342.698000,342.625000,0.000016,6.921285402e-06,2.508790e+08
172,29,1.000000000e-04,3.826711274e+07,342.625000,342.555000,0.000005,6.921285402e-06,2.509784e+08
172,30,1.000000000e-04,-6.065606505e+07,342.555000,342.486000,0.000013,6.921285402e-06,2.510750e+08
172,31,1.000000000e-04,5.066598280e+07,342.486000,342.415000,0.000009,6.921285402e-06,2.511723e+08
172,32,1.000000000e-04,-5.434749309e+07,342.415000,342.345000,0.000011,6.921285402e-06,2.512703e+08
172,33,1.000000000e-04,5.329304446e+07,342.345000,342.274000,0.000010,6.921285402e-06,2.513683e+08
172,34,1.000000000e-04,-5.240077109e+07,342.274000,342.210000,0.000010,6.921285402e-06,2.514621e+08
172,35,1.000000000e-04,5.613203985e+07,342.210000,342.146000,0.000011,6.921285402e-06,2.515511e+08
172,36,1.000000000e-04,-4.719773290e+07,342.146000,342.082000,0.000008,6.921285402e-06,2.516400e+08
172,37,1.000000000e-04,7.026938499e+07,342.082000,342.031000,0.000018,6.921285402e-06,2.517199e+08
172,38,1.000000000e-04,-1.977928322e+07,342.031000,341.992000,0.000001,6.921285402e-06,2.517825e+08
172,39,1.000000000e-04,1.481779364e+08,341.992000,341.980000,0.000079,6.921285402e-06,2.518179e+08
173,0,1.000000000e-04,-5.107431556e+08,342.353000,342.376000,0.000937,6.921285402e-06,2.512907e+08
173,1,1.000000000e-04,3.055603031e+08,342.376000,342.424000,0.000335,6.921285402e-06,2.512421e+08
173,2,1.000000000e-04,-3.055603031e+08,342.424000,342.498000,0.000335,6.921285402e-06,2.511573e+08
173,3,1.000000000e-04,2.947739038e+08,342.498000,342.578900,0.000312,6.921285402e-06,2.510497e+08
173,4,1.000000000e-04,-2.947739038e+08,342.578900,342.674000,0.000312,6.921285402e-06,2.509274e+08
173,5,1.000000000e-04,2.931659760e+08,342.674000,342.770100,0.000309,6.921285402e-06,2.507945e+08
173,6,1.000000000e-04,-2.931659760e+08,342.770100,342.874000,0.000309,6.921285402e-06,2.506555e+08
173,7,1.000000000e-04,2.929198858e+08,342.874000,342.973300,0.000308,6.921285402e-06,2.505143e+08
173,8,1.000000000e-04,-2.929198858e+08,342.973300,343.070000,0.000308,6.921285402e-06,2.503780e+08
173,9,1.000000000e-04,2.928932353e+08,343.070000,343.166000,0.000308,6.921285402e-06,2.502441e+08
173,10,1.000000000e-04,-2.928932353e+08,343.166000,343.251100,0.000308,6.921285402e-06,2.501182e+08
173,11,1.000000000e-04,2.928941696e+08,343.251100,343.316000,0.000308,6.921285402e-06,2.500140e+08
173,12,1.000000000e-04,-2.928941696e+08,343.316000,343.377000,0.000308,6.921285402e-06,2.499265e+08
173,13,1.000000000e-04,2.928951218e+08,343.377000,343.416000,0.000308,6.921285402e-06,2.498570e+08
173,14,1.000000000e-04,-2.928951218e+08,343.416000,343.443000,0.000308,6.921285402e-06,2.498111e+08
173,15,1.000000000e-04,2.928939258e+08,343.443000,343.447000,0.000308,6.921285402e-06,2.497896e+08
173,16,1.000000000e-04,-2.928939258e+08,343.447000,343.431000,0.000308,6.921285402e-06,2.497979e+08
173,17,1.000000000e-04,2.928880442e+08,343.431000,343.408300,0.000308,6.921285402e-06,2.498248e+08
173,18,1.000000000e-04,-2.928880442e+08,343.408300,343.361000,0.000308,6.921285402e-06,2.498735e+08
173,19,1.000000000e-04,2.928728757e+08,343.361000,343.311500,0.000308,6.921285402e-06,2.499407e+08
173,20,1.000000000e-04,-2.928728757e+08,343.311500,343.251000,0.000308,6.921285402e-06,2.500172e+08
173,21,1.000000000e-04,2.928578433e+08,343.251000,343.177300,0.000308,6.921285402e-06,2.501105e+08
173,22,1.000000000e-04,-2.928578433e+08,343.177300,343.100000,0.000308,6.921285402e-06,2.502154e+08
173,23,1.000000000e-04,2.928103353e+08,343.100000,343.028100,0.000308,6.921285402e-06,2.503191e+08
173,24,1.000000000e-04,-2.928103353e+08,343.028100,342.949000,0.000308,6.921285402e-06,2.504240e+08
173,25,1.000000000e-04,2.925280214e+08,342.949000,342.869900,0.000307,6.921285402e-06,2.505340e+08
173,26,1.000000000e-04,-2.925280214e+08,342.869900,342.798000,0.000307,6.921285402e-06,2.506389e+08
173,27,1.000000000e-04,2.907075867e+08,342.798000,342.721700,0.000304,6.921285402e-06,2.507419e+08
173,28,1.000000000e-04,-2.907075867e+08,342.721700,342.648000,0.000304,6.921285402e-06,2.508462e+08
173,29,1.000000000e-04,2.709012907e+08,342.648000,342.578000,0.000264,6.921285402e-06,2.509461e+08
173,30,1.000000000e-04,-2.709012907e+08,342.578000,342.507100,0.000264,6.921285402e-06,2.510440e+08
173,31,1.000000000e-04,2.670015065e+08,342.507100,342.434300,0.000256,6.921285402e-06,2.511439e+08
173,32,1.000000000e-04,-2.670015065e+08,342.434300,342.360700,0.000256,6.921285402e-06,2.512457e+08
173,33,1.000000000e-04,2.666273976e+08,342.360700,342.296000,0.000255,6.921285402e-06,2.513418e+08
173,34,1.000000000e-04,-2.666273976e+08,342.296000,342.222500,0.000255,6.921285402e-06,2.514378e+08
173,35,1.000000000e-04,2.679946235e+08,342.222500,342.158000,0.000258,6.921285402e-06,2.515337e+08
173,36,1.000000000e-04,-2.679946235e+08,342.158000,342.094700,0.000258,6.921285402e-06,2.516226e+08
173,37,1.000000000e-04,2.777851711e+08,342.094700,342.043000,0.000277,6.921285402e-06,2.517025e+08
173,38,1.000000000e-04,-2.777851711e+08,342.043000,342.004000,0.000277,6.921285402e-06,2.517655e+08
173,39,1.000000000e-04,4.643130925e+08,342.004000,341.992000,0.000775,6.921285402e-06,2.518004e+08
174,0,1.000000000e-04,-2.269334985e+08,342.408000,342.424000,0.000185,6.921285402e-06,2.512200e+08
174,1,1.000000000e-04,5.819210122e+07,342.424000,342.476900,0.000012,6.921285402e-06,2.511724e+08
174,2,1.000000000e-04,-1.048054020e+08,342.476900,342.553000,0.000039,6.921285402e-06,2.510827e+08
174,3,1.000000000e-04,8.709359612e+07,342.553000,342.642000,0.000027,6.921285402e-06,2.509679e+08
174,4,1.000000000e-04,-9.202185479e+07,342.642000,342.745000,0.000030,6.921285402e-06,2.508345e+08
174,5,1.000000000e-04,9.002062600e+07,342.745000,342.849000,0.000029,6.921285402e-06,2.506906e+08
174,6,1.000000000e-04,-9.057807254e+07,342.849000,342.961000,0.000029,6.921285402e-06,2.505405e+08
174,7,1.000000000e-04,9.034951518e+07,342.961000,343.072100,0.000029,6.921285402e-06,2.503855e+08
174,8,1.000000000e-04,-9.040283760e+07,343.072100,343.186300,0.000029,6.921285402e-06,2.502289e+08
174,9,1.000000000e-04,9.041810527e+07,343.186300,343.286500,0.000029,6.921285402e-06,2.500799e+08
174,10,1.000000000e-04,-9.040902037e+07,343.286500,343.385000,0.000029,6.921285402e-06,2.499418e+08
174,11,1.000000000e-04,9.043009232e+07,343.385000,343.462900,0.000029,6.921285402e-06,2.498192e+08
174,12,1.000000000e-04,-9.042330301e+07,343.462900,343.526000,0.000029,6.921285402e-06,2.497212e+08
174,13,1.000000000e-04,9.042938830e+07,343.526000,343.571300,0.000029,6.921285402e-06,2.496458e+08
174,14,1.000000000e-04,-9.042869902e+07,343.571300,343.599000,0.000029,6.921285402e-06,2.495951e+08
174,15,1.000000000e-04,9.042537087e+07,343.599000,343.603000,0.000029,6.921285402e-06,2.495731e+08
174,16,1.000000000e-04,-9.043100260e+07,343.603000,343.582100,0.000029,6.921285402e-06,2.495848e+08
174,17,1.000000000e-04,9.041180385e+07,343.582100,343.548900,0.000029,6.921285402e-06,2.496224e+08
174,18,1.000000000e-04,-9.042897410e+07,343.548900,343.503000,0.000029,6.921285402e-06,2.496774e+08
174,19,1.000000000e-04,9.037949185e+07,343.503000,343.436500,0.000029,6.921285402e-06,2.497555e+08
174,20,1.000000000e-04,-9.039976721e+07,343.436500,343.361000,0.000029,6.921285402e-06,2.498542e+08
174,21,1.000000000e-04,9.036814802e+07,343.361000,343.281000,0.000029,6.921285402e-06,2.499623e+08
174,22,1.000000000e-04,-9.038773981e+07,343.281000,343.194000,0.000029,6.921285402e-06,2.500783e+08
174,23,1.000000000e-04,9.034099183e+07,343.194000,343.107700,0.000029,6.921285402e-06,2.501988e+08
174,24,1.000000000e-04,-9.042700443e+07,343.107700,343.027000,0.000029,6.921285402e-06,2.503148e+08
174,25,1.000000000e-04,9.012970200e+07,343.027000,342.940000,0.000029,6.921285402e-06,2.504314e+08
174,26,1.000000000e-04,-9.081610080e+07,342.940000,342.860000,0.000030,6.921285402e-06,2.505475e+08
174,27,1.000000000e-04,8.836780803e+07,342.860000,342.783000,0.000028,6.921285402e-06,2.506566e+08
174,28,1.000000000e-04,-9.449198355e+07,342.783000,342.703000,0.000032,6.921285402e-06,2.507657e+08
174,29,1.000000000e-04,7.244357423e+07,342.703000,342.629500,0.000019,6.921285402e-06,2.508724e+08
174,30,1.000000000e-04,-8.676691758e+07,342.629500,342.553300,0.000027,6.921285402e-06,2.509764e+08
174,31,1.000000000e-04,8.115786319e+07,342.553300,342.480900,0.000024,6.921285402e-06,2.510797e+08
174,32,1.000000000e-04,-8.267062360e+07,342.480900,342.408100,0.000025,6.921285402e-06,2.511806e+08
174,33,1.000000000e-04,8.222863634e+07,342.408100,342.335700,0.000024,6.921285402e-06,2.512815e+08
174,34,1.000000000e-04,-8.190472439e+07,342.335700,342.266000,0.000024,6.921285402e-06,2.513803e+08
174,35,1.000000000e-04,8.364235945e+07,342.266000,342.197000,0.000025,6.921285402e-06,2.514767e+08
174,36,1.000000000e-04,-7.918531616e+07,342.197000,342.135100,0.000023,6.921285402e-06,2.515677e+08
174,37,1.000000000e-04,9.527585426e+07,342.135100,342.082000,0.000033,6.921285402e-06,2.516476e+08
174,38,1.000000000e-04,-5.290323472e+07,342.082000,342.043000,0.000010,6.921285402e-06,2.517116e+08
174,39,1.000000000e-04,2.063031748e+08,342.043000,342.024000,0.000153,6.921285402e-06,2.517518e+08
175,0,1.000000000e-04,-4.551829395e+08,342.475000,342.498000,0.000744,6.921285402e-06,2.511214e+08
175,1,1.000000000e-04,2.589470023e+08,342.498000,342.553000,0.000241,6.921285402e-06,2.510678e+08
175,2,1.000000000e-04,-2.589470023e+08,342.553000,342.636000,0.000241,6.921285402e-06,2.509719e+08
175,3,1.000000000e-04,2.504277374e+08,342.636000,342.734700,0.000225,6.921285402e-06,2.508456e+08
175,4,1.000000000e-04,-2.504277374e+08,342.734700,342.846000,0.000225,6.921285402e-06,2.506996e+08
175,5,1.000000000e-04,2.495164553e+08,342.846000,342.965000,0.000224,6.921285402e-06,2.505396e+08
175,6,1.000000000e-04,-2.495164553e+08,342.965000,343.095100,0.000224,6.921285402e-06,2.503665e+08
175,7,1.000000000e-04,2.494590850e+08,343.095100,343.222800,0.000224,6.921285402e-06,2.501873e+08
175,8,1.000000000e-04,-2.494590850e+08,343.222800,343.350700,0.000224,6.921285402e-06,2.500096e+08
175,9,1.000000000e-04,2.495910438e+08,343.350700,343.478500,0.000224,6.921285402e-06,2.498319e+08
175,10,1.000000000e-04,-2.495910438e+08,343.478500,343.588000,0.000224,6.921285402e-06,2.496670e+08
175,11,1.000000000e-04,2.496585231e+08,343.588000,343.688100,0.000224,6.921285402e-06,2.495213e+08
175,12,1.000000000e-04,-2.496585231e+08,343.688100,343.763900,0.000224,6.921285402e-06,2.493991e+08
175,13,1.000000000e-04,2.496744334e+08,343.763900,343.816700,0.000224,6.921285402e-06,2.493097e+08
175,14,1.000000000e-04,-2.496744334e+08,343.816700,343.845000,0.000224,6.921285402e-06,2.492534e+08
175,15,1.000000000e-04,2.496672593e+08,343.845000,343.846000,0.000224,6.921285402e-06,2.492330e+08
175,16,1.000000000e-04,-2.496672593e+08,343.846000,343.823000,0.000224,6.921285402e-06,2.492483e+08
175,17,1.000000000e-04,2.496191479e+08,343.823000,343.779000,0.000224,6.921285402e-06,2.492948e+08
175,18,1.000000000e-04,-2.496191479e+08,343.779000,343.712300,0.000224,6.921285402e-06,2.493718e+08
175,19,1.000000000e-04,2.494738330e+08,343.712300,343.628500,0.000224,6.921285402e-06,2.494764e+08
175,20,1.000000000e-04,-2.494738330e+08,343.628500,343.533000,0.000224,6.921285402e-06,2.496010e+08
175,21,1.000000000e-04,2.494022558e+08,343.533000,343.434900,0.000223,6.921285402e-06,2.497355e+08
175,22,1.000000000e-04,-2.494022558e+08,343.434900,343.334100,0.000223,6.921285402e-06,2.498738e+08
175,23,1.000000000e-04,2.493683763e+08,343.334100,343.233300,0.000223,6.921285402e-06,2.500139e+08
175,24,1.000000000e-04,-2.493683763e+08,343.233300,343.134000,0.000223,6.921285402e-06,2.501530e+08
175,25,1.000000000e-04,2.492338918e+08,343.134000,343.045000,0.000223,6.921285402e-06,2.502838e+08
175,26,1.000000000e-04,-2.492338918e+08,343.045000,342.953900,0.000223,6.921285402e-06,2.504090e+08
175,27,1.000000000e-04,2.480717298e+08,342.953900,342.863000,0.000221,6.921285402e-06,2.505355e+08
175,28,1.000000000e-04,-2.480717298e+08,342.863000,342.780300,0.000221,6.921285402e-06,2.506561e+08
175,29,1.000000000e-04,2.297678170e+08,342.780300,342.700000,0.000190,6.921285402e-06,2.507695e+08
175,30,1.000000000e-04,-2.297678170e+08,342.700000,342.620000,0.000190,6.921285402e-06,2.508809e+08
175,31,1.000000000e-04,2.270674874e+08,342.620000,342.544900,0.000185,6.921285402e-06,2.509887e+08
175,32,1.000000000e-04,-2.270674874e+08,342.544900,342.467000,0.000185,6.921285402e-06,2.510950e+08
175,33,1.000000000e-04,2.268624958e+08,342.467000,342.393300,0.000185,6.921285402e-06,2.512004e+08
175,34,1.000000000e-04,-2.268624958e+08,342.393300,342.320500,0.000185,6.921285402e-06,2.513022e+08
175,35,1.000000000e-04,2.276648548e+08,342.320500,342.248000,0.000186,6.921285402e-06,2.514032e+08
175,36,1.000000000e-04,-2.276648548e+08,342.248000,342.184000,0.000186,6.921285402e-06,2.514980e+08
175,37,1.000000000e-04,2.354067968e+08,342.184000,342.130000,0.000199,6.921285402e-06,2.515800e+08
175,38,1.000000000e-04,-2.354067968e+08,342.130000,342.082000,0.000199,6.921285402e-06,2.516509e+08
175,39,1.000000000e-04,4.138028413e+08,342.082000,342.069000,0.000615,6.921285402e-06,2.516928e+08
176,0,1.000000000e-04,-2.122861066e+08,342.555000,342.578900,0.000162,6.921285402e-06,2.510102e+08
176,1,1.000000000e-04,5.126669458e+07,342.578900,342.642000,0.000009,6.921285402e-06,2.509500e+08
176,2,1.000000000e-04,-9.561286097e+07,342.642000,342.734700,0.000033,6.921285402e-06,2.508417e+08
176,3,1.000000000e-04,7.924760747e+07,342.734700,342.846000,0.000023,6.921285402e-06,2.506999e+08
176,4,1.000000000e-04,-8.374989576e+07,342.846000,342.971500,0.000025,6.921285402e-06,2.505353e+08
176,5,1.000000000e-04,8.210599607e+07,342.971500,343.110800,0.000024,6.921285402e-06,2.503513e+08
176,6,1.000000000e-04,-8.251720195e+07,343.110800,343.262000,0.000024,6.921285402e-06,2.501494e+08
176,7,1.000000000e-04,8.251627814e+07,343.262000,343.416700,0.000024,6.921285402e-06,2.499368e+08
176,8,1.000000000e-04,-8.238836724e+07,343.416700,343.583200,0.000024,6.921285402e-06,2.497135e+08
176,9,1.000000000e-04,8.290093464e+07,343.583200,343.737500,0.000025,6.921285402e-06,2.494906e+08
176,10,1.000000000e-04,-8.271058147e+07,343.737500,343.878900,0.000025,6.921285402e-06,2.492851e+08
176,11,1.000000000e-04,8.295942676e+07,343.878900,344.004600,0.000025,6.921285402e-06,2.490994e+08
176,12,1.000000000e-04,-8.288282644e+07,344.004600,344.101700,0.000025,6.921285402e-06,2.489446e+08
176,13,1.000000000e-04,8.294038242e+07,344.101700,344.163900,0.000025,6.921285402e-06,2.488339e+08
176,14,1.000000000e-04,-8.293233550e+07,344.163900,344.201000,0.000025,6.921285402e-06,2.487649e+08
176,15,1.000000000e-04,8.290696721e+07,344.201000,344.195000,0.000025,6.921285402e-06,2.487433e+08
176,16,1.000000000e-04,-8.295662104e+07,344.195000,344.165700,0.000025,6.921285402e-06,2.487678e+08
176,17,1.000000000e-04,8.278337399e+07,344.165700,344.093300,0.000025,6.921285402e-06,2.488385e+08
176,18,1.000000000e-04,-8.295963003e+07,344.093300,344.005900,0.000025,6.921285402e-06,2.489495e+08
176,19,1.000000000e-04,8.242785291e+07,344.005900,343.892000,0.000024,6.921285402e-06,2.490894e+08
176,20,1.000000000e-04,-8.262446960e+07,343.892000,343.766200,0.000025,6.921285402e-06,2.492560e+08
176,21,1.000000000e-04,8.236977997e+07,343.766200,343.640700,0.000024,6.921285402e-06,2.494307e+08
176,22,1.000000000e-04,-8.245564494e+07,343.640700,343.514300,0.000024,6.921285402e-06,2.496057e+08
176,23,1.000000000e-04,8.236687470e+07,343.514300,343.387900,0.000024,6.921285402e-06,2.497814e+08
176,24,1.000000000e-04,-8.244922608e+07,343.387900,343.266500,0.000024,6.921285402e-06,2.499537e+08
176,25,1.000000000e-04,8.220859079e+07,343.266500,343.157000,0.000024,6.921285402e-06,2.501141e+08
176,26,1.000000000e-04,-8.281883850e+07,343.157000,343.054700,0.000025,6.921285402e-06,2.502613e+08
176,27,1.000000000e-04,8.061848296e+07,343.054700,342.956300,0.000023,6.921285402e-06,2.504008e+08
176,28,1.000000000e-04,-8.655140484e+07,342.956300,342.869100,0.000027,6.921285402e-06,2.505298e+08
176,29,1.000000000e-04,6.502007286e+07,342.869100,342.780000,0.000015,6.921285402e-06,2.506524e+08
176,30,1.000000000e-04,-7.910994930e+07,342.780000,342.699100,0.000022,6.921285402e-06,2.507705e+08
176,31,1.000000000e-04,7.391768519e+07,342.699100,342.611000,0.000020,6.921285402e-06,2.508880e+08
176,32,1.000000000e-04,-7.531024602e+07,342.611000,342.531000,0.000020,6.921285402e-06,2.510048e+08
176,33,1.000000000e-04,7.493226682e+07,342.531000,342.451000,0.000020,6.921285402e-06,2.511160e+08
176,34,1.000000000e-04,-7.465881135e+07,342.451000,342.381000,0.000020,6.921285402e-06,2.512202e+08
176,35,1.000000000e-04,7.613061244e+07,342.381000,342.303000,0.000021,6.921285402e-06,2.513231e+08
176,36,1.000000000e-04,-7.204335466e+07,342.303000,342.239000,0.000019,6.921285402e-06,2.514218e+08
176,37,1.000000000e-04,8.692058466e+07,342.239000,342.178000,0.000027,6.921285402e-06,2.515087e+08
176,38,1.000000000e-04,-4.660592805e+07,342.178000,342.138100,0.000008,6.921285402e-06,2.515788e+08
176,39,1.000000000e-04,1.929873245e+08,342.138100,342.117000,0.000134,6.921285402e-06,2.516210e+08
177,0,1.000000000e-04,-4.452281816e+08,342.650000,342.674000,0.000712,6.921285402e-06,2.508775e+08
177,1,1.000000000e-04,2.540187436e+08,342.674000,342.745000,0.000232,6.921285402e-06,2.508120e+08
177,2,1.000000000e-04,-2.540187436e+08,342.745000,342.846000,0.000232,6.921285402e-06,2.506925e+08
177,3,1.000000000e-04,2.459254491e+08,342.846000,342.971500,0.000217,6.921285402e-06,2.505351e+08
177,4,1.000000000e-04,-2.459254491e+08,342.971500,343.120000,0.000217,6.921285402e-06,2.503446e+08
177,5,1.000000000e-04,2.451746267e+08,343.120000,343.291000,0.000216,6.921285402e-06,2.501226e+08
177,6,1.000000000e-04,-2.451746267e+08,343.291000,343.477500,0.000216,6.921285402e-06,2.498741e+08
177,7,1.000000000e-04,2.455115967e+08,343.477500,343.674000,0.000217,6.921285402e-06,2.496079e+08
177,8,1.000000000e-04,-2.455115967e+08,343.674000,343.882000,0.000217,6.921285402e-06,2.493268e+08
177,9,1.000000000e-04,2.471116435e+08,343.882000,344.087500,0.000219,6.921285402e-06,2.490394e+08
177,10,1.000000000e-04,-2.471116435e+08,344.087500,344.280500,0.000219,6.921285402e-06,2.487625e+08
177,11,1.000000000e-04,2.477725918e+08,344.280500,344.441500,0.000221,6.921285402e-06,2.485164e+08
177,12,1.000000000e-04,-2.477725918e+08,344.441500,344.569500,0.000221,6.921285402e-06,2.483156e+08
177,13,1.000000000e-04,2.479022582e+08,344.569500,344.660000,0.000221,6.921285402e-06,2.481637e+08
177,14,1.000000000e-04,-2.479022582e+08,344.660000,344.695000,0.000221,6.921285402e-06,2.480765e+08
177,15,1.000000000e-04,2.478495660e+08,344.695000,344.692000,0.000221,6.921285402e-06,2.480543e+08
177,16,1.000000000e-04,-2.478495660e+08,344.692000,344.633500,0.000221,6.921285402e-06,2.480970e+08
177,17,1.000000000e-04,2.474305992e+08,344.633500,344.542500,0.000220,6.921285402e-06,2.482009e+08
177,18,1.000000000e-04,-2.474305992e+08,344.542500,344.409000,0.000220,6.921285402e-06,2.483569e+08
177,19,1.000000000e-04,2.458216783e+08,344.409000,344.250000,0.000217,6.921285402e-06,2.485602e+08
177,20,1.000000000e-04,-2.458216783e+08,344.250000,344.078500,0.000217,6.921285402e-06,2.487899e+08
177,21,1.000000000e-04,2.451569786e+08,344.078500,343.898000,0.000216,6.921285402e-06,2.490346e+08
177,22,1.000000000e-04,-2.451569786e+08,343.898000,343.730000,0.000216,6.921285402e-06,2.492768e+08
177,23,1.000000000e-04,2.450039936e+08,343.730000,343.570000,0.000216,6.921285402e-06,2.495047e+08
177,24,1.000000000e-04,-2.450039936e+08,343.570000,343.422500,0.000216,6.921285402e-06,2.497185e+08
177,25,1.000000000e-04,2.448685359e+08,343.422500,343.297000,0.000215,6.921285402e-06,2.499082e+08
177,26,1.000000000e-04,-2.448685359e+08,343.297000,343.172500,0.000215,6.921285402e-06,2.500819e+08
177,27,1.000000000e-04,2.437724454e+08,343.172500,343.065500,0.000214,6.921285402e-06,2.502428e+08
177,28,1.000000000e-04,-2.437724454e+08,343.065500,342.966000,0.000214,6.921285402e-06,2.503864e+08
177,29,1.000000000e-04,2.256097382e+08,342.966000,342.865000,0.000183,6.921285402e-06,2.505257e+08
177,30,1.000000000e-04,-2.256097382e+08,342.865000,342.779000,0.000183,6.921285402e-06,2.506557e+08
177,31,1.000000000e-04,2.230234487e+08,342.779000,342.690000,0.000179,6.921285402e-06,2.507773e+08
177,32,1.000000000e-04,-2.230234487e+08,342.690000,342.605000,0.000179,6.921285402e-06,2.508983e+08
177,33,1.000000000e-04,2.228356289e+08,342.605000,342.525000,0.000178,6.921285402e-06,2.510129e+08
177,34,1.000000000e-04,-2.228356289e+08,342.525000,342.445000,0.000178,6.921285402e-06,2.511241e+08
177,35,1.000000000e-04,2.235597609e+08,342.445000,342.365500,0.000180,6.921285402e-06,2.512350e+08
177,36,1.000000000e-04,-2.235597609e+08,342.365500,342.297000,0.000180,6.921285402e-06,2.513378e+08
177,37,1.000000000e-04,2.309248245e+08,342.297000,342.236000,0.000192,6.921285402e-06,2.514278e+08
177,38,1.000000000e-04,-2.309248245e+08,342.236000,342.188000,0.000192,6.921285402e-06,2.515036e+08
177,39,1.000000000e-04,4.047523848e+08,342.188000,342.175000,0.000589,6.921285402e-06,2.515455e+08
178,0,1.000000000e-04,-2.094635519e+08,342.746000,342.770100,0.000158,6.921285402e-06,2.507446e+08
178,1,1.000000000e-04,5.087339362e+07,342.770100,342.849000,0.000009,6.921285402e-06,2.506732e+08
178,2,1.000000000e-04,-9.452291430e+07,342.849000,342.965000,0.000032,6.921285402e-06,2.505377e+08
178,3,1.000000000e-04,7.851498989e+07,342.965000,343.110800,0.000022,6.921285402e-06,2.503558e+08
178,4,1.000000000e-04,-8.285681855e+07,343.110800,343.291000,0.000025,6.921285402e-06,2.501292e+08
178,5,1.000000000e-04,8.149742833e+07,343.291000,343.488300,0.000024,6.921285402e-06,2.498669e+08
178,6,1.000000000e-04,-8.150007490e+07,343.488300,343.723400,0.000024,6.921285402e-06,2.495663e+08
178,7,1.000000000e-04,8.284887883e+07,343.723400,343.983900,0.000025,6.921285402e-06,2.492219e+08
178,8,1.000000000e-04,-8.103977292e+07,343.983900,344.261600,0.000024,6.921285402e-06,2.488478e+08
178,9,1.000000000e-04,8.692739262e+07,344.261600,344.541000,0.000027,6.921285402e-06,2.484607e+08
178,10,1.000000000e-04,-8.485675066e+07,344.541000,344.807300,0.000026,6.921285402e-06,2.480814e+08
178,11,1.000000000e-04,8.725169878e+07,344.807300,345.038100,0.000027,6.921285402e-06,2.477359e+08
178,12,1.000000000e-04,-8.653768438e+07,345.038100,345.208300,0.000027,6.921285402e-06,2.474572e+08
178,13,1.000000000e-04,8.699879384e+07,345.208300,345.327800,0.000027,6.921285402e-06,2.472559e+08
178,14,1.000000000e-04,-8.692986654e+07,345.327800,345.379000,0.000027,6.921285402e-06,2.471372e+08
178,15,1.000000000e-04,8.674446628e+07,345.379000,345.359900,0.000027,6.921285402e-06,2.471149e+08
178,16,1.000000000e-04,-8.716647146e+07,345.359900,345.278900,0.000027,6.921285402e-06,2.471845e+08
178,17,1.000000000e-04,8.566385100e+07,345.278900,345.134100,0.000026,6.921285402e-06,2.473414e+08
178,18,1.000000000e-04,-8.751548274e+07,345.134100,344.943400,0.000028,6.921285402e-06,2.475746e+08
178,19,1.000000000e-04,8.161157625e+07,344.943400,344.711000,0.000024,6.921285402e-06,2.478687e+08
178,20,1.000000000e-04,-8.368858012e+07,344.711000,344.463700,0.000025,6.921285402e-06,2.482021e+08
178,21,1.000000000e-04,8.128447114e+07,344.463700,344.218200,0.000024,6.921285402e-06,2.485446e+08
178,22,1.000000000e-04,-8.201629088e+07,344.218200,343.989400,0.000024,6.921285402e-06,2.488742e+08
178,23,1.000000000e-04,8.149312091e+07,343.989400,343.786300,0.000024,6.921285402e-06,2.491744e+08
178,24,1.000000000e-04,-8.169921221e+07,343.786300,343.602000,0.000024,6.921285402e-06,2.494436e+08
178,25,1.000000000e-04,8.139801695e+07,343.602000,343.440900,0.000024,6.921285402e-06,2.496837e+08
178,26,1.000000000e-04,-8.201931740e+07,343.440900,343.302300,0.000024,6.921285402e-06,2.498919e+08
178,27,1.000000000e-04,7.983531087e+07,343.302300,343.175700,0.000023,6.921285402e-06,2.500763e+08
178,28,1.000000000e-04,-8.575220926e+07,343.175700,343.063000,0.000026,6.921285402e-06,2.502426e+08
178,29,1.000000000e-04,6.426862224e+07,343.063000,342.955500,0.000015,6.921285402e-06,2.503956e+08
178,30,1.000000000e-04,-7.833671995e+07,342.955500,342.859000,0.000022,6.921285402e-06,2.505374e+08
178,31,1.000000000e-04,7.318382583e+07,342.859000,342.763000,0.000019,6.921285402e-06,2.506712e+08
178,32,1.000000000e-04,-7.456537438e+07,342.763000,342.676000,0.000020,6.921285402e-06,2.507984e+08
178,33,1.000000000e-04,7.419207430e+07,342.676000,342.589000,0.000020,6.921285402e-06,2.509193e+08
178,34,1.000000000e-04,-7.392921751e+07,342.589000,342.508500,0.000020,6.921285402e-06,2.510357e+08
178,35,1.000000000e-04,7.535394475e+07,342.508500,342.428100,0.000020,6.921285402e-06,2.511475e+08
178,36,1.000000000e-04,-7.135200685e+07,342.428100,342.355300,0.000018,6.921285402e-06,2.512540e+08
178,37,1.000000000e-04,8.593503120e+07,342.355300,342.291300,0.000027,6.921285402e-06,2.513491e+08
178,38,1.000000000e-04,-4.624516016e+07,342.291300,342.245100,0.000008,6.921285402e-06,2.514257e+08
178,39,1.000000000e-04,1.904216200e+08,342.245100,342.223000,0.000130,6.921285402e-06,2.514730e+08
179,0,1.000000000e-04,-4.434994197e+08,342.842000,342.874000,0.000707,6.921285402e-06,2.506050e+08
179,1,1.000000000e-04,2.534612971e+08,342.874000,342.961000,0.000231,6.921285402e-06,2.505229e+08
179,2,1.000000000e-04,-2.534612971e+08,342.961000,343.095100,0.000231,6.921285402e-06,2.503692e+08
179,3,1.000000000e-04,2.455142433e+08,343.095100,343.262000,0.000217,6.921285402e-06,2.501601e+08
179,4,1.000000000e-04,-2.455142433e+08,343.262000,343.477500,0.000217,6.921285402e-06,2.498943e+08
179,5,1.000000000e-04,2.451719801e+08,343.477500,343.723400,0.000216,6.921285402e-06,2.495736e+08
179,6,1.000000000e-04,-2.451719801e+08,343.723400,344.027600,0.000216,6.921285402e-06,2.491913e+08
179,7,1.000000000e-04,2.484237664e+08,344.027600,344.373400,0.000222,6.921285402e-06,2.487395e+08
179,8,1.000000000e-04,-2.484237664e+08,344.373400,344.753500,0.000222,6.921285402e-06,2.482350e+08
179,9,1.000000000e-04,2.664944506e+08,344.753500,345.159000,0.000255,6.921285402e-06,2.476890e+08
179,10,1.000000000e-04,-2.664944506e+08,345.159000,345.541500,0.000255,6.921285402e-06,2.471413e+08
179,11,1.000000000e-04,2.726286383e+08,345.541500,345.866600,0.000267,6.921285402e-06,2.466496e+08
179,12,1.000000000e-04,-2.726286383e+08,345.866600,346.110300,0.000267,6.921285402e-06,2.462542e+08
179,13,1.000000000e-04,2.735604681e+08,346.110300,346.273300,0.000269,6.921285402e-06,2.459716e+08
179,14,1.000000000e-04,-2.735604681e+08,346.273300,346.334000,0.000269,6.921285402e-06,2.458161e+08
179,15,1.000000000e-04,2.732246371e+08,346.334000,346.305600,0.000268,6.921285402e-06,2.457937e+08
179,16,1.000000000e-04,-2.732246371e+08,346.305600,346.180100,0.000268,6.921285402e-06,2.459006e+08
179,17,1.000000000e-04,2.699067590e+08,346.180100,345.964700,0.000262,6.921285402e-06,2.461376e+08
179,18,1.000000000e-04,-2.699067590e+08,345.964700,345.676500,0.000262,6.921285402e-06,2.464876e+08
179,19,1.000000000e-04,2.518286896e+08,345.676500,345.329000,0.000228,6.921285402e-06,2.469294e+08
179,20,1.000000000e-04,-2.518286896e+08,345.329000,344.962800,0.000228,6.921285402e-06,2.474254e+08
179,21,1.000000000e-04,2.456857769e+08,344.962800,344.610400,0.000217,6.921285402e-06,2.479249e+08
179,22,1.000000000e-04,-2.456857769e+08,344.610400,344.300600,0.000217,6.921285402e-06,2.483851e+08
179,23,1.000000000e-04,2.446839932e+08,344.300600,344.028400,0.000215,6.921285402e-06,2.487896e+08
179,24,1.000000000e-04,-2.446839932e+08,344.028400,343.794000,0.000215,6.921285402e-06,2.491417e+08
179,25,1.000000000e-04,2.444420615e+08,343.794000,343.599300,0.000215,6.921285402e-06,2.494399e+08
179,26,1.000000000e-04,-2.444420615e+08,343.599300,343.435100,0.000215,6.921285402e-06,2.496893e+08
179,27,1.000000000e-04,2.433403248e+08,343.435100,343.285000,0.000213,6.921285402e-06,2.499078e+08
179,28,1.000000000e-04,-2.433403248e+08,343.285000,343.159700,0.000213,6.921285402e-06,2.500992e+08
179,29,1.000000000e-04,2.251895896e+08,343.159700,343.047000,0.000182,6.921285402e-06,2.502646e+08
179,30,1.000000000e-04,-2.251895896e+08,343.047000,342.939000,0.000182,6.921285402e-06,2.504180e+08
179,31,1.000000000e-04,2.226139490e+08,342.939000,342.838100,0.000178,6.921285402e-06,2.505632e+08
179,32,1.000000000e-04,-2.226139490e+08,342.838100,342.742100,0.000178,6.921285402e-06,2.507000e+08
179,33,1.000000000e-04,2.224272602e+08,342.742100,342.653700,0.000178,6.921285402e-06,2.508282e+08
179,34,1.000000000e-04,-2.224272602e+08,342.653700,342.564500,0.000178,6.921285402e-06,2.509516e+08
179,35,1.000000000e-04,2.231372424e+08,342.564500,342.483300,0.000179,6.921285402e-06,2.510701e+08
179,36,1.000000000e-04,-2.231372424e+08,342.483300,342.410900,0.000179,6.921285402e-06,2.511768e+08
179,37,1.000000000e-04,2.304124673e+08,342.410900,342.342000,0.000191,6.921285402e-06,2.512750e+08
179,38,1.000000000e-04,-2.304124673e+08,342.342000,342.294000,0.000191,6.921285402e-06,2.513563e+08
179,39,1.000000000e-04,4.031792553e+08,342.294000,342.278000,0.000584,6.921285402e-06,2.514003e+08
180,0,1.000000000e-04,-2.089538388e+08,342.938000,342.973300,0.000157,6.921285402e-06,2.504700e+08
180,1,1.000000000e-04,5.089092643e+07,342.973300,343.072100,0.000009,6.921285402e-06,2.503769e+08
180,2,1.000000000e-04,-9.435172724e+07,343.072100,343.222800,0.000032,6.921285402e-06,2.502035e+08
180,3,1.000000000e-04,7.857143637e+07,343.222800,343.416700,0.000022,6.921285402e-06,2.499640e+08
180,4,1.000000000e-04,-8.251892471e+07,343.416700,343.674000,0.000024,6.921285402e-06,2.496504e+08
180,5,1.000000000e-04,8.250926222e+07,343.674000,343.983900,0.000024,6.921285402e-06,2.492562e+08
180,6,1.000000000e-04,-7.959709249e+07,343.983900,344.373400,0.000023,6.921285402e-06,2.487701e+08
180,7,1.000000000e-04,9.125543390e+07,344.373400,344.837200,0.000030,6.921285402e-06,2.481771e+08
180,8,1.000000000e-04,-7.174206932e+07,344.837200,345.382600,0.000018,6.921285402e-06,2.474757e+08
180,9,1.000000000e-04,1.381371862e+08,345.382600,345.976000,0.000069,6.921285402e-06,2.466842e+08
180,10,1.000000000e-04,-1.160029563e+08,345.976000,346.552700,0.000048,6.921285402e-06,2.458710e+08
180,11,1.000000000e-04,1.381447592e+08,346.552700,347.027700,0.000069,6.921285402e-06,2.451400e+08
180,12,1.000000000e-04,-1.317927560e+08,347.027700,347.374700,0.000062,6.921285402e-06,2.445688e+08
180,13,1.000000000e-04,1.350589657e+08,347.374700,347.597400,0.000066,6.921285402e-06,2.441728e+08
180,14,1.000000000e-04,-1.345318942e+08,347.597400,347.677000,0.000065,6.921285402e-06,2.439627e+08
180,15,1.000000000e-04,1.333739704e+08,347.677000,347.629400,0.000064,6.921285402e-06,2.439405e+08
180,16,1.000000000e-04,-1.366056743e+08,347.629400,347.445700,0.000067,6.921285402e-06,2.441012e+08
180,17,1.000000000e-04,1.248367826e+08,347.445700,347.133700,0.000056,6.921285402e-06,2.444457e+08
180,18,1.000000000e-04,-1.443810983e+08,347.133700,346.693400,0.000075,6.921285402e-06,2.449686e+08
180,19,1.000000000e-04,7.797272707e+07,346.693400,346.154500,0.000022,6.921285402e-06,2.456492e+08
180,20,1.000000000e-04,-1.001167053e+08,346.154500,345.594600,0.000036,6.921285402e-06,2.464128e+08
180,21,1.000000000e-04,7.794916363e+07,345.594600,345.083300,0.000022,6.921285402e-06,2.471573e+08
180,22,1.000000000e-04,-8.436204034e+07,345.083300,344.652400,0.000026,6.921285402e-06,2.478122e+08
180,23,1.000000000e-04,8.087807516e+07,344.652400,344.292200,0.000024,6.921285402e-06,2.483620e+08
180,24,1.000000000e-04,-8.191569929e+07,344.292200,344.000500,0.000024,6.921285402e-06,2.488150e+08
180,25,1.000000000e-04,8.124916796e+07,344.000500,343.760400,0.000024,6.921285402e-06,2.491846e+08
180,26,1.000000000e-04,-8.197153592e+07,343.760400,343.567900,0.000024,6.921285402e-06,2.494853e+08
180,27,1.000000000e-04,7.974859543e+07,343.567900,343.403100,0.000023,6.921285402e-06,2.497336e+08
180,28,1.000000000e-04,-8.567519151e+07,343.403100,343.257000,0.000026,6.921285402e-06,2.499497e+08
180,29,1.000000000e-04,6.419174768e+07,343.257000,343.131500,0.000015,6.921285402e-06,2.501385e+08
180,30,1.000000000e-04,-7.825900318e+07,343.131500,343.018000,0.000022,6.921285402e-06,2.503046e+08
180,31,1.000000000e-04,7.310933467e+07,343.018000,342.910900,0.000019,6.921285402e-06,2.504579e+08
180,32,1.000000000e-04,-7.449011550e+07,342.910900,342.813100,0.000020,6.921285402e-06,2.506003e+08
180,33,1.000000000e-04,7.411666068e+07,342.813100,342.715000,0.000020,6.921285402e-06,2.507364e+08
180,34,1.000000000e-04,-7.385622402e+07,342.715000,342.625500,0.000020,6.921285402e-06,2.508668e+08
180,35,1.000000000e-04,7.527142549e+07,342.625500,342.537000,0.000020,6.921285402e-06,2.509905e+08
180,36,1.000000000e-04,-7.128815635e+07,342.537000,342.461900,0.000018,6.921285402e-06,2.511042e+08
180,37,1.000000000e-04,8.580603145e+07,342.461900,342.397000,0.000026,6.921285402e-06,2.512015e+08
180,38,1.000000000e-04,-4.624870345e+07,342.397000,342.342000,0.000008,6.921285402e-06,2.512849e+08
180,39,1.000000000e-04,1.899601403e+08,342.342000,342.326000,0.000130,6.921285402e-06,2.513341e+08
181,0,1.000000000e-04,-4.432068619e+08,343.034000,343.070000,0.000706,6.921285402e-06,2.503354e+08
181,1,1.000000000e-04,2.534079747e+08,343.070000,343.180000,0.000231,6.921285402e-06,2.502345e+08
181,2,1.000000000e-04,-2.534079747e+08,343.180000,343.350700,0.000231,6.921285402e-06,2.500394e+08
181,3,1.000000000e-04,2.456421542e+08,343.350700,343.583200,0.000217,6.921285402e-06,2.497592e+08
181,4,1.000000000e-04,-2.456421542e+08,343.583200,343.882000,0.000217,6.921285402e-06,2.493899e+08
181,5,1.000000000e-04,2.469810860e+08,343.882000,344.261600,0.000219,6.921285402e-06,2.489184e+08
181,6,1.000000000e-04,-2.469810860e+08,344.261600,344.753500,0.000219,6.921285402e-06,2.483127e+08
181,7,1.000000000e-04,2.679371310e+08,344.753500,345.382600,0.000258,6.921285402e-06,2.475336e+08
181,8,1.000000000e-04,-2.679371310e+08,345.382600,346.165200,0.000258,6.921285402e-06,2.465525e+08
181,9,1.000000000e-04,4.737993200e+08,346.165200,347.103000,0.000807,6.921285402e-06,2.453561e+08
181,10,1.000000000e-04,-4.737993200e+08,347.103000,348.016900,0.000807,6.921285402e-06,2.440692e+08
181,11,1.000000000e-04,5.277461107e+08,348.016900,348.722400,0.001001,6.921285402e-06,2.429435e+08
181,12,1.000000000e-04,-5.277461107e+08,348.722400,349.211800,0.001001,6.921285402e-06,2.421130e+08
181,13,1.000000000e-04,5.330000449e+08,349.211800,349.503200,0.001021,6.921285402e-06,2.415704e+08
181,14,1.000000000e-04,-5.330000449e+08,349.503200,349.602000,0.001021,6.921285402e-06,2.412992e+08
181,15,1.000000000e-04,5.314088130e+08,349.602000,349.543300,0.001015,6.921285402e-06,2.412713e+08
181,16,1.000000000e-04,-5.314088130e+08,349.543300,349.282800,0.001015,6.921285402e-06,2.414931e+08
181,17,1.000000000e-04,5.104271438e+08,349.282800,348.828400,0.000936,6.921285402e-06,2.419901e+08
181,18,1.000000000e-04,-5.104271438e+08,348.828400,348.163900,0.000936,6.921285402e-06,2.427677e+08
181,19,1.000000000e-04,3.045600223e+08,348.163900,347.278000,0.000333,6.921285402e-06,2.438460e+08
181,20,1.000000000e-04,-3.045600223e+08,347.278000,346.377200,0.000333,6.921285402e-06,2.450877e+08
181,21,1.000000000e-04,2.505896232e+08,346.377200,345.633600,0.000226,6.921285402e-06,2.462307e+08
181,22,1.000000000e-04,-2.505896232e+08,345.633600,345.039500,0.000226,6.921285402e-06,2.471604e+08
181,23,1.000000000e-04,2.451060471e+08,345.039500,344.570600,0.000216,6.921285402e-06,2.478992e+08
181,24,1.000000000e-04,-2.451060471e+08,344.570600,344.216500,0.000216,6.921285402e-06,2.484712e+08
181,25,1.000000000e-04,2.444418456e+08,344.216500,343.925100,0.000215,6.921285402e-06,2.489198e+08
181,26,1.000000000e-04,-2.444418456e+08,343.925100,343.700700,0.000215,6.921285402e-06,2.492783e+08
181,27,1.000000000e-04,2.433007844e+08,343.700700,343.510300,0.000213,6.921285402e-06,2.495666e+08
181,28,1.000000000e-04,-2.433007844e+08,343.510300,343.353000,0.000213,6.921285402e-06,2.498083e+08
181,29,1.000000000e-04,2.251475055e+08,343.353000,343.215000,0.000182,6.921285402e-06,2.500135e+08
181,30,1.000000000e-04,-2.251475055e+08,343.215000,343.089000,0.000182,6.921285402e-06,2.501970e+08
181,31,1.000000000e-04,2.225725084e+08,343.089000,342.977000,0.000178,6.921285402e-06,2.503624e+08
181,32,1.000000000e-04,-2.225725084e+08,342.977000,342.868700,0.000178,6.921285402e-06,2.505155e+08
181,33,1.000000000e-04,2.223857220e+08,342.868700,342.772000,0.000178,6.921285402e-06,2.506580e+08
181,34,1.000000000e-04,-2.223857220e+08,342.772000,342.677000,0.000178,6.921285402e-06,2.507912e+08
181,35,1.000000000e-04,2.230928399e+08,342.677000,342.592000,0.000179,6.921285402e-06,2.509163e+08
181,36,1.000000000e-04,-2.230928399e+08,342.592000,342.512000,0.000179,6.921285402e-06,2.510310e+08
181,37,1.000000000e-04,2.303485183e+08,342.512000,342.445000,0.000191,6.921285402e-06,2.511332e+08
181,38,1.000000000e-04,-2.303485183e+08,342.445000,342.390000,0.000191,6.921285402e-06,2.512179e+08
181,39,1.000000000e-04,4.029100096e+08,342.390000,342.367000,0.000583,6.921285402e-06,2.512717e+08
182,0,1.000000000e-04,-2.088586194e+08,343.125000,343.166000,0.000157,6.921285402e-06,2.502061e+08
182,1,1.000000000e-04,5.093284468e+07,343.166000,343.286500,0.000009,6.921285402e-06,2.500940e+08
182,2,1.000000000e-04,-9.423503614e+07,343.286500,343.478500,0.000032,6.921285402e-06,2.498768e+08
182,3,1.000000000e-04,7.895204501e+07,343.478500,343.737500,0.000022,6.921285402e-06,2.495634e+08
182,4,1.000000000e-04,-8.143144534e+07,343.737500,344.087500,0.000024,6.921285402e-06,2.491401e+08
182,5,1.000000000e-04,8.679683514e+07,344.087500,344.541000,0.000027,6.921285402e-06,2.485817e+08
182,6,1.000000000e-04,-6.741402804e+07,344.541000,345.159000,0.000016,6.921285402e-06,2.478370e+08
182,7,1.000000000e-04,1.395798667e+08,345.159000,345.976000,0.000070,6.921285402e-06,2.468396e+08
182,8,1.000000000e-04,6.772500272e+07,345.976000,347.103000,0.000016,6.921285402e-06,2.454886e+08
182,9,1.000000000e-04,6.893286362e+08,347.103000,348.887500,0.001707,6.921285402e-06,2.434631e+08
182,10,1.000000000e-04,-1.256588800e+08,348.887500,350.652000,0.000057,6.921285402e-06,2.409985e+08
182,11,1.000000000e-04,3.193042400e+08,350.652000,351.685000,0.000366,6.921285402e-06,2.390538e+08
182,12,1.000000000e-04,-2.664555182e+08,351.685000,352.353500,0.000255,6.921285402e-06,2.378714e+08
182,13,1.000000000e-04,2.842050455e+08,352.353500,352.735500,0.000290,6.921285402e-06,2.371413e+08
182,14,1.000000000e-04,-2.810694146e+08,352.735500,352.865000,0.000284,6.921285402e-06,2.367858e+08
182,15,1.000000000e-04,2.758624109e+08,352.865000,352.773000,0.000273,6.921285402e-06,2.367598e+08
182,16,1.000000000e-04,-2.952036082e+08,352.773000,352.427500,0.000313,6.921285402e-06,2.370638e+08
182,17,1.000000000e-04,2.230458228e+08,352.427500,351.797500,0.000179,6.921285402e-06,2.377419e+08
182,18,1.000000000e-04,-4.303502978e+08,351.797500,350.800000,0.000665,6.921285402e-06,2.388724e+08
182,19,1.000000000e-04,-3.267098169e+08,350.800000,349.075000,0.000383,6.921285402e-06,2.407649e+08
182,20,1.000000000e-04,-2.369787319e+08,349.075000,347.320500,0.000202,6.921285402e-06,2.431834e+08
182,21,1.000000000e-04,4.326467727e+07,347.320500,346.233500,0.000007,6.921285402e-06,2.451585e+08
182,22,1.000000000e-04,-9.630577571e+07,346.233500,345.445000,0.000033,6.921285402e-06,2.464619e+08
182,23,1.000000000e-04,7.785543653e+07,345.445000,344.859000,0.000022,6.921285402e-06,2.474172e+08
182,24,1.000000000e-04,-8.296559006e+07,344.859000,344.427500,0.000025,6.921285402e-06,2.481244e+08
182,25,1.000000000e-04,8.097531512e+07,344.427500,344.087500,0.000024,6.921285402e-06,2.486605e+08
182,26,1.000000000e-04,-8.205820991e+07,344.087500,343.825000,0.000024,6.921285402e-06,2.490793e+08
182,27,1.000000000e-04,7.971690568e+07,343.825000,343.614000,0.000023,6.921285402e-06,2.494084e+08
182,28,1.000000000e-04,-8.567567228e+07,343.614000,343.435500,0.000026,6.921285402e-06,2.496791e+08
182,29,1.000000000e-04,6.418191012e+07,343.435500,343.290000,0.000015,6.921285402e-06,2.499043e+08
182,30,1.000000000e-04,-7.825190800e+07,343.290000,343.153000,0.000022,6.921285402e-06,2.501006e+08
182,31,1.000000000e-04,7.310158830e+07,343.153000,343.037500,0.000019,6.921285402e-06,2.502761e+08
182,32,1.000000000e-04,-7.448259091e+07,343.037500,342.930500,0.000020,6.921285402e-06,2.504307e+08
182,33,1.000000000e-04,7.410890017e+07,342.930500,342.822000,0.000020,6.921285402e-06,2.505805e+08
182,34,1.000000000e-04,-7.384900533e+07,342.822000,342.725000,0.000020,6.921285402e-06,2.507233e+08
182,35,1.000000000e-04,7.526227544e+07,342.725000,342.639500,0.000020,6.921285402e-06,2.508501e+08
182,36,1.000000000e-04,-7.128274829e+07,342.639500,342.555000,0.000018,6.921285402e-06,2.509683e+08
182,37,1.000000000e-04,8.578758678e+07,342.555000,342.484500,0.000026,6.921285402e-06,2.510760e+08
182,38,1.000000000e-04,-4.625524752e+07,342.484500,342.433000,0.000008,6.921285402e-06,2.511608e+08
182,39,1.000000000e-04,1.898797661e+08,342.433000,342.410000,0.000130,6.921285402e-06,2.512125e+08
183,0,1.000000000e-04,-2.088403503e+08,343.268000,343.316000,0.000157,6.921285402e-06,2.500024e+08
183,1,1.000000000e-04,5.095298234e+07,343.316000,343.462900,0.000009,6.921285402e-06,2.498672e+08
183,2,1.000000000e-04,-9.418862879e+07,343.462900,343.688100,0.000032,6.921285402e-06,2.496085e+08
183,3,1.000000000e-04,7.913341098e+07,343.688100,344.004600,0.000022,6.921285402e-06,2.492320e+08
183,4,1.000000000e-04,-8.101934228e+07,344.004600,344.441500,0.000024,6.921285402e-06,2.487084e+08
183,5,1.000000000e-04,8.853083490e+07,344.441500,345.038100,0.000028,6.921285402e-06,2.479901e+08
183,6,1.000000000e-04,-6.367478840e+07,345.038100,345.866600,0.000015,6.921285402e-06,2.469997e+08
183,7,1.000000000e-04,1.555874818e+08,345.866600,347.027700,0.000087,6.921285402e-06,2.456169e+08
183,8,1.000000000e-04,9.952999056e+07,347.027700,348.722400,0.000036,6.921285402e-06,2.436321e+08
183,9,1.000000000e-04,8.290272055e+08,348.722400,351.685000,0.002469,6.921285402e-06,2.403924e+08
183,10,1.000000000e-04,-2.151880686e+08,351.685000,354.621600,0.000166,6.921285402e-06,2.362952e+08
183,11,1.000000000e-04,4.380073941e+08,354.621600,356.201400,0.000689,6.921285402e-06,2.331557e+08
183,12,1.000000000e-04,-3.769801221e+08,356.201400,357.179300,0.000511,6.921285402e-06,2.313783e+08
183,13,1.000000000e-04,3.982698847e+08,357.179300,357.720600,0.000570,6.921285402e-06,2.303224e+08
183,14,1.000000000e-04,-3.946769098e+08,357.720600,357.893000,0.000560,6.921285402e-06,2.298264e+08
183,15,1.000000000e-04,3.877590467e+08,357.893000,357.762600,0.000540,6.921285402e-06,2.297972e+08
183,16,1.000000000e-04,-4.124528660e+08,357.762600,357.253300,0.000611,6.921285402e-06,2.302417e+08
183,17,1.000000000e-04,3.205954520e+08,357.253300,356.317400,0.000369,6.921285402e-06,2.312464e+08
183,18,1.000000000e-04,-5.757000583e+08,356.317400,354.769600,0.001191,6.921285402e-06,2.329716e+08
183,19,1.000000000e-04,-3.528609529e+08,354.769600,351.875000,0.000447,6.921285402e-06,2.360600e+08
183,20,1.000000000e-04,-2.610019648e+08,351.875000,348.945400,0.000245,6.921285402e-06,2.401080e+08
183,21,1.000000000e-04,3.809133107e+07,348.945400,347.291700,0.000005,6.921285402e-06,2.432937e+08
183,22,1.000000000e-04,-9.937293336e+07,347.291700,346.162600,0.000035,6.921285402e-06,2.452277e+08
183,23,1.000000000e-04,7.715715793e+07,346.162600,345.363400,0.000021,6.921285402e-06,2.465679e+08
183,24,1.000000000e-04,-8.331738295e+07,345.363400,344.795000,0.000025,6.921285402e-06,2.475184e+08
183,25,1.000000000e-04,8.089225830e+07,344.795000,344.364300,0.000024,6.921285402e-06,2.482128e+08
183,26,1.000000000e-04,-8.209570774e+07,344.364300,344.040200,0.000024,6.921285402e-06,2.487373e+08
183,27,1.000000000e-04,7.970703463e+07,344.040200,343.793000,0.000023,6.921285402e-06,2.491344e+08
183,28,1.000000000e-04,-8.567888053e+07,343.793000,343.589700,0.000026,6.921285402e-06,2.494475e+08
183,29,1.000000000e-04,6.418017005e+07,343.589700,343.419500,0.000015,6.921285402e-06,2.497071e+08
183,30,1.000000000e-04,-7.825152643e+07,343.419500,343.273000,0.000022,6.921285402e-06,2.499272e+08
183,31,1.000000000e-04,7.310072107e+07,343.273000,343.145000,0.000019,6.921285402e-06,2.501180e+08
183,32,1.000000000e-04,-7.448186851e+07,343.145000,343.023000,0.000020,6.921285402e-06,2.502917e+08
183,33,1.000000000e-04,7.410808412e+07,343.023000,342.917300,0.000020,6.921285402e-06,2.504500e+08
183,34,1.000000000e-04,-7.384830720e+07,342.917300,342.814000,0.000020,6.921285402e-06,2.505952e+08
183,35,1.000000000e-04,7.526119925e+07,342.814000,342.718000,0.000020,6.921285402e-06,2.507337e+08
183,36,1.000000000e-04,-7.128237670e+07,342.718000,342.629000,0.000018,6.921285402e-06,2.508623e+08
183,37,1.000000000e-04,8.578477485e+07,342.629000,342.562000,0.000026,6.921285402e-06,2.509707e+08
183,38,1.000000000e-04,-4.625690289e+07,342.562000,342.507000,0.000008,6.921285402e-06,2.510555e+08
183,39,1.000000000e-04,1.898659926e+08,342.507000,342.484000,0.000130,6.921285402e-06,2.511096e+08
184,0,1.000000000e-04,-2.088371218e+08,343.368000,343.416000,0.000157,6.921285402e-06,2.498634e+08
184,1,1.000000000e-04,5.095811538e+07,343.416000,343.571300,0.000009,6.921285402e-06,2.497223e+08
184,2,1.000000000e-04,-9.417880376e+07,343.571300,343.816700,0.000032,6.921285402e-06,2.494438e+08
184,3,1.000000000e-04,7.917505665e+07,343.816700,344.163900,0.000023,6.921285402e-06,2.490320e+08
184,4,1.000000000e-04,-8.094723190e+07,344.163900,344.660000,0.000024,6.921285402e-06,2.484459e+08
184,5,1.000000000e-04,8.886227800e+07,344.660000,345.327800,0.000028,6.921285402e-06,2.476369e+08
184,6,1.000000000e-04,-6.320406807e+07,345.327800,346.273300,0.000014,6.921285402e-06,2.465157e+08
184,7,1.000000000e-04,1.579218617e+08,346.273300,347.597400,0.000090,6.921285402e-06,2.449383e+08
184,8,1.000000000e-04,1.015177152e+08,347.597400,349.503200,0.000037,6.921285402e-06,2.426935e+08
184,9,1.000000000e-04,8.415227986e+08,349.503200,352.735500,0.002544,6.921285402e-06,2.391196e+08
184,10,1.000000000e-04,-2.231777735e+08,352.735500,355.931800,0.000179,6.921285402e-06,2.346545e+08
184,11,1.000000000e-04,4.495373342e+08,355.931800,357.720600,0.000726,6.921285402e-06,2.311892e+08
184,12,1.000000000e-04,-3.874909036e+08,357.720600,358.836700,0.000539,6.921285402e-06,2.291705e+08
184,13,1.000000000e-04,4.093170655e+08,358.836700,359.466100,0.000602,6.921285402e-06,2.279573e+08
184,14,1.000000000e-04,-4.056704507e+08,359.466100,359.663000,0.000591,6.921285402e-06,2.273831e+08
184,15,1.000000000e-04,3.984307480e+08,359.663000,359.500000,0.000570,6.921285402e-06,2.273595e+08
184,16,1.000000000e-04,-4.239037507e+08,359.500000,358.917700,0.000646,6.921285402e-06,2.278774e+08
184,17,1.000000000e-04,3.292514426e+08,358.917700,357.839600,0.000389,6.921285402e-06,2.290317e+08
184,18,1.000000000e-04,-5.886754672e+08,357.839600,356.089800,0.001245,6.921285402e-06,2.309961e+08
184,19,1.000000000e-04,-3.543683231e+08,356.089800,352.930500,0.000451,6.921285402e-06,2.344089e+08
184,20,1.000000000e-04,-2.640018154e+08,352.930500,349.744200,0.000250,6.921285402e-06,2.388193e+08
184,21,1.000000000e-04,3.754507761e+07,349.744200,347.871100,0.000005,6.921285402e-06,2.423359e+08
184,22,1.000000000e-04,-9.986006394e+07,347.871100,346.579300,0.000036,6.921285402e-06,2.445354e+08
184,23,1.000000000e-04,7.705685637e+07,346.579300,345.665800,0.000021,6.921285402e-06,2.460681e+08
184,24,1.000000000e-04,-8.338435134e+07,345.665800,345.020000,0.000025,6.921285402e-06,2.471518e+08
184,25,1.000000000e-04,8.087757904e+07,345.020000,344.542000,0.000024,6.921285402e-06,2.479329e+08
184,26,1.000000000e-04,-8.210400661e+07,344.542000,344.186000,0.000024,6.921285402e-06,2.485125e+08
184,27,1.000000000e-04,7.970506864e+07,344.186000,343.905700,0.000023,6.921285402e-06,2.489547e+08
184,28,1.000000000e-04,-8.567978248e+07,343.905700,343.690000,0.000026,6.921285402e-06,2.492995e+08
184,29,1.000000000e-04,6.417986507e+07,343.690000,343.508000,0.000015,6.921285402e-06,2.495759e+08
184,30,1.000000000e-04,-7.825155686e+07,343.508000,343.350000,0.000022,6.921285402e-06,2.498122e+08
184,31,1.000000000e-04,7.310061679e+07,343.350000,343.222000,0.000019,6.921285402e-06,2.500109e+08
184,32,1.000000000e-04,-7.448180396e+07,343.222000,343.097000,0.000020,6.921285402e-06,2.501868e+08
184,33,1.000000000e-04,7.410799534e+07,343.097000,342.985000,0.000020,6.921285402e-06,2.503515e+08
184,34,1.000000000e-04,-7.384824233e+07,342.985000,342.878000,0.000020,6.921285402e-06,2.505037e+08
184,35,1.000000000e-04,7.526106300e+07,342.878000,342.782000,0.000020,6.921285402e-06,2.506448e+08
184,36,1.000000000e-04,-7.128236843e+07,342.782000,342.693000,0.000018,6.921285402e-06,2.507734e+08
184,37,1.000000000e-04,8.578432604e+07,342.693000,342.616000,0.000026,6.921285402e-06,2.508887e+08
184,38,1.000000000e-04,-4.625723519e+07,342.616000,342.561000,0.000008,6.921285402e-06,2.509805e+08
184,39,1.000000000e-04,1.898636410e+08,342.561000,342.538000,0.000130,6.921285402e-06,2.510345e+08
185,0,1.000000000e-04,-2.088368618e+08,343.399000,343.447000,0.000157,6.921285402e-06,2.498203e+08
185,1,1.000000000e-04,5.095598327e+07,343.447000,343.603000,0.000009,6.921285402e-06,2.496787e+08
185,2,1.000000000e-04,-9.418264972e+07,343.603000,343.846000,0.000032,6.921285402e-06,2.494014e+08
185,3,1.000000000e-04,7.915686246e+07,343.846000,344.195000,0.000023,6.921285402e-06,2.489900e+08
185,4,1.000000000e-04,-8.097455575e+07,344.195000,344.692000,0.000024,6.921285402e-06,2.484020e+08
185,5,1.000000000e-04,8.872956988e+07,344.692000,345.359900,0.000028,6.921285402e-06,2.475924e+08
185,6,1.000000000e-04,-6.335449884e+07,345.359900,346.305600,0.000014,6.921285402e-06,2.464710e+08
185,7,1.000000000e-04,1.570997689e+08,346.305600,347.629400,0.000089,6.921285402e-06,2.448936e+08
185,8,1.000000000e-04,1.010844071e+08,347.629400,349.543300,0.000037,6.921285402e-06,2.426434e+08
185,9,1.000000000e-04,8.379070267e+08,349.543300,352.773000,0.002522,6.921285402e-06,2.390657e+08
185,10,1.000000000e-04,-2.210019865e+08,352.773000,355.965700,0.000175,6.921285402e-06,2.346049e+08
185,11,1.000000000e-04,4.456506878e+08,355.965700,357.762600,0.000714,6.921285402e-06,2.311365e+08
185,12,1.000000000e-04,-3.841124319e+08,357.762600,358.878700,0.000530,6.921285402e-06,2.291122e+08
185,13,1.000000000e-04,4.056167543e+08,358.878700,359.500000,0.000591,6.921285402e-06,2.279046e+08
185,14,1.000000000e-04,-4.020237794e+08,359.500000,359.700500,0.000581,6.921285402e-06,2.273335e+08
185,15,1.000000000e-04,3.948913565e+08,359.700500,359.542100,0.000560,6.921285402e-06,2.273042e+08
185,16,1.000000000e-04,-4.200961596e+08,359.542100,358.960700,0.000634,6.921285402e-06,2.278183e+08
185,17,1.000000000e-04,3.264093702e+08,358.960700,357.882300,0.000383,6.921285402e-06,2.289722e+08
185,18,1.000000000e-04,-5.845798792e+08,357.882300,356.132700,0.001228,6.921285402e-06,2.309366e+08
185,19,1.000000000e-04,-3.544153674e+08,356.132700,352.978000,0.000451,6.921285402e-06,2.343460e+08
185,20,1.000000000e-04,-2.625142496e+08,352.978000,349.787200,0.000248,6.921285402e-06,2.387564e+08
185,21,1.000000000e-04,3.777105409e+07,349.787200,347.914100,0.000005,6.921285402e-06,2.422761e+08
185,22,1.000000000e-04,-9.957165430e+07,347.914100,346.622300,0.000036,6.921285402e-06,2.444757e+08
185,23,1.000000000e-04,7.711244898e+07,346.622300,345.708800,0.000021,6.921285402e-06,2.460084e+08
185,24,1.000000000e-04,-8.334074964e+07,345.708800,345.067500,0.000025,6.921285402e-06,2.470889e+08
185,25,1.000000000e-04,8.088675231e+07,345.067500,344.585000,0.000024,6.921285402e-06,2.478700e+08
185,26,1.000000000e-04,-8.209822487e+07,344.585000,344.229700,0.000024,6.921285402e-06,2.484523e+08
185,27,1.000000000e-04,7.970633198e+07,344.229700,343.955000,0.000023,6.921285402e-06,2.488901e+08
185,28,1.000000000e-04,-8.567906837e+07,343.955000,343.733000,0.000026,6.921285402e-06,2.492353e+08
185,29,1.000000000e-04,6.418001568e+07,343.733000,343.551000,0.000015,6.921285402e-06,2.495161e+08
185,30,1.000000000e-04,-7.825146622e+07,343.551000,343.401100,0.000022,6.921285402e-06,2.497468e+08
185,31,1.000000000e-04,7.310062644e+07,343.401100,343.265000,0.000019,6.921285402e-06,2.499455e+08
185,32,1.000000000e-04,-7.448178629e+07,343.265000,343.140000,0.000020,6.921285402e-06,2.501270e+08
185,33,1.000000000e-04,7.410798666e+07,343.140000,343.028000,0.000020,6.921285402e-06,2.502917e+08
185,34,1.000000000e-04,-7.384823481e+07,343.028000,342.921000,0.000020,6.921285402e-06,2.504439e+08
185,35,1.000000000e-04,7.526104183e+07,342.921000,342.816000,0.000020,6.921285402e-06,2.505913e+08
185,36,1.000000000e-04,-7.128237339e+07,342.816000,342.729000,0.000018,6.921285402e-06,2.507247e+08
185,37,1.000000000e-04,8.578424011e+07,342.729000,342.658700,0.000026,6.921285402e-06,2.508340e+08
185,38,1.000000000e-04,-4.625730716e+07,342.658700,342.594900,0.000008,6.921285402e-06,2.509272e+08
185,39,1.000000000e-04,1.898631722e+08,342.594900,342.571000,0.000130,6.921285402e-06,2.509880e+08
186,0,1.000000000e-04,-2.088384159e+08,343.354000,343.408300,0.000157,6.921285402e-06,2.498785e+08
186,1,1.000000000e-04,5.094266609e+07,343.408300,343.548900,0.000009,6.921285402e-06,2.497432e+08
186,2,1.000000000e-04,-9.421156243e+07,343.548900,343.774100,0.000032,6.921285402e-06,2.494890e+08
186,3,1.000000000e-04,7.903172686e+07,343.774100,344.093300,0.000022,6.921285402e-06,2.491106e+08
186,4,1.000000000e-04,-8.122027557e+07,344.093300,344.541000,0.000024,6.921285402e-06,2.485776e+08
186,5,1.000000000e-04,8.764591630e+07,344.541000,345.134100,0.000028,6.921285402e-06,2.478543e+08
186,6,1.000000000e-04,-6.516975643e+07,345.134100,345.964700,0.000015,6.921285402e-06,2.468648e+08
186,7,1.000000000e-04,1.486487552e+08,345.964700,347.133700,0.000079,6.921285402e-06,2.454750e+08
186,8,1.000000000e-04,9.187162957e+07,347.133700,348.828400,0.000030,6.921285402e-06,2.434848e+08
186,9,1.000000000e-04,7.867309107e+08,348.828400,351.797500,0.002224,6.921285402e-06,2.402408e+08
186,10,1.000000000e-04,-1.898480010e+08,351.797500,354.731300,0.000129,6.921285402e-06,2.361408e+08
186,11,1.000000000e-04,3.947970736e+08,354.731300,356.317400,0.000560,6.921285402e-06,2.329990e+08
186,12,1.000000000e-04,-3.388824484e+08,356.317400,357.296200,0.000413,6.921285402e-06,2.312166e+08
186,13,1.000000000e-04,3.575918767e+08,357.296200,357.839600,0.000459,6.921285402e-06,2.301586e+08
186,14,1.000000000e-04,-3.544562457e+08,357.839600,358.017500,0.000451,6.921285402e-06,2.296573e+08
186,15,1.000000000e-04,3.482893415e+08,358.017500,357.882300,0.000436,6.921285402e-06,2.296276e+08
186,16,1.000000000e-04,-3.706964414e+08,357.882300,357.381400,0.000494,6.921285402e-06,2.300696e+08
186,17,1.000000000e-04,2.872349458e+08,357.381400,356.444300,0.000296,6.921285402e-06,2.310693e+08
186,18,1.000000000e-04,-5.277525703e+08,356.444300,354.898600,0.001001,6.921285402e-06,2.327940e+08
186,19,1.000000000e-04,-3.508564320e+08,354.898600,352.007500,0.000442,6.921285402e-06,2.358782e+08
186,20,1.000000000e-04,-2.460476077e+08,352.007500,349.080700,0.000218,6.921285402e-06,2.399219e+08
186,21,1.000000000e-04,4.102047696e+07,349.080700,347.425600,0.000006,6.921285402e-06,2.431066e+08
186,22,1.000000000e-04,-9.715477552e+07,347.425600,346.298600,0.000034,6.921285402e-06,2.450401e+08
186,23,1.000000000e-04,7.764471207e+07,346.298600,345.495800,0.000022,6.921285402e-06,2.463814e+08
186,24,1.000000000e-04,-8.304475231e+07,345.495800,344.929000,0.000025,6.921285402e-06,2.473332e+08
186,25,1.000000000e-04,8.095465480e+07,344.929000,344.503300,0.000024,6.921285402e-06,2.480230e+08
186,26,1.000000000e-04,-8.206486084e+07,344.503300,344.179200,0.000024,6.921285402e-06,2.485441e+08
186,27,1.000000000e-04,7.971413420e+07,344.179200,343.929900,0.000023,6.921285402e-06,2.489426e+08
186,28,1.000000000e-04,-8.567546947e+07,343.929900,343.726000,0.000026,6.921285402e-06,2.492576e+08
186,29,1.000000000e-04,6.418085503e+07,343.726000,343.557000,0.000015,6.921285402e-06,2.495168e+08
186,30,1.000000000e-04,-7.825107989e+07,343.557000,343.411000,0.000022,6.921285402e-06,2.497357e+08
186,31,1.000000000e-04,7.310070455e+07,343.411000,343.276100,0.000019,6.921285402e-06,2.499309e+08
186,32,1.000000000e-04,-7.448173694e+07,343.276100,343.159000,0.000020,6.921285402e-06,2.501061e+08
186,33,1.000000000e-04,7.410798273e+07,343.159000,343.047000,0.000020,6.921285402e-06,2.502653e+08
186,34,1.000000000e-04,-7.384822218e+07,343.047000,342.941500,0.000020,6.921285402e-06,2.504165e+08
186,35,1.000000000e-04,7.526101857e+07,342.941500,342.844300,0.000020,6.921285402e-06,2.505573e+08
186,36,1.000000000e-04,-7.128237674e+07,342.844300,342.758000,0.000018,6.921285402e-06,2.506849e+08
186,37,1.000000000e-04,8.578414767e+07,342.758000,342.681000,0.000026,6.921285402e-06,2.507984e+08
186,38,1.000000000e-04,-4.625738284e+07,342.681000,342.626000,0.000008,6.921285402e-06,2.508901e+08
186,39,1.000000000e-04,1.898626712e+08,342.626000,342.603000,0.000130,6.921285402e-06,2.509442e+08
187,0,1.000000000e-04,-4.431455782e+08,343.322000,343.361000,0.000706,6.921285402e-06,2.499330e+08
187,1,1.000000000e-04,2.534017362e+08,343.361000,343.503000,0.000231,6.921285402e-06,2.498077e+08
187,2,1.000000000e-04,-2.534017362e+08,343.503000,343.712300,0.000231,6.921285402e-06,2.495636e+08
187,3,1.000000000e-04,2.456912447e+08,343.712300,344.005900,0.000217,6.921285402e-06,2.492141e+08
187,4,1.000000000e-04,-2.456912447e+08,344.005900,344.408500,0.000217,6.921285402e-06,2.487302e+08
187,5,1.000000000e-04,2.475610327e+08,344.408500,344.943400,0.000220,6.921285402e-06,2.480787e+08
187,6,1.000000000e-04,-2.475610327e+08,344.943400,345.676500,0.000220,6.921285402e-06,2.471974e+08
187,7,1.000000000e-04,2.741744159e+08,345.676500,346.693400,0.000270,6.921285402e-06,2.459811e+08
187,8,1.000000000e-04,-2.741744159e+08,346.693400,348.163900,0.000270,6.921285402e-06,2.442524e+08
187,9,1.000000000e-04,8.668077566e+08,348.163900,350.800000,0.002699,6.921285402e-06,2.413954e+08
187,10,1.000000000e-04,-8.668077566e+08,350.800000,353.409100,0.002699,6.921285402e-06,2.377499e+08
187,11,1.000000000e-04,9.264070688e+08,353.409100,354.769600,0.003083,6.921285402e-06,2.349906e+08
187,12,1.000000000e-04,-9.264070688e+08,354.769600,355.616500,0.003083,6.921285402e-06,2.334565e+08
187,13,1.000000000e-04,9.321410882e+08,355.616500,356.089800,0.003122,6.921285402e-06,2.325389e+08
187,14,1.000000000e-04,-9.321410882e+08,356.089800,356.245000,0.003122,6.921285402e-06,2.321021e+08
187,15,1.000000000e-04,9.300697721e+08,356.245000,356.132700,0.003108,6.921285402e-06,2.320723e+08
187,16,1.000000000e-04,-9.300697721e+08,356.132700,355.700900,0.003108,6.921285402e-06,2.324504e+08
187,17,1.000000000e-04,9.034355853e+08,355.700900,354.898600,0.002932,6.921285402e-06,2.333083e+08
187,18,1.000000000e-04,-9.034355853e+08,354.898600,353.577100,0.002932,6.921285402e-06,2.347844e+08
187,19,1.000000000e-04,3.107973348e+08,353.577100,351.010000,0.000347,6.921285402e-06,2.374900e+08
187,20,1.000000000e-04,-3.107973348e+08,351.010000,348.416900,0.000347,6.921285402e-06,2.410764e+08
187,21,1.000000000e-04,2.511697316e+08,348.416900,346.993700,0.000227,6.921285402e-06,2.438679e+08
187,22,1.000000000e-04,-2.511697316e+08,346.993700,346.011800,0.000227,6.921285402e-06,2.455394e+08
187,23,1.000000000e-04,2.451561338e+08,346.011800,345.311400,0.000216,6.921285402e-06,2.467086e+08
187,24,1.000000000e-04,-2.451561338e+08,345.311400,344.803500,0.000216,6.921285402e-06,2.475484e+08
187,25,1.000000000e-04,2.444420137e+08,344.803500,344.416800,0.000215,6.921285402e-06,2.481701e+08
187,26,1.000000000e-04,-2.444420137e+08,344.416800,344.125000,0.000215,6.921285402e-06,2.486417e+08
187,27,1.000000000e-04,2.432963033e+08,344.125000,343.893000,0.000213,6.921285402e-06,2.490057e+08
187,28,1.000000000e-04,-2.432963033e+08,343.893000,343.702100,0.000213,6.921285402e-06,2.492997e+08
187,29,1.000000000e-04,2.251427096e+08,343.702100,343.545500,0.000182,6.921285402e-06,2.495412e+08
187,30,1.000000000e-04,-2.251427096e+08,343.545500,343.402900,0.000182,6.921285402e-06,2.497491e+08
187,31,1.000000000e-04,2.225677693e+08,343.402900,343.274700,0.000178,6.921285402e-06,2.499374e+08
187,32,1.000000000e-04,-2.225677693e+08,343.274700,343.159000,0.000178,6.921285402e-06,2.501069e+08
187,33,1.000000000e-04,2.223809127e+08,343.159000,343.055100,0.000178,6.921285402e-06,2.502595e+08
187,34,1.000000000e-04,-2.223809127e+08,343.055100,342.949500,0.000178,6.921285402e-06,2.504051e+08
187,35,1.000000000e-04,2.230872950e+08,342.949500,342.853100,0.000179,6.921285402e-06,2.505455e+08
187,36,1.000000000e-04,-2.230872950e+08,342.853100,342.765000,0.000179,6.921285402e-06,2.506737e+08
187,37,1.000000000e-04,2.303380627e+08,342.765000,342.688000,0.000191,6.921285402e-06,2.507884e+08
187,38,1.000000000e-04,-2.303380627e+08,342.688000,342.633000,0.000191,6.921285402e-06,2.508802e+08
187,39,1.000000000e-04,4.028532998e+08,342.633000,342.610000,0.000583,6.921285402e-06,2.509339e+08
188,0,1.000000000e-04,-2.088423925e+08,343.265000,343.307000,0.000157,6.921285402e-06,2.500108e+08
188,1,1.000000000e-04,5.090835238e+07,343.307000,343.436500,0.000009,6.921285402e-06,2.498918e+08
188,2,1.000000000e-04,-9.430739502e+07,343.436500,343.628500,0.000032,6.921285402e-06,2.496683e+08
188,3,1.000000000e-04,7.864526459e+07,343.628500,343.892000,0.000022,6.921285402e-06,2.493517e+08
188,4,1.000000000e-04,-8.229741935e+07,343.892000,344.250000,0.000024,6.921285402e-06,2.489198e+08
188,5,1.000000000e-04,8.335093071e+07,344.250000,344.711000,0.000025,6.921285402e-06,2.483506e+08
188,6,1.000000000e-04,-7.734391937e+07,344.711000,345.329000,0.000021,6.921285402e-06,2.476007e+08
188,7,1.000000000e-04,1.003184534e+08,345.329000,346.154500,0.000036,6.921285402e-06,2.465974e+08
188,8,1.000000000e-04,-4.758712071e+07,346.154500,347.278000,0.000008,6.921285402e-06,2.452429e+08
188,9,1.000000000e-04,2.355379174e+08,347.278000,349.075000,0.000199,6.921285402e-06,2.432129e+08
188,10,1.000000000e-04,-1.801881741e+08,349.075000,350.842000,0.000117,6.921285402e-06,2.407360e+08
188,11,1.000000000e-04,2.136363504e+08,350.842000,351.875000,0.000164,6.921285402e-06,2.387900e+08
188,12,1.000000000e-04,-2.042176441e+08,351.875000,352.545000,0.000150,6.921285402e-06,2.376064e+08
188,13,1.000000000e-04,2.084442932e+08,352.545000,352.930500,0.000156,6.921285402e-06,2.368728e+08
188,14,1.000000000e-04,-2.079172210e+08,352.930500,353.065000,0.000155,6.921285402e-06,2.365114e+08
188,15,1.000000000e-04,2.057988606e+08,353.065000,352.978000,0.000152,6.921285402e-06,2.364784e+08
188,16,1.000000000e-04,-2.120972636e+08,352.978000,352.636000,0.000162,6.921285402e-06,2.367766e+08
188,17,1.000000000e-04,1.890220122e+08,352.636000,352.007500,0.000128,6.921285402e-06,2.374511e+08
188,18,1.000000000e-04,-2.417818185e+08,352.007500,351.010000,0.000210,6.921285402e-06,2.385811e+08
188,19,1.000000000e-04,5.381784461e+07,351.010000,349.292500,0.000010,6.921285402e-06,2.404683e+08
188,20,1.000000000e-04,-1.091796586e+08,349.292500,347.541000,0.000043,6.921285402e-06,2.428792e+08
188,21,1.000000000e-04,7.569637647e+07,347.541000,346.458500,0.000021,6.921285402e-06,2.448488e+08
188,22,1.000000000e-04,-8.520327893e+07,346.458500,345.670000,0.000026,6.921285402e-06,2.461492e+08
188,23,1.000000000e-04,8.065895123e+07,345.670000,345.088500,0.000023,6.921285402e-06,2.471013e+08
188,24,1.000000000e-04,-8.198662885e+07,345.088500,344.655000,0.000024,6.921285402e-06,2.478067e+08
188,25,1.000000000e-04,8.122024606e+07,344.655000,344.318000,0.000024,6.921285402e-06,2.483422e+08
188,26,1.000000000e-04,-8.196987046e+07,344.318000,344.060000,0.000024,6.921285402e-06,2.487558e+08
188,27,1.000000000e-04,7.973775568e+07,344.060000,343.849000,0.000023,6.921285402e-06,2.490817e+08
188,28,1.000000000e-04,-8.566674710e+07,343.849000,343.670500,0.000026,6.921285402e-06,2.493524e+08
188,29,1.000000000e-04,6.418289621e+07,343.670500,343.525000,0.000015,6.921285402e-06,2.495776e+08
188,30,1.000000000e-04,-7.825018285e+07,343.525000,343.388000,0.000022,6.921285402e-06,2.497739e+08
188,31,1.000000000e-04,7.310079683e+07,343.388000,343.272500,0.000019,6.921285402e-06,2.499494e+08
188,32,1.000000000e-04,-7.448156132e+07,343.272500,343.159000,0.000020,6.921285402e-06,2.501086e+08
188,33,1.000000000e-04,7.410788940e+07,343.159000,343.056000,0.000020,6.921285402e-06,2.502591e+08
188,34,1.000000000e-04,-7.384812416e+07,343.056000,342.952500,0.000020,6.921285402e-06,2.504026e+08
188,35,1.000000000e-04,7.526085704e+07,342.952500,342.859500,0.000020,6.921285402e-06,2.505391e+08
188,36,1.000000000e-04,-7.128234891e+07,342.859500,342.775000,0.000018,6.921285402e-06,2.506625e+08
188,37,1.000000000e-04,8.578364855e+07,342.775000,342.698000,0.000026,6.921285402e-06,2.507747e+08
188,38,1.000000000e-04,-4.625773357e+07,342.698000,342.643000,0.000008,6.921285402e-06,2.508665e+08
188,39,1.000000000e-04,1.898600939e+08,342.643000,342.620000,0.000130,6.921285402e-06,2.509206e+08
189,0,1.000000000e-04,-4.431323441e+08,343.206000,343.242900,0.000706,6.921285402e-06,2.500957e+08
189,1,1.000000000e-04,2.533814608e+08,343.242900,343.361000,0.000231,6.921285402e-06,2.499885e+08
189,2,1.000000000e-04,-2.533814608e+08,343.361000,343.533000,0.000231,6.921285402e-06,2.497869e+08
189,3,1.000000000e-04,2.454946280e+08,343.533000,343.766200,0.000217,6.921285402e-06,2.495053e+08
189,4,1.000000000e-04,-2.454946280e+08,343.766200,344.078500,0.000217,6.921285402e-06,2.491262e+08
189,5,1.000000000e-04,2.454840289e+08,344.078500,344.463600,0.000217,6.921285402e-06,2.486415e+08
189,6,1.000000000e-04,-2.454840289e+08,344.463600,344.962500,0.000217,6.921285402e-06,2.480271e+08
189,7,1.000000000e-04,2.520304377e+08,344.962500,345.594600,0.000228,6.921285402e-06,2.472410e+08
189,8,1.000000000e-04,-2.520304377e+08,345.594600,346.377200,0.000228,6.921285402e-06,2.462578e+08
189,9,1.000000000e-04,3.031192078e+08,346.377200,347.320500,0.000330,6.921285402e-06,2.450582e+08
189,10,1.000000000e-04,-3.031192078e+08,347.320500,348.239900,0.000330,6.921285402e-06,2.437636e+08
189,11,1.000000000e-04,3.125441512e+08,348.239900,348.945400,0.000351,6.921285402e-06,2.426343e+08
189,12,1.000000000e-04,-3.125441512e+08,348.945400,349.443800,0.000351,6.921285402e-06,2.417976e+08
189,13,1.000000000e-04,3.137709497e+08,349.443800,349.744200,0.000354,6.921285402e-06,2.412424e+08
189,14,1.000000000e-04,-3.137709497e+08,349.744200,349.844000,0.000354,6.921285402e-06,2.409643e+08
189,15,1.000000000e-04,3.131401551e+08,349.844000,349.787200,0.000352,6.921285402e-06,2.409344e+08
189,16,1.000000000e-04,-3.131401551e+08,349.787200,349.528500,0.000352,6.921285402e-06,2.411537e+08
189,17,1.000000000e-04,3.065315456e+08,349.528500,349.080700,0.000338,6.921285402e-06,2.416447e+08
189,18,1.000000000e-04,-3.065315456e+08,349.080700,348.416900,0.000338,6.921285402e-06,2.424173e+08
189,19,1.000000000e-04,2.554355208e+08,348.416900,347.541000,0.000234,6.921285402e-06,2.434875e+08
189,20,1.000000000e-04,-2.554355208e+08,347.541000,346.641100,0.000234,6.921285402e-06,2.447217e+08
189,21,1.000000000e-04,2.459987119e+08,346.641100,345.899300,0.000217,6.921285402e-06,2.458627e+08
189,22,1.000000000e-04,-2.459987119e+08,345.899300,345.311500,0.000217,6.921285402e-06,2.467867e+08
189,23,1.000000000e-04,2.446695789e+08,345.311500,344.851600,0.000215,6.921285402e-06,2.475149e+08
189,24,1.000000000e-04,-2.446695789e+08,344.851600,344.490000,0.000215,6.921285402e-06,2.480858e+08
189,25,1.000000000e-04,2.443954699e+08,344.490000,344.208100,0.000215,6.921285402e-06,2.485331e+08
189,26,1.000000000e-04,-2.443954699e+08,344.208100,343.983700,0.000215,6.921285402e-06,2.488849e+08
189,27,1.000000000e-04,2.432913369e+08,343.983700,343.793300,0.000213,6.921285402e-06,2.491732e+08
189,28,1.000000000e-04,-2.432913369e+08,343.793300,343.636000,0.000213,6.921285402e-06,2.494149e+08
189,29,1.000000000e-04,2.251417149e+08,343.636000,343.498500,0.000182,6.921285402e-06,2.496198e+08
189,30,1.000000000e-04,-2.251417149e+08,343.498500,343.372000,0.000182,6.921285402e-06,2.498033e+08
189,31,1.000000000e-04,2.225671622e+08,343.372000,343.260700,0.000178,6.921285402e-06,2.499686e+08
189,32,1.000000000e-04,-2.225671622e+08,343.260700,343.158300,0.000178,6.921285402e-06,2.501171e+08
189,33,1.000000000e-04,2.223803304e+08,343.158300,343.056000,0.000178,6.921285402e-06,2.502593e+08
189,34,1.000000000e-04,-2.223803304e+08,343.056000,342.960000,0.000178,6.921285402e-06,2.503972e+08
189,35,1.000000000e-04,2.230866062e+08,342.960000,342.865000,0.000179,6.921285402e-06,2.505299e+08
189,36,1.000000000e-04,-2.230866062e+08,342.865000,342.778700,0.000179,6.921285402e-06,2.506559e+08
189,37,1.000000000e-04,2.303366140e+08,342.778700,342.708000,0.000191,6.921285402e-06,2.507650e+08
189,38,1.000000000e-04,-2.303366140e+08,342.708000,342.653000,0.000191,6.921285402e-06,2.508524e+08
189,39,1.000000000e-04,4.028448092e+08,342.653000,342.630000,0.000583,6.921285402e-06,2.509061e+08
190,0,1.000000000e-04,-2.088289145e+08,343.142000,343.177300,0.000157,6.921285402e-06,2.501864e+08
190,1,1.000000000e-04,5.089176560e+07,343.177300,343.281000,0.000009,6.921285402e-06,2.500900e+08
190,2,1.000000000e-04,-9.434735303e+07,343.281000,343.434900,0.000032,6.921285402e-06,2.499109e+08
190,3,1.000000000e-04,7.846215216e+07,343.434900,343.640700,0.000022,6.921285402e-06,2.496609e+08
190,4,1.000000000e-04,-8.270742938e+07,343.640700,343.898000,0.000025,6.921285402e-06,2.493391e+08
190,5,1.000000000e-04,8.161152139e+07,343.898000,344.217900,0.000024,6.921285402e-06,2.489379e+08
190,6,1.000000000e-04,-8.108272305e+07,344.217900,344.609500,0.000024,6.921285402e-06,2.484434e+08
190,7,1.000000000e-04,8.429382438e+07,344.609500,345.083300,0.000026,6.921285402e-06,2.478420e+08
190,8,1.000000000e-04,-7.938997811e+07,345.083300,345.633600,0.000023,6.921285402e-06,2.471302e+08
190,9,1.000000000e-04,9.579426185e+07,345.633600,346.233500,0.000033,6.921285402e-06,2.463308e+08
190,10,1.000000000e-04,-9.063029162e+07,346.233500,346.810400,0.000030,6.921285402e-06,2.455130e+08
190,11,1.000000000e-04,9.488188880e+07,346.810400,347.291700,0.000032,6.921285402e-06,2.447775e+08
190,12,1.000000000e-04,-9.364885323e+07,347.291700,347.645700,0.000032,6.921285402e-06,2.441970e+08
190,13,1.000000000e-04,9.432939832e+07,347.645700,347.871100,0.000032,6.921285402e-06,2.437943e+08
190,14,1.000000000e-04,-9.426046659e+07,347.871100,347.951000,0.000032,6.921285402e-06,2.435821e+08
190,15,1.000000000e-04,9.385564843e+07,347.951000,347.914100,0.000032,6.921285402e-06,2.435522e+08
190,16,1.000000000e-04,-9.479664963e+07,347.914100,347.736700,0.000032,6.921285402e-06,2.437012e+08
190,17,1.000000000e-04,9.143746300e+07,347.736700,347.425600,0.000030,6.921285402e-06,2.440407e+08
190,18,1.000000000e-04,-9.638229098e+07,347.425600,346.993700,0.000033,6.921285402e-06,2.445570e+08
190,19,1.000000000e-04,7.996216568e+07,346.993700,346.458500,0.000023,6.921285402e-06,2.452292e+08
190,20,1.000000000e-04,-8.513318537e+07,346.458500,345.899300,0.000026,6.921285402e-06,2.459898e+08
190,21,1.000000000e-04,8.086923193e+07,345.899300,345.394300,0.000023,6.921285402e-06,2.467294e+08
190,22,1.000000000e-04,-8.212827130e+07,345.394300,344.965500,0.000024,6.921285402e-06,2.473784e+08
190,23,1.000000000e-04,8.135606724e+07,344.965500,344.612900,0.000024,6.921285402e-06,2.479215e+08
190,24,1.000000000e-04,-8.163163162e+07,344.612900,344.326500,0.000024,6.921285402e-06,2.483656e+08
190,25,1.000000000e-04,8.130157815e+07,344.326500,344.091400,0.000024,6.921285402e-06,2.487280e+08
190,26,1.000000000e-04,-8.193019576e+07,344.091400,343.898900,0.000024,6.921285402e-06,2.490252e+08
190,27,1.000000000e-04,7.974577878e+07,343.898900,343.734100,0.000023,6.921285402e-06,2.492735e+08
190,28,1.000000000e-04,-8.566156495e+07,343.734100,343.594300,0.000026,6.921285402e-06,2.494852e+08
190,29,1.000000000e-04,6.418283724e+07,343.594300,343.471000,0.000015,6.921285402e-06,2.496681e+08
190,30,1.000000000e-04,-7.824870270e+07,343.471000,343.356700,0.000022,6.921285402e-06,2.498332e+08
190,31,1.000000000e-04,7.309987826e+07,343.356700,343.253100,0.000019,6.921285402e-06,2.499847e+08
190,32,1.000000000e-04,-7.448049828e+07,343.253100,343.152000,0.000020,6.921285402e-06,2.501269e+08
190,33,1.000000000e-04,7.410684264e+07,343.152000,343.056000,0.000020,6.921285402e-06,2.502639e+08
190,34,1.000000000e-04,-7.384716394e+07,343.056000,342.960000,0.000020,6.921285402e-06,2.503974e+08
190,35,1.000000000e-04,7.525953439e+07,342.960000,342.871300,0.000020,6.921285402e-06,2.505257e+08
190,36,1.000000000e-04,-7.128175885e+07,342.871300,342.785000,0.000018,6.921285402e-06,2.506473e+08
190,37,1.000000000e-04,8.578049054e+07,342.785000,342.715000,0.000026,6.921285402e-06,2.507560e+08
190,38,1.000000000e-04,-4.625940482e+07,342.715000,342.660000,0.000008,6.921285402e-06,2.508429e+08
190,39,1.000000000e-04,1.898450160e+08,342.660000,342.637000,0.000129,6.921285402e-06,2.508969e+08
191,0,1.000000000e-04,-4.430750793e+08,343.068000,343.100000,0.000705,6.921285402e-06,2.502909e+08
191,1,1.000000000e-04,2.533618690e+08,343.100000,343.194000,0.000231,6.921285402e-06,2.502039e+08
191,2,1.000000000e-04,-2.533618690e+08,343.194000,343.334100,0.000231,6.921285402e-06,2.500412e+08
191,3,1.000000000e-04,2.454087631e+08,343.334100,343.514300,0.000216,6.921285402e-06,2.498186e+08
191,4,1.000000000e-04,-2.454087631e+08,343.514300,343.730000,0.000216,6.921285402e-06,2.495435e+08
191,5,1.000000000e-04,2.447522091e+08,343.730000,343.989400,0.000215,6.921285402e-06,2.492133e+08
191,6,1.000000000e-04,-2.447522091e+08,343.989400,344.295700,0.000215,6.921285402e-06,2.488201e+08
191,7,1.000000000e-04,2.456175610e+08,344.295700,344.651500,0.000217,6.921285402e-06,2.483599e+08
191,8,1.000000000e-04,-2.456175610e+08,344.651500,345.039200,0.000217,6.921285402e-06,2.478432e+08
191,9,1.000000000e-04,2.500781094e+08,345.039200,345.445000,0.000225,6.921285402e-06,2.472917e+08
191,10,1.000000000e-04,-2.500781094e+08,345.445000,345.834800,0.000225,6.921285402e-06,2.467388e+08
191,11,1.000000000e-04,2.512625489e+08,345.834800,346.162600,0.000227,6.921285402e-06,2.462400e+08
191,12,1.000000000e-04,-2.512625489e+08,346.162600,346.414200,0.000227,6.921285402e-06,2.458374e+08
191,13,1.000000000e-04,2.514559634e+08,346.414200,346.579300,0.000227,6.921285402e-06,2.455477e+08
191,14,1.000000000e-04,-2.514559634e+08,346.579300,346.645000,0.000227,6.921285402e-06,2.453873e+08
191,15,1.000000000e-04,2.513395549e+08,346.645000,346.622300,0.000227,6.921285402e-06,2.453575e+08
191,16,1.000000000e-04,-2.513395549e+08,346.622300,346.500300,0.000227,6.921285402e-06,2.454580e+08
191,17,1.000000000e-04,2.503972470e+08,346.500300,346.298600,0.000225,6.921285402e-06,2.456830e+08
191,18,1.000000000e-04,-2.503972470e+08,346.298600,346.011800,0.000225,6.921285402e-06,2.460225e+08
191,19,1.000000000e-04,2.459286183e+08,346.011800,345.670000,0.000217,6.921285402e-06,2.464594e+08
191,20,1.000000000e-04,-2.459286183e+08,345.670000,345.311500,0.000217,6.921285402e-06,2.469461e+08
191,21,1.000000000e-04,2.447396725e+08,345.311500,344.965500,0.000215,6.921285402e-06,2.474357e+08
191,22,1.000000000e-04,-2.447396725e+08,344.965500,344.654700,0.000215,6.921285402e-06,2.478922e+08
191,23,1.000000000e-04,2.445145929e+08,344.654700,344.390100,0.000215,6.921285402e-06,2.482921e+08
191,24,1.000000000e-04,-2.445145929e+08,344.390100,344.166500,0.000215,6.921285402e-06,2.486314e+08
191,25,1.000000000e-04,2.443726701e+08,344.166500,343.978300,0.000215,6.921285402e-06,2.489176e+08
191,26,1.000000000e-04,-2.443726701e+08,343.978300,343.814100,0.000215,6.921285402e-06,2.491625e+08
191,27,1.000000000e-04,2.432835389e+08,343.814100,343.674900,0.000213,6.921285402e-06,2.493734e+08
191,28,1.000000000e-04,-2.432835389e+08,343.674900,343.551700,0.000213,6.921285402e-06,2.495558e+08
191,29,1.000000000e-04,2.251358114e+08,343.551700,343.440500,0.000182,6.921285402e-06,2.497187e+08
191,30,1.000000000e-04,-2.251358114e+08,343.440500,343.341000,0.000182,6.921285402e-06,2.498651e+08
191,31,1.000000000e-04,2.225615518e+08,343.341000,343.245000,0.000178,6.921285402e-06,2.500010e+08
191,32,1.000000000e-04,-2.225615518e+08,343.245000,343.149900,0.000178,6.921285402e-06,2.501338e+08
191,33,1.000000000e-04,2.223747024e+08,343.149900,343.056000,0.000178,6.921285402e-06,2.502652e+08
191,34,1.000000000e-04,-2.223747024e+08,343.056000,342.966500,0.000178,6.921285402e-06,2.503926e+08
191,35,1.000000000e-04,2.230804542e+08,342.966500,342.878000,0.000179,6.921285402e-06,2.505164e+08
191,36,1.000000000e-04,-2.230804541e+08,342.878000,342.798000,0.000179,6.921285402e-06,2.506335e+08
191,37,1.000000000e-04,2.303265118e+08,342.798000,342.731000,0.000191,6.921285402e-06,2.507356e+08
191,38,1.000000000e-04,-2.303265118e+08,342.731000,342.676000,0.000191,6.921285402e-06,2.508204e+08
191,39,1.000000000e-04,4.027946597e+08,342.676000,342.653000,0.000583,6.921285402e-06,2.508741e+08
192,0,1.000000000e-04,-2.087331385e+08,342.995000,343.028100,0.000157,6.921285402e-06,2.503923e+08
192,1,1.000000000e-04,5.089252559e+07,343.028100,343.107700,0.000009,6.921285402e-06,2.503141e+08
192,2,1.000000000e-04,-9.433448460e+07,343.107700,343.233300,0.000032,6.921285402e-06,2.501715e+08
192,3,1.000000000e-04,7.840726148e+07,343.233300,343.387900,0.000022,6.921285402e-06,2.499767e+08
192,4,1.000000000e-04,-8.277164419e+07,343.387900,343.570000,0.000025,6.921285402e-06,2.497427e+08
192,5,1.000000000e-04,8.124133647e+07,343.570000,343.786300,0.000024,6.921285402e-06,2.494658e+08
192,6,1.000000000e-04,-8.156133687e+07,343.786300,344.022100,0.000024,6.921285402e-06,2.491516e+08
192,7,1.000000000e-04,8.181164299e+07,344.022100,344.291900,0.000024,6.921285402e-06,2.488002e+08
192,8,1.000000000e-04,-8.138958902e+07,344.291900,344.570500,0.000024,6.921285402e-06,2.484191e+08
192,9,1.000000000e-04,8.282749876e+07,344.570500,344.859000,0.000025,6.921285402e-06,2.480250e+08
192,10,1.000000000e-04,-8.234648110e+07,344.859000,345.133500,0.000024,6.921285402e-06,2.476337e+08
192,11,1.000000000e-04,8.283264202e+07,345.133500,345.363400,0.000025,6.921285402e-06,2.472831e+08
192,12,1.000000000e-04,-8.268782355e+07,345.363400,345.545600,0.000025,6.921285402e-06,2.469967e+08
192,13,1.000000000e-04,8.278093650e+07,345.545600,345.665800,0.000025,6.921285402e-06,2.467865e+08
192,14,1.000000000e-04,-8.277286224e+07,345.665800,345.717500,0.000025,6.921285402e-06,2.466671e+08
192,15,1.000000000e-04,8.271204633e+07,345.717500,345.708800,0.000025,6.921285402e-06,2.466372e+08
192,16,1.000000000e-04,-8.282976150e+07,345.708800,345.636600,0.000025,6.921285402e-06,2.466934e+08
192,17,1.000000000e-04,8.241971675e+07,345.636600,345.495800,0.000024,6.921285402e-06,2.468415e+08
192,18,1.000000000e-04,-8.288582532e+07,345.495800,345.311400,0.000025,6.921285402e-06,2.470675e+08
192,19,1.000000000e-04,8.143143577e+07,345.311400,345.088500,0.000024,6.921285402e-06,2.473505e+08
192,20,1.000000000e-04,-8.191799061e+07,345.088500,344.851600,0.000024,6.921285402e-06,2.476701e+08
192,21,1.000000000e-04,8.142616080e+07,344.851600,344.612900,0.000024,6.921285402e-06,2.480006e+08
192,22,1.000000000e-04,-8.158114680e+07,344.612900,344.390100,0.000024,6.921285402e-06,2.483214e+08
192,23,1.000000000e-04,8.145303261e+07,344.390100,344.194200,0.000024,6.921285402e-06,2.486124e+08
192,24,1.000000000e-04,-8.154447062e+07,344.194200,344.019000,0.000024,6.921285402e-06,2.488703e+08
192,25,1.000000000e-04,8.130683278e+07,344.019000,343.867900,0.000024,6.921285402e-06,2.490971e+08
192,26,1.000000000e-04,-8.190926921e+07,343.867900,343.735600,0.000024,6.921285402e-06,2.492940e+08
192,27,1.000000000e-04,7.973716133e+07,343.735600,343.615700,0.000023,6.921285402e-06,2.494693e+08
192,28,1.000000000e-04,-8.564925643e+07,343.615700,343.510000,0.000026,6.921285402e-06,2.496261e+08
192,29,1.000000000e-04,6.417298394e+07,343.510000,343.412000,0.000015,6.921285402e-06,2.497677e+08
192,30,1.000000000e-04,-7.823808303e+07,343.412000,343.325000,0.000022,6.921285402e-06,2.498963e+08
192,31,1.000000000e-04,7.308986882e+07,343.325000,343.235300,0.000019,6.921285402e-06,2.500191e+08
192,32,1.000000000e-04,-7.447035779e+07,343.235300,343.145000,0.000020,6.921285402e-06,2.501442e+08
192,33,1.000000000e-04,7.409661613e+07,343.145000,343.064100,0.000020,6.921285402e-06,2.502632e+08
192,34,1.000000000e-04,-7.383739245e+07,343.064100,342.974500,0.000020,6.921285402e-06,2.503816e+08
192,35,1.000000000e-04,7.524802884e+07,342.974500,342.894000,0.000020,6.921285402e-06,2.504999e+08
192,36,1.000000000e-04,-7.127399501e+07,342.894000,342.814000,0.000018,6.921285402e-06,2.506114e+08
192,37,1.000000000e-04,8.575949394e+07,342.814000,342.747000,0.000026,6.921285402e-06,2.507136e+08
192,38,1.000000000e-04,-4.626503903e+07,342.747000,342.692000,0.000008,6.921285402e-06,2.507984e+08
192,39,1.000000000e-04,1.897573598e+08,342.692000,342.669000,0.000129,6.921285402e-06,2.508525e+08
193,0,1.000000000e-04,-4.427500003e+08,342.920000,342.949000,0.000704,6.921285402e-06,2.504987e+08
193,1,1.000000000e-04,2.532758564e+08,342.949000,343.027000,0.000230,6.921285402e-06,2.504249e+08
193,2,1.000000000e-04,-2.532758564e+08,343.027000,343.134000,0.000230,6.921285402e-06,2.502963e+08
193,3,1.000000000e-04,2.453264117e+08,343.134000,343.266500,0.000216,6.921285402e-06,2.501299e+08
193,4,1.000000000e-04,-2.453264117e+08,343.266500,343.422500,0.000216,6.921285402e-06,2.499294e+08
193,5,1.000000000e-04,2.445461178e+08,343.422500,343.602000,0.000215,6.921285402e-06,2.496962e+08
193,6,1.000000000e-04,-2.445461178e+08,343.602000,343.794000,0.000215,6.921285402e-06,2.494380e+08
193,7,1.000000000e-04,2.445799369e+08,343.794000,343.999000,0.000215,6.921285402e-06,2.491621e+08
193,8,1.000000000e-04,-2.445799369e+08,343.999000,344.216000,0.000215,6.921285402e-06,2.488688e+08
193,9,1.000000000e-04,2.449679558e+08,344.216000,344.425000,0.000216,6.921285402e-06,2.485727e+08
193,10,1.000000000e-04,-2.449679558e+08,344.425000,344.626000,0.000216,6.921285402e-06,2.482878e+08
193,11,1.000000000e-04,2.451023239e+08,344.626000,344.795000,0.000216,6.921285402e-06,2.480306e+08
193,12,1.000000000e-04,-2.451023239e+08,344.795000,344.926000,0.000216,6.921285402e-06,2.478221e+08
193,13,1.000000000e-04,2.451284684e+08,344.926000,345.020000,0.000216,6.921285402e-06,2.476658e+08
193,14,1.000000000e-04,-2.451284684e+08,345.020000,345.065000,0.000216,6.921285402e-06,2.475692e+08
193,15,1.000000000e-04,2.451112542e+08,345.065000,345.063000,0.000216,6.921285402e-06,2.475393e+08
193,16,1.000000000e-04,-2.451112542e+08,345.063000,345.017000,0.000216,6.921285402e-06,2.475726e+08
193,17,1.000000000e-04,2.449972068e+08,345.017000,344.929000,0.000216,6.921285402e-06,2.476658e+08
193,18,1.000000000e-04,-2.449972068e+08,344.929000,344.803500,0.000216,6.921285402e-06,2.478142e+08
193,19,1.000000000e-04,2.446009407e+08,344.803500,344.655000,0.000215,6.921285402e-06,2.480046e+08
193,20,1.000000000e-04,-2.446009407e+08,344.655000,344.490000,0.000215,6.921285402e-06,2.482225e+08
193,21,1.000000000e-04,2.444641081e+08,344.490000,344.326500,0.000215,6.921285402e-06,2.484508e+08
193,22,1.000000000e-04,-2.444641081e+08,344.326500,344.166500,0.000215,6.921285402e-06,2.486756e+08
193,23,1.000000000e-04,2.444231549e+08,344.166500,344.019000,0.000215,6.921285402e-06,2.488893e+08
193,24,1.000000000e-04,-2.444231549e+08,344.019000,343.885000,0.000215,6.921285402e-06,2.490850e+08
193,25,1.000000000e-04,2.443084009e+08,343.885000,343.763500,0.000214,6.921285402e-06,2.492625e+08
193,26,1.000000000e-04,-2.443084009e+08,343.763500,343.659500,0.000214,6.921285402e-06,2.494193e+08
193,27,1.000000000e-04,2.432236321e+08,343.659500,343.563500,0.000213,6.921285402e-06,2.495583e+08
193,28,1.000000000e-04,-2.432236321e+08,343.563500,343.475500,0.000213,6.921285402e-06,2.496861e+08
193,29,1.000000000e-04,2.250793735e+08,343.475500,343.390000,0.000182,6.921285402e-06,2.498068e+08
193,30,1.000000000e-04,-2.250793735e+08,343.390000,343.310500,0.000182,6.921285402e-06,2.499214e+08
193,31,1.000000000e-04,2.225063644e+08,343.310500,343.235000,0.000178,6.921285402e-06,2.500292e+08
193,32,1.000000000e-04,-2.225063643e+08,343.235000,343.155000,0.000178,6.921285402e-06,2.501372e+08
193,33,1.000000000e-04,2.223195123e+08,343.155000,343.075000,0.000178,6.921285402e-06,2.502484e+08
193,34,1.000000000e-04,-2.223195123e+08,343.075000,342.995000,0.000178,6.921285402e-06,2.503596e+08
193,35,1.000000000e-04,2.230230487e+08,342.995000,342.915000,0.000179,6.921285402e-06,2.504708e+08
193,36,1.000000000e-04,-2.230230487e+08,342.915000,342.842000,0.000179,6.921285402e-06,2.505772e+08
193,37,1.000000000e-04,2.302504980e+08,342.842000,342.778000,0.000190,6.921285402e-06,2.506724e+08
193,38,1.000000000e-04,-2.302504980e+08,342.778000,342.723000,0.000190,6.921285402e-06,2.507551e+08
193,39,1.000000000e-04,4.024998184e+08,342.723000,342.705000,0.000582,6.921285402e-06,2.508053e+08
194,0,1.000000000e-04,-2.081834993e+08,342.845000,342.869900,0.000156,6.921285402e-06,2.506065e+08
194,1,1.000000000e-04,5.087753704e+07,342.869900,342.940000,0.000009,6.921285402e-06,2.505406e+08
194,2,1.000000000e-04,-9.417166661e+07,342.940000,343.038400,0.000032,6.921285402e-06,2.504235e+08
194,3,1.000000000e-04,7.830111062e+07,343.038400,343.156900,0.000022,6.921285402e-06,2.502727e+08
194,4,1.000000000e-04,-8.266646654e+07,343.156900,343.297000,0.000025,6.921285402e-06,2.500930e+08
194,5,1.000000000e-04,8.107559885e+07,343.297000,343.440900,0.000024,6.921285402e-06,2.498956e+08
194,6,1.000000000e-04,-8.150207326e+07,343.440900,343.599300,0.000024,6.921285402e-06,2.496855e+08
194,7,1.000000000e-04,8.138704331e+07,343.599300,343.760400,0.000024,6.921285402e-06,2.494635e+08
194,8,1.000000000e-04,-8.138725927e+07,343.760400,343.925100,0.000024,6.921285402e-06,2.492370e+08
194,9,1.000000000e-04,8.150142538e+07,343.925100,344.087500,0.000024,6.921285402e-06,2.490097e+08
194,10,1.000000000e-04,-8.146005605e+07,344.087500,344.237900,0.000024,6.921285402e-06,2.487923e+08
194,11,1.000000000e-04,8.151136727e+07,344.237900,344.364300,0.000024,6.921285402e-06,2.485999e+08
194,12,1.000000000e-04,-8.149567314e+07,344.364300,344.465400,0.000024,6.921285402e-06,2.484418e+08
194,13,1.000000000e-04,8.150713844e+07,344.465400,344.542000,0.000024,6.921285402e-06,2.483183e+08
194,14,1.000000000e-04,-8.150628236e+07,344.542000,344.576000,0.000024,6.921285402e-06,2.482415e+08
194,15,1.000000000e-04,8.149824141e+07,344.576000,344.585000,0.000024,6.921285402e-06,2.482116e+08
194,16,1.000000000e-04,-8.151178788e+07,344.585000,344.556400,0.000024,6.921285402e-06,2.482252e+08
194,17,1.000000000e-04,8.146564294e+07,344.556400,344.503300,0.000024,6.921285402e-06,2.482820e+08
194,18,1.000000000e-04,-8.150984788e+07,344.503300,344.416800,0.000024,6.921285402e-06,2.483790e+08
194,19,1.000000000e-04,8.137917305e+07,344.416800,344.318000,0.000024,6.921285402e-06,2.485078e+08
194,20,1.000000000e-04,-8.142571688e+07,344.318000,344.208100,0.000024,6.921285402e-06,2.486528e+08
194,21,1.000000000e-04,8.137021639e+07,344.208100,344.091400,0.000024,6.921285402e-06,2.488103e+08
194,22,1.000000000e-04,-8.139301615e+07,344.091400,343.978300,0.000024,6.921285402e-06,2.489700e+08
194,23,1.000000000e-04,8.135731761e+07,343.978300,343.867900,0.000024,6.921285402e-06,2.491254e+08
194,24,1.000000000e-04,-8.142158686e+07,343.867900,343.763500,0.000024,6.921285402e-06,2.492746e+08
194,25,1.000000000e-04,8.120020840e+07,343.763500,343.670000,0.000024,6.921285402e-06,2.494122e+08
194,26,1.000000000e-04,-8.179729483e+07,343.670000,343.590700,0.000024,6.921285402e-06,2.495323e+08
194,27,1.000000000e-04,7.963032759e+07,343.590700,343.512300,0.000023,6.921285402e-06,2.496419e+08
194,28,1.000000000e-04,-8.553828248e+07,343.512300,343.442000,0.000026,6.921285402e-06,2.497452e+08
194,29,1.000000000e-04,6.407343015e+07,343.442000,343.374500,0.000015,6.921285402e-06,2.498410e+08
194,30,1.000000000e-04,-7.813457621e+07,343.374500,343.307000,0.000022,6.921285402e-06,2.499348e+08
194,31,1.000000000e-04,7.299075399e+07,343.307000,343.243000,0.000019,6.921285402e-06,2.500262e+08
194,32,1.000000000e-04,-7.437012615e+07,343.243000,343.170000,0.000020,6.921285402e-06,2.501214e+08
194,33,1.000000000e-04,7.399645973e+07,343.170000,343.097900,0.000020,6.921285402e-06,2.502223e+08
194,34,1.000000000e-04,-7.373899908e+07,343.097900,343.028000,0.000020,6.921285402e-06,2.503210e+08
194,35,1.000000000e-04,7.514250810e+07,343.028000,342.949900,0.000020,6.921285402e-06,2.504238e+08
194,36,1.000000000e-04,-7.118555626e+07,342.949900,342.885000,0.000018,6.921285402e-06,2.505232e+08
194,37,1.000000000e-04,8.560985461e+07,342.885000,342.821300,0.000026,6.921285402e-06,2.506126e+08
194,38,1.000000000e-04,-4.625249444e+07,342.821300,342.767000,0.000008,6.921285402e-06,2.506946e+08
194,39,1.000000000e-04,1.892576367e+08,342.767000,342.744000,0.000129,6.921285402e-06,2.507482e+08
195,0,1.000000000e-04,-4.408615340e+08,342.772000,342.798000,0.000698,6.921285402e-06,2.507065e+08
195,1,1.000000000e-04,2.525894576e+08,342.798000,342.860000,0.000229,6.921285402e-06,2.506459e+08
195,2,1.000000000e-04,-2.525894576e+08,342.860000,342.953000,0.000229,6.921285402e-06,2.505382e+08
195,3,1.000000000e-04,2.447161640e+08,342.953000,343.054400,0.000215,6.921285402e-06,2.504031e+08
195,4,1.000000000e-04,-2.447161640e+08,343.054400,343.172500,0.000215,6.921285402e-06,2.502505e+08
195,5,1.000000000e-04,2.439248174e+08,343.172500,343.302300,0.000214,6.921285402e-06,2.500783e+08
195,6,1.000000000e-04,-2.439248174e+08,343.302300,343.435100,0.000214,6.921285402e-06,2.498958e+08
195,7,1.000000000e-04,2.438575689e+08,343.435100,343.567900,0.000214,6.921285402e-06,2.497112e+08
195,8,1.000000000e-04,-2.438575689e+08,343.567900,343.700700,0.000214,6.921285402e-06,2.495266e+08
195,9,1.000000000e-04,2.438850610e+08,343.700700,343.825000,0.000214,6.921285402e-06,2.493479e+08
195,10,1.000000000e-04,-2.438850610e+08,343.825000,343.944300,0.000214,6.921285402e-06,2.491786e+08
195,11,1.000000000e-04,2.438988744e+08,343.944300,344.040200,0.000214,6.921285402e-06,2.490290e+08
195,12,1.000000000e-04,-2.438988744e+08,344.040200,344.122000,0.000214,6.921285402e-06,2.489055e+08
195,13,1.000000000e-04,2.439020409e+08,344.122000,344.186000,0.000214,6.921285402e-06,2.488042e+08
195,14,1.000000000e-04,-2.439020409e+08,344.186000,344.216500,0.000214,6.921285402e-06,2.487385e+08
195,15,1.000000000e-04,2.438997817e+08,344.216500,344.229700,0.000214,6.921285402e-06,2.487081e+08
195,16,1.000000000e-04,-2.438997817e+08,344.229700,344.215100,0.000214,6.921285402e-06,2.487091e+08
195,17,1.000000000e-04,2.438870007e+08,344.215100,344.179200,0.000214,6.921285402e-06,2.487442e+08
195,18,1.000000000e-04,-2.438870007e+08,344.179200,344.125000,0.000214,6.921285402e-06,2.488068e+08
195,19,1.000000000e-04,2.438513163e+08,344.125000,344.056500,0.000214,6.921285402e-06,2.488921e+08
195,20,1.000000000e-04,-2.438513163e+08,344.056500,343.983700,0.000214,6.921285402e-06,2.489903e+08
195,21,1.000000000e-04,2.438354905e+08,343.983700,343.898900,0.000214,6.921285402e-06,2.490998e+08
195,22,1.000000000e-04,-2.438354905e+08,343.898900,343.814100,0.000214,6.921285402e-06,2.492177e+08
195,23,1.000000000e-04,2.438207185e+08,343.814100,343.735600,0.000214,6.921285402e-06,2.493312e+08
195,24,1.000000000e-04,-2.438207185e+08,343.735600,343.659500,0.000214,6.921285402e-06,2.494386e+08
195,25,1.000000000e-04,2.437113144e+08,343.659500,343.590700,0.000213,6.921285402e-06,2.495394e+08
195,26,1.000000000e-04,-2.437113144e+08,343.590700,343.524000,0.000213,6.921285402e-06,2.496335e+08
195,27,1.000000000e-04,2.426332556e+08,343.524000,343.469100,0.000212,6.921285402e-06,2.497180e+08
195,28,1.000000000e-04,-2.426332556e+08,343.469100,343.416300,0.000212,6.921285402e-06,2.497929e+08
195,29,1.000000000e-04,2.245231155e+08,343.416300,343.370000,0.000181,6.921285402e-06,2.498618e+08
195,30,1.000000000e-04,-2.245231155e+08,343.370000,343.323700,0.000181,6.921285402e-06,2.499262e+08
195,31,1.000000000e-04,2.219613540e+08,343.323700,343.270900,0.000177,6.921285402e-06,2.499950e+08
195,32,1.000000000e-04,-2.219613540e+08,343.270900,343.211100,0.000177,6.921285402e-06,2.500733e+08
195,33,1.000000000e-04,2.217754518e+08,343.211100,343.152000,0.000177,6.921285402e-06,2.501559e+08
195,34,1.000000000e-04,-2.217754518e+08,343.152000,343.083000,0.000177,6.921285402e-06,2.502450e+08
195,35,1.000000000e-04,2.224715391e+08,343.083000,343.013700,0.000178,6.921285402e-06,2.503411e+08
195,36,1.000000000e-04,-2.224715391e+08,343.013700,342.947000,0.000178,6.921285402e-06,2.504356e+08
195,37,1.000000000e-04,2.296269711e+08,342.947000,342.886000,0.000189,6.921285402e-06,2.505243e+08
195,38,1.000000000e-04,-2.296269711e+08,342.886000,342.838000,0.000189,6.921285402e-06,2.506001e+08
195,39,1.000000000e-04,4.007832231e+08,342.838000,342.815000,0.000577,6.921285402e-06,2.506490e+08
196,0,1.000000000e-04,-2.051704880e+08,342.698000,342.721700,0.000151,6.921285402e-06,2.508116e+08
196,1,1.000000000e-04,5.024967897e+07,342.721700,342.783000,0.000009,6.921285402e-06,2.507527e+08
196,2,1.000000000e-04,-9.288553591e+07,342.783000,342.863000,0.000031,6.921285402e-06,2.506545e+08
196,3,1.000000000e-04,7.726291715e+07,342.863000,342.956300,0.000021,6.921285402e-06,2.505341e+08
196,4,1.000000000e-04,-8.156220151e+07,342.956300,343.065500,0.000024,6.921285402e-06,2.503933e+08
196,5,1.000000000e-04,7.998768284e+07,343.065500,343.175700,0.000023,6.921285402e-06,2.502408e+08
196,6,1.000000000e-04,-8.041980348e+07,343.175700,343.285000,0.000023,6.921285402e-06,2.500883e+08
196,7,1.000000000e-04,8.026583957e+07,343.285000,343.401000,0.000023,6.921285402e-06,2.499317e+08
196,8,1.000000000e-04,-8.030537995e+07,343.401000,343.510300,0.000023,6.921285402e-06,2.497751e+08
196,9,1.000000000e-04,8.030118234e+07,343.510300,343.614000,0.000023,6.921285402e-06,2.496271e+08
196,10,1.000000000e-04,-8.030124616e+07,343.614000,343.706700,0.000023,6.921285402e-06,2.494906e+08
196,11,1.000000000e-04,8.030518850e+07,343.706700,343.793000,0.000023,6.921285402e-06,2.493662e+08
196,12,1.000000000e-04,-8.030390280e+07,343.793000,343.859100,0.000023,6.921285402e-06,2.492603e+08
196,13,1.000000000e-04,8.030510324e+07,343.859100,343.905700,0.000023,6.921285402e-06,2.491819e+08
196,14,1.000000000e-04,-8.030505210e+07,343.905700,343.940000,0.000023,6.921285402e-06,2.491257e+08
196,15,1.000000000e-04,8.030405624e+07,343.940000,343.955000,0.000023,6.921285402e-06,2.490914e+08
196,16,1.000000000e-04,-8.030554987e+07,343.955000,343.950100,0.000023,6.921285402e-06,2.490844e+08
196,17,1.000000000e-04,8.030057119e+07,343.950100,343.925000,0.000023,6.921285402e-06,2.491053e+08
196,18,1.000000000e-04,-8.030483160e+07,343.925000,343.893000,0.000023,6.921285402e-06,2.491450e+08
196,19,1.000000000e-04,8.029276863e+07,343.893000,343.849000,0.000023,6.921285402e-06,2.491978e+08
196,20,1.000000000e-04,-8.029773505e+07,343.849000,343.793300,0.000023,6.921285402e-06,2.492671e+08
196,21,1.000000000e-04,8.028993235e+07,343.793300,343.734100,0.000023,6.921285402e-06,2.493469e+08
196,22,1.000000000e-04,-8.029773038e+07,343.734100,343.674900,0.000023,6.921285402e-06,2.494292e+08
196,23,1.000000000e-04,8.027434094e+07,343.674900,343.615700,0.000023,6.921285402e-06,2.495115e+08
196,24,1.000000000e-04,-8.033424775e+07,343.615700,343.563500,0.000023,6.921285402e-06,2.495889e+08
196,25,1.000000000e-04,8.011800995e+07,343.563500,343.512300,0.000023,6.921285402e-06,2.496608e+08
196,26,1.000000000e-04,-8.070838643e+07,343.512300,343.469100,0.000023,6.921285402e-06,2.497264e+08
196,27,1.000000000e-04,7.856311831e+07,343.469100,343.433800,0.000022,6.921285402e-06,2.497810e+08
196,28,1.000000000e-04,-8.443438492e+07,343.433800,343.401700,0.000026,6.921285402e-06,2.498278e+08
196,29,1.000000000e-04,6.309458659e+07,343.401700,343.379500,0.000014,6.921285402e-06,2.498655e+08
196,30,1.000000000e-04,-7.711431959e+07,343.379500,343.356300,0.000021,6.921285402e-06,2.498971e+08
196,31,1.000000000e-04,7.201109562e+07,343.356300,343.320100,0.000019,6.921285402e-06,2.499384e+08
196,32,1.000000000e-04,-7.337938713e+07,343.320100,343.279000,0.000019,6.921285402e-06,2.499921e+08
196,33,1.000000000e-04,7.300944503e+07,343.279000,343.224700,0.000019,6.921285402e-06,2.500584e+08
196,34,1.000000000e-04,-7.275672060e+07,343.224700,343.169500,0.000019,6.921285402e-06,2.501345e+08
196,35,1.000000000e-04,7.413756045e+07,343.169500,343.107000,0.000020,6.921285402e-06,2.502163e+08
196,36,1.000000000e-04,-7.024299300e+07,343.107000,343.043000,0.000018,6.921285402e-06,2.503042e+08
196,37,1.000000000e-04,8.444042293e+07,343.043000,342.985000,0.000026,6.921285402e-06,2.503890e+08
196,38,1.000000000e-04,-4.568190484e+07,342.985000,342.937000,0.000007,6.921285402e-06,2.504627e+08
196,39,1.000000000e-04,1.865185473e+08,342.937000,342.924000,0.000125,6.921285402e-06,2.505050e+08
197,0,1.000000000e-04,-4.300700969e+08,342.625000,342.648000,0.000665,6.921285402e-06,2.509130e+08
197,1,1.000000000e-04,2.464652821e+08,342.648000,342.703000,0.000218,6.921285402e-06,2.508593e+08
197,2,1.000000000e-04,-2.464652821e+08,342.703000,342.780300,0.000218,6.921285402e-06,2.507673e+08
197,3,1.000000000e-04,2.387832421e+08,342.780300,342.869100,0.000205,6.921285402e-06,2.506519e+08
197,4,1.000000000e-04,-2.387832421e+08,342.869100,342.966000,0.000205,6.921285402e-06,2.505229e+08
197,5,1.000000000e-04,2.380079190e+08,342.966000,343.063000,0.000204,6.921285402e-06,2.503881e+08
197,6,1.000000000e-04,-2.380079190e+08,343.063000,343.159700,0.000204,6.921285402e-06,2.502535e+08
197,7,1.000000000e-04,2.379309728e+08,343.159700,343.256300,0.000203,6.921285402e-06,2.501191e+08
197,8,1.000000000e-04,-2.379309728e+08,343.256300,343.353000,0.000203,6.921285402e-06,2.499848e+08
197,9,1.000000000e-04,2.379262944e+08,343.353000,343.435500,0.000203,6.921285402e-06,2.498602e+08
197,10,1.000000000e-04,-2.379262944e+08,343.435500,343.516000,0.000203,6.921285402e-06,2.497470e+08
197,11,1.000000000e-04,2.379270285e+08,343.516000,343.589700,0.000203,6.921285402e-06,2.496398e+08
197,12,1.000000000e-04,-2.379270285e+08,343.589700,343.642000,0.000203,6.921285402e-06,2.495522e+08
197,13,1.000000000e-04,2.379273270e+08,343.642000,343.690000,0.000203,6.921285402e-06,2.494825e+08
197,14,1.000000000e-04,-2.379273270e+08,343.690000,343.718000,0.000203,6.921285402e-06,2.494297e+08
197,15,1.000000000e-04,2.379270453e+08,343.718000,343.733000,0.000203,6.921285402e-06,2.493998e+08
197,16,1.000000000e-04,-2.379270453e+08,343.733000,343.733000,0.000203,6.921285402e-06,2.493894e+08
197,17,1.000000000e-04,2.379256655e+08,343.733000,343.726000,0.000203,6.921285402e-06,2.493943e+08
197,18,1.000000000e-04,-2.379256655e+08,343.726000,343.702100,0.000203,6.921285402e-06,2.494157e+08
197,19,1.000000000e-04,2.379223249e+08,343.702100,343.670500,0.000203,6.921285402e-06,2.494543e+08
197,20,1.000000000e-04,-2.379223249e+08,343.670500,343.636000,0.000203,6.921285402e-06,2.495002e+08
197,21,1.000000000e-04,2.379197043e+08,343.636000,343.594300,0.000203,6.921285402e-06,2.495532e+08
197,22,1.000000000e-04,-2.379197043e+08,343.594300,343.551700,0.000203,6.921285402e-06,2.496118e+08
197,23,1.000000000e-04,2.379086234e+08,343.551700,343.510000,0.000203,6.921285402e-06,2.496704e+08
197,24,1.000000000e-04,-2.379086234e+08,343.510000,343.475500,0.000203,6.921285402e-06,2.497233e+08
197,25,1.000000000e-04,2.378033595e+08,343.475500,343.442000,0.000203,6.921285402e-06,2.497706e+08
197,26,1.000000000e-04,-2.378033595e+08,343.442000,343.416300,0.000203,6.921285402e-06,2.498117e+08
197,27,1.000000000e-04,2.367619890e+08,343.416300,343.401700,0.000201,6.921285402e-06,2.498397e+08
197,28,1.000000000e-04,-2.367619890e+08,343.401700,343.400100,0.000201,6.921285402e-06,2.498510e+08
197,29,1.000000000e-04,2.190398450e+08,343.400100,343.412500,0.000172,6.921285402e-06,2.498435e+08
197,30,1.000000000e-04,-2.190398450e+08,343.412500,343.415800,0.000172,6.921285402e-06,2.498326e+08
197,31,1.000000000e-04,2.165767352e+08,343.415800,343.407000,0.000169,6.921285402e-06,2.498365e+08
197,32,1.000000000e-04,-2.165767352e+08,343.407000,343.386700,0.000169,6.921285402e-06,2.498567e+08
197,33,1.000000000e-04,2.163984360e+08,343.386700,343.345000,0.000168,6.921285402e-06,2.498998e+08
197,34,1.000000000e-04,-2.163984360e+08,343.345000,343.296000,0.000168,6.921285402e-06,2.499628e+08
197,35,1.000000000e-04,2.170784163e+08,343.296000,343.237900,0.000169,6.921285402e-06,2.500372e+08
197,36,1.000000000e-04,-2.170784163e+08,343.237900,343.182000,0.000169,6.921285402e-06,2.501165e+08
197,37,1.000000000e-04,2.240596184e+08,343.182000,343.122000,0.000180,6.921285402e-06,2.501970e+08
197,38,1.000000000e-04,-2.240596184e+08,343.122000,343.082100,0.000180,6.921285402e-06,2.502664e+08
197,39,1.000000000e-04,3.909728709e+08,343.082100,343.061000,0.000549,6.921285402e-06,2.503084e+08
198,0,1.000000000e-04,-1.974359190e+08,342.555000,342.578000,0.000140,6.921285402e-06,2.510109e+08
198,1,1.000000000e-04,4.800756564e+07,342.578000,342.629500,0.000008,6.921285402e-06,2.509593e+08
198,2,1.000000000e-04,-8.914103933e+07,342.629500,342.700000,0.000029,6.921285402e-06,2.508745e+08
198,3,1.000000000e-04,7.403549792e+07,342.700000,342.780000,0.000020,6.921285402e-06,2.507699e+08
198,4,1.000000000e-04,-7.819357670e+07,342.780000,342.865000,0.000022,6.921285402e-06,2.506552e+08
198,5,1.000000000e-04,7.666680299e+07,342.865000,342.955500,0.000021,6.921285402e-06,2.505332e+08
198,6,1.000000000e-04,-7.708695160e+07,342.955500,343.047000,0.000021,6.921285402e-06,2.504067e+08
198,7,1.000000000e-04,7.693313087e+07,343.047000,343.131500,0.000021,6.921285402e-06,2.502844e+08
198,8,1.000000000e-04,-7.697521504e+07,343.131500,343.215000,0.000021,6.921285402e-06,2.501677e+08
198,9,1.000000000e-04,7.696069909e+07,343.215000,343.290000,0.000021,6.921285402e-06,2.500575e+08
198,10,1.000000000e-04,-7.696457957e+07,343.290000,343.359000,0.000021,6.921285402e-06,2.499574e+08
198,11,1.000000000e-04,7.696357359e+07,343.359000,343.419500,0.000021,6.921285402e-06,2.498674e+08
198,12,1.000000000e-04,-7.696382671e+07,343.419500,343.469000,0.000021,6.921285402e-06,2.497910e+08
198,13,1.000000000e-04,7.696382022e+07,343.469000,343.508000,0.000021,6.921285402e-06,2.497295e+08
198,14,1.000000000e-04,-7.696385463e+07,343.508000,343.535000,0.000021,6.921285402e-06,2.496836e+08
198,15,1.000000000e-04,7.696372349e+07,343.535000,343.551000,0.000021,6.921285402e-06,2.496537e+08
198,16,1.000000000e-04,-7.696389138e+07,343.551000,343.560000,0.000021,6.921285402e-06,2.496363e+08
198,17,1.000000000e-04,7.696335095e+07,343.560000,343.557000,0.000021,6.921285402e-06,2.496322e+08
198,18,1.000000000e-04,-7.696381091e+07,343.557000,343.545500,0.000021,6.921285402e-06,2.496422e+08
198,19,1.000000000e-04,7.696251149e+07,343.545500,343.525000,0.000021,6.921285402e-06,2.496645e+08
198,20,1.000000000e-04,-7.696350623e+07,343.525000,343.498500,0.000021,6.921285402e-06,2.496971e+08
198,21,1.000000000e-04,7.696082671e+07,343.498500,343.471000,0.000021,6.921285402e-06,2.497347e+08
198,22,1.000000000e-04,-7.696673014e+07,343.471000,343.440500,0.000021,6.921285402e-06,2.497750e+08
198,23,1.000000000e-04,7.694579592e+07,343.440500,343.412000,0.000021,6.921285402e-06,2.498160e+08
198,24,1.000000000e-04,-7.700223389e+07,343.412000,343.390000,0.000021,6.921285402e-06,2.498511e+08
198,25,1.000000000e-04,7.679741624e+07,343.390000,343.374500,0.000021,6.921285402e-06,2.498771e+08
198,26,1.000000000e-04,-7.735367418e+07,343.374500,343.370000,0.000021,6.921285402e-06,2.498910e+08
198,27,1.000000000e-04,7.533346007e+07,343.370000,343.379500,0.000020,6.921285402e-06,2.498876e+08
198,28,1.000000000e-04,-8.081673053e+07,343.379500,343.412500,0.000023,6.921285402e-06,2.498580e+08
198,29,1.000000000e-04,6.090386278e+07,343.412500,343.462500,0.000013,6.921285402e-06,2.498004e+08
198,30,1.000000000e-04,-7.380481757e+07,343.462500,343.512000,0.000020,6.921285402e-06,2.497312e+08
198,31,1.000000000e-04,6.905560224e+07,343.512000,343.533500,0.000017,6.921285402e-06,2.496819e+08
198,32,1.000000000e-04,-7.032871974e+07,343.533500,343.527000,0.000018,6.921285402e-06,2.496714e+08
198,33,1.000000000e-04,6.998546507e+07,343.527000,343.506500,0.000018,6.921285402e-06,2.496902e+08
198,34,1.000000000e-04,-6.973650840e+07,343.506500,343.465000,0.000017,6.921285402e-06,2.497333e+08
198,35,1.000000000e-04,7.107558975e+07,343.465000,343.417000,0.000018,6.921285402e-06,2.497955e+08
198,36,1.000000000e-04,-6.730897479e+07,343.417000,343.362000,0.000016,6.921285402e-06,2.498671e+08
198,37,1.000000000e-04,8.103635328e+07,343.362000,343.311000,0.000024,6.921285402e-06,2.499407e+08
198,38,1.000000000e-04,-4.364363455e+07,343.311000,343.267500,0.000007,6.921285402e-06,2.500064e+08
198,39,1.000000000e-04,1.794871310e+08,343.267500,343.250000,0.000116,6.921285402e-06,2.500487e+08
199,0,1.000000000e-04,-4.076811446e+08,342.486000,342.507100,0.000597,6.921285402e-06,2.511076e+08
199,1,1.000000000e-04,2.321419388e+08,342.507100,342.553300,0.000194,6.921285402e-06,2.510613e+08
199,2,1.000000000e-04,-2.321419388e+08,342.553300,342.620000,0.000194,6.921285402e-06,2.509828e+08
199,3,1.000000000e-04,2.246933656e+08,342.620000,342.699100,0.000181,6.921285402e-06,2.508815e+08
199,4,1.000000000e-04,-2.246933656e+08,342.699100,342.779000,0.000181,6.921285402e-06,2.507710e+08
199,5,1.000000000e-04,2.239398213e+08,342.779000,342.859000,0.000180,6.921285402e-06,2.506599e+08
199,6,1.000000000e-04,-2.239398213e+08,342.859000,342.939000,0.000180,6.921285402e-06,2.505487e+08
199,7,1.000000000e-04,2.238637173e+08,342.939000,343.018000,0.000180,6.921285402e-06,2.504382e+08
199,8,1.000000000e-04,-2.238637173e+08,343.018000,343.089000,0.000180,6.921285402e-06,2.503339e+08
199,9,1.000000000e-04,2.238562965e+08,343.089000,343.153000,0.000180,6.921285402e-06,2.502401e+08
199,10,1.000000000e-04,-2.238562965e+08,343.153000,343.216000,0.000180,6.921285402e-06,2.501518e+08
199,11,1.000000000e-04,2.238556721e+08,343.216000,343.273000,0.000180,6.921285402e-06,2.500684e+08
199,12,1.000000000e-04,-2.238556721e+08,343.273000,343.317300,0.000180,6.921285402e-06,2.499980e+08
199,13,1.000000000e-04,2.238556352e+08,343.317300,343.350000,0.000180,6.921285402e-06,2.499445e+08
199,14,1.000000000e-04,-2.238556352e+08,343.350000,343.381000,0.000180,6.921285402e-06,2.499002e+08
199,15,1.000000000e-04,2.238555947e+08,343.381000,343.401100,0.000180,6.921285402e-06,2.498647e+08
199,16,1.000000000e-04,-2.238555947e+08,343.401100,343.408300,0.000180,6.921285402e-06,2.498458e+08
199,17,1.000000000e-04,2.238554406e+08,343.408300,343.408300,0.000180,6.921285402e-06,2.498407e+08
199,18,1.000000000e-04,-2.238554406e+08,343.408300,343.402000,0.000180,6.921285402e-06,2.498451e+08
199,19,1.000000000e-04,2.238550382e+08,343.402000,343.388000,0.000180,6.921285402e-06,2.498592e+08
199,20,1.000000000e-04,-2.238550382e+08,343.388000,343.372000,0.000180,6.921285402e-06,2.498801e+08
199,21,1.000000000e-04,2.238538389e+08,343.372000,343.356000,0.000180,6.921285402e-06,2.499023e+08
199,22,1.000000000e-04,-2.238538389e+08,343.356000,343.341000,0.000180,6.921285402e-06,2.499239e+08
199,23,1.000000000e-04,2.238435243e+08,343.341000,343.325000,0.000180,6.921285402e-06,2.499454e+08
199,24,1.000000000e-04,-2.238435243e+08,343.325000,343.310500,0.000180,6.921285402e-06,2.499666e+08
199,25,1.000000000e-04,2.237422135e+08,343.310500,343.307000,0.000180,6.921285402e-06,2.499791e+08
199,26,1.000000000e-04,-2.237422135e+08,343.307000,343.323700,0.000180,6.921285402e-06,2.499699e+08
199,27,1.000000000e-04,2.227422560e+08,343.323700,343.356300,0.000178,6.921285402e-06,2.499357e+08
199,28,1.000000000e-04,-2.227422560e+08,343.356300,343.415800,0.000178,6.921285402e-06,2.498717e+08
199,29,1.000000000e-04,2.061388903e+08,343.415800,343.512000,0.000153,6.921285402e-06,2.497635e+08
199,30,1.000000000e-04,-2.061388903e+08,343.512000,343.606200,0.000153,6.921285402e-06,2.496312e+08
199,31,1.000000000e-04,2.037792111e+08,343.606200,343.656700,0.000149,6.921285402e-06,2.495306e+08
199,32,1.000000000e-04,-2.037792111e+08,343.656700,343.673600,0.000149,6.921285402e-06,2.494838e+08
199,33,1.000000000e-04,2.036086524e+08,343.673600,343.659000,0.000149,6.921285402e-06,2.494822e+08
199,34,1.000000000e-04,-2.036086524e+08,343.659000,343.632500,0.000149,6.921285402e-06,2.495107e+08
199,35,1.000000000e-04,2.042694259e+08,343.632500,343.586000,0.000150,6.921285402e-06,2.495615e+08
199,36,1.000000000e-04,-2.042694259e+08,343.586000,343.538000,0.000150,6.921285402e-06,2.496271e+08
199,37,1.000000000e-04,2.110384040e+08,343.538000,343.490300,0.000160,6.921285402e-06,2.496936e+08
199,38,1.000000000e-04,-2.110384040e+08,343.490300,343.451100,0.000160,6.921285402e-06,2.497540e+08
199,39,1.000000000e-04,3.706192876e+08,343.451100,343.439000,0.000494,6.921285402e-06,2.497893e+08
200,0,1.000000000e-04,-1.913456209e+08,342.415000,342.434300,0.000132,6.921285402e-06,2.512081e+08
200,1,1.000000000e-04,4.629829542e+07,342.434300,342.480900,0.000008,6.921285402e-06,2.511624e+08
200,2,1.000000000e-04,-8.623231457e+07,342.480900,342.544900,0.000027,6.921285402e-06,2.510855e+08
200,3,1.000000000e-04,7.154356343e+07,342.544900,342.611000,0.000018,6.921285402e-06,2.509951e+08
200,4,1.000000000e-04,-7.558760214e+07,342.611000,342.690000,0.000021,6.921285402e-06,2.508943e+08
200,5,1.000000000e-04,7.410019843e+07,342.690000,342.763000,0.000020,6.921285402e-06,2.507886e+08
200,6,1.000000000e-04,-7.450969814e+07,342.763000,342.838100,0.000020,6.921285402e-06,2.506857e+08
200,7,1.000000000e-04,7.435910302e+07,342.838100,342.910900,0.000020,6.921285402e-06,2.505829e+08
200,8,1.000000000e-04,-7.440054359e+07,342.910900,342.977000,0.000020,6.921285402e-06,2.504864e+08
200,9,1.000000000e-04,7.438537644e+07,342.977000,343.037500,0.000020,6.921285402e-06,2.503984e+08
200,10,1.000000000e-04,-7.438954113e+07,343.037500,343.094300,0.000020,6.921285402e-06,2.503169e+08
200,11,1.000000000e-04,7.438804950e+07,343.094300,343.145000,0.000020,6.921285402e-06,2.502422e+08
200,12,1.000000000e-04,-7.438845771e+07,343.145000,343.183000,0.000020,6.921285402e-06,2.501805e+08
200,13,1.000000000e-04,7.438831651e+07,343.183000,343.215700,0.000020,6.921285402e-06,2.501314e+08
200,14,1.000000000e-04,-7.438835952e+07,343.215700,343.244000,0.000020,6.921285402e-06,2.500890e+08
200,15,1.000000000e-04,7.438832867e+07,343.244000,343.264300,0.000020,6.921285402e-06,2.500552e+08
200,16,1.000000000e-04,-7.438835538e+07,343.264300,343.271900,0.000020,6.921285402e-06,2.500358e+08
200,17,1.000000000e-04,7.438827939e+07,343.271900,343.276100,0.000020,6.921285402e-06,2.500276e+08
200,18,1.000000000e-04,-7.438837591e+07,343.276100,343.274700,0.000020,6.921285402e-06,2.500257e+08
200,19,1.000000000e-04,7.438806581e+07,343.274700,343.272500,0.000020,6.921285402e-06,2.500282e+08
200,20,1.000000000e-04,-7.438867282e+07,343.272500,343.260700,0.000020,6.921285402e-06,2.500379e+08
200,21,1.000000000e-04,7.438655488e+07,343.260700,343.251000,0.000020,6.921285402e-06,2.500528e+08
200,22,1.000000000e-04,-7.439216536e+07,343.251000,343.245000,0.000020,6.921285402e-06,2.500638e+08
200,23,1.000000000e-04,7.437184138e+07,343.245000,343.235300,0.000020,6.921285402e-06,2.500747e+08
200,24,1.000000000e-04,-7.442702879e+07,343.235300,343.235000,0.000020,6.921285402e-06,2.500816e+08
200,25,1.000000000e-04,7.422660313e+07,343.235000,343.243000,0.000020,6.921285402e-06,2.500763e+08
200,26,1.000000000e-04,-7.477161351e+07,343.243000,343.270900,0.000020,6.921285402e-06,2.500513e+08
200,27,1.000000000e-04,7.279199764e+07,343.270900,343.320100,0.000019,6.921285402e-06,2.499977e+08
200,28,1.000000000e-04,-7.817661639e+07,343.320100,343.407000,0.000022,6.921285402e-06,2.499031e+08
200,29,1.000000000e-04,5.861775728e+07,343.407000,343.533500,0.000012,6.921285402e-06,2.497548e+08
200,30,1.000000000e-04,-7.141528144e+07,343.533500,343.656700,0.000018,6.921285402e-06,2.495813e+08
200,31,1.000000000e-04,6.672577999e+07,343.656700,343.731100,0.000016,6.921285402e-06,2.494440e+08
200,32,1.000000000e-04,-6.798290037e+07,343.731100,343.768000,0.000017,6.921285402e-06,2.493666e+08
200,33,1.000000000e-04,6.764392031e+07,343.768000,343.766000,0.000016,6.921285402e-06,2.493424e+08
200,34,1.000000000e-04,-6.740266218e+07,343.766000,343.742000,0.000016,6.921285402e-06,2.493604e+08
200,35,1.000000000e-04,6.870667475e+07,343.742000,343.709700,0.000017,6.921285402e-06,2.493995e+08
200,36,1.000000000e-04,-6.504353808e+07,343.709700,343.668000,0.000015,6.921285402e-06,2.494510e+08
200,37,1.000000000e-04,7.839207218e+07,343.668000,343.620900,0.000022,6.921285402e-06,2.495127e+08
200,38,1.000000000e-04,-4.208975108e+07,343.620900,343.581300,0.000006,6.921285402e-06,2.495730e+08
200,39,1.000000000e-04,1.739505014e+08,343.581300,343.569000,0.000109,6.921285402e-06,2.496089e+08
201,0,1.000000000e-04,-4.039996343e+08,342.345000,342.360700,0.000586,6.921285402e-06,2.513073e+08
201,1,1.000000000e-04,2.306291784e+08,342.360700,342.408100,0.000191,6.921285402e-06,2.512640e+08
201,2,1.000000000e-04,-2.306291784e+08,342.408100,342.467000,0.000191,6.921285402e-06,2.511901e+08
201,3,1.000000000e-04,2.233008048e+08,342.467000,342.531000,0.000179,6.921285402e-06,2.511047e+08
201,4,1.000000000e-04,-2.233008048e+08,342.531000,342.605000,0.000179,6.921285402e-06,2.510088e+08
201,5,1.000000000e-04,2.225582727e+08,342.605000,342.676000,0.000178,6.921285402e-06,2.509080e+08
201,6,1.000000000e-04,-2.225582727e+08,342.676000,342.742100,0.000178,6.921285402e-06,2.508127e+08
201,7,1.000000000e-04,2.224829365e+08,342.742100,342.813100,0.000178,6.921285402e-06,2.507174e+08
201,8,1.000000000e-04,-2.224829365e+08,342.813100,342.868700,0.000178,6.921285402e-06,2.506294e+08
201,9,1.000000000e-04,2.224752939e+08,342.868700,342.927000,0.000178,6.921285402e-06,2.505503e+08
201,10,1.000000000e-04,-2.224752939e+08,342.927000,342.982000,0.000178,6.921285402e-06,2.504715e+08
201,11,1.000000000e-04,2.224745247e+08,342.982000,343.023000,0.000178,6.921285402e-06,2.504048e+08
201,12,1.000000000e-04,-2.224745247e+08,343.023000,343.065000,0.000178,6.921285402e-06,2.503471e+08
201,13,1.000000000e-04,2.224744480e+08,343.065000,343.097000,0.000178,6.921285402e-06,2.502957e+08
201,14,1.000000000e-04,-2.224744480e+08,343.097000,343.117500,0.000178,6.921285402e-06,2.502592e+08
201,15,1.000000000e-04,2.224744349e+08,343.117500,343.140000,0.000178,6.921285402e-06,2.502293e+08
201,16,1.000000000e-04,-2.224744349e+08,343.140000,343.149000,0.000178,6.921285402e-06,2.502074e+08
201,17,1.000000000e-04,2.224744082e+08,343.149000,343.159000,0.000178,6.921285402e-06,2.501942e+08
201,18,1.000000000e-04,-2.224744082e+08,343.159000,343.159000,0.000178,6.921285402e-06,2.501873e+08
201,19,1.000000000e-04,2.224742737e+08,343.159000,343.159000,0.000178,6.921285402e-06,2.501873e+08
201,20,1.000000000e-04,-2.224742737e+08,343.159000,343.158300,0.000178,6.921285402e-06,2.501878e+08
201,21,1.000000000e-04,2.224732188e+08,343.158300,343.152000,0.000178,6.921285402e-06,2.501926e+08
201,22,1.000000000e-04,-2.224732189e+08,343.152000,343.149900,0.000178,6.921285402e-06,2.501985e+08
201,23,1.000000000e-04,2.224630354e+08,343.149900,343.145000,0.000178,6.921285402e-06,2.502033e+08
201,24,1.000000000e-04,-2.224630354e+08,343.145000,343.155000,0.000178,6.921285402e-06,2.501998e+08
201,25,1.000000000e-04,2.223628413e+08,343.155000,343.170000,0.000178,6.921285402e-06,2.501824e+08
201,26,1.000000000e-04,-2.223628413e+08,343.170000,343.211100,0.000178,6.921285402e-06,2.501434e+08
201,27,1.000000000e-04,2.213739645e+08,343.211100,343.279000,0.000176,6.921285402e-06,2.500677e+08
201,28,1.000000000e-04,-2.213739645e+08,343.279000,343.386700,0.000176,6.921285402e-06,2.499456e+08
201,29,1.000000000e-04,2.048657728e+08,343.386700,343.527000,0.000151,6.921285402e-06,2.497733e+08
201,30,1.000000000e-04,-2.048657728e+08,343.527000,343.673300,0.000151,6.921285402e-06,2.495741e+08
201,31,1.000000000e-04,2.025220907e+08,343.673300,343.767100,0.000147,6.921285402e-06,2.494072e+08
201,32,1.000000000e-04,-2.025220907e+08,343.767100,343.811100,0.000147,6.921285402e-06,2.493115e+08
201,33,1.000000000e-04,2.023525914e+08,343.811100,343.825700,0.000147,6.921285402e-06,2.492707e+08
201,34,1.000000000e-04,-2.023525914e+08,343.825700,343.812500,0.000147,6.921285402e-06,2.492698e+08
201,35,1.000000000e-04,2.030034734e+08,343.812500,343.783300,0.000148,6.921285402e-06,2.492992e+08
201,36,1.000000000e-04,-2.030034734e+08,343.783300,343.745000,0.000148,6.921285402e-06,2.493462e+08
201,37,1.000000000e-04,2.096631739e+08,343.745000,343.700900,0.000158,6.921285402e-06,2.494034e+08
201,38,1.000000000e-04,-2.096631739e+08,343.700900,343.664000,0.000158,6.921285402e-06,2.494597e+08
201,39,1.000000000e-04,3.672724690e+08,343.664000,343.652000,0.000485,6.921285402e-06,2.494933e+08
202,0,1.000000000e-04,-1.906652812e+08,342.274000,342.296000,0.000131,6.921285402e-06,2.514022e+08
202,1,1.000000000e-04,4.623041713e+07,342.296000,342.335700,0.000008,6.921285402e-06,2.513595e+08
202,2,1.000000000e-04,-8.599531892e+07,342.335700,342.393300,0.000027,6.921285402e-06,2.512918e+08
202,3,1.000000000e-04,7.137057585e+07,342.393300,342.451000,0.000018,6.921285402e-06,2.512117e+08
202,4,1.000000000e-04,-7.539744277e+07,342.451000,342.525000,0.000020,6.921285402e-06,2.511202e+08
202,5,1.000000000e-04,7.391471817e+07,342.525000,342.589000,0.000020,6.921285402e-06,2.510242e+08
202,6,1.000000000e-04,-7.432308679e+07,342.589000,342.653700,0.000020,6.921285402e-06,2.509348e+08
202,7,1.000000000e-04,7.417233692e+07,342.653700,342.715000,0.000020,6.921285402e-06,2.508472e+08
202,8,1.000000000e-04,-7.421387515e+07,342.715000,342.772000,0.000020,6.921285402e-06,2.507650e+08
202,9,1.000000000e-04,7.419847209e+07,342.772000,342.822000,0.000020,6.921285402e-06,2.506906e+08
202,10,1.000000000e-04,-7.420271918e+07,342.822000,342.870000,0.000020,6.921285402e-06,2.506225e+08
202,11,1.000000000e-04,7.420113389e+07,342.870000,342.911000,0.000020,6.921285402e-06,2.505607e+08
202,12,1.000000000e-04,-7.420157157e+07,342.911000,342.953000,0.000020,6.921285402e-06,2.505030e+08
202,13,1.000000000e-04,7.420140614e+07,342.953000,342.985000,0.000020,6.921285402e-06,2.504516e+08
202,14,1.000000000e-04,-7.420145296e+07,342.985000,343.002000,0.000020,6.921285402e-06,2.504175e+08
202,15,1.000000000e-04,7.420143110e+07,343.002000,343.028000,0.000020,6.921285402e-06,2.503876e+08
202,16,1.000000000e-04,-7.420144421e+07,343.028000,343.037000,0.000020,6.921285402e-06,2.503633e+08
202,17,1.000000000e-04,7.420141364e+07,343.037000,343.047000,0.000020,6.921285402e-06,2.503501e+08
202,18,1.000000000e-04,-7.420147823e+07,343.047000,343.055100,0.000020,6.921285402e-06,2.503375e+08
202,19,1.000000000e-04,7.420125043e+07,343.055100,343.056000,0.000020,6.921285402e-06,2.503313e+08
202,20,1.000000000e-04,-7.420183279e+07,343.056000,343.056000,0.000020,6.921285402e-06,2.503306e+08
202,21,1.000000000e-04,7.419973114e+07,343.056000,343.056000,0.000020,6.921285402e-06,2.503306e+08
202,22,1.000000000e-04,-7.420535906e+07,343.056000,343.056000,0.000020,6.921285402e-06,2.503306e+08
202,23,1.000000000e-04,7.418494905e+07,343.056000,343.064100,0.000020,6.921285402e-06,2.503250e+08
202,24,1.000000000e-04,-7.424013915e+07,343.064100,343.075000,0.000020,6.921285402e-06,2.503118e+08
202,25,1.000000000e-04,7.403978873e+07,343.075000,343.097900,0.000020,6.921285402e-06,2.502883e+08
202,26,1.000000000e-04,-7.458384923e+07,343.097900,343.152000,0.000020,6.921285402e-06,2.502348e+08
202,27,1.000000000e-04,7.260795767e+07,343.152000,343.224700,0.000019,6.921285402e-06,2.501467e+08
202,28,1.000000000e-04,-7.798497348e+07,343.224700,343.345000,0.000022,6.921285402e-06,2.500125e+08
202,29,1.000000000e-04,5.845280180e+07,343.345000,343.506500,0.000012,6.921285402e-06,2.498167e+08
202,30,1.000000000e-04,-7.124258544e+07,343.506500,343.658900,0.000018,6.921285402e-06,2.495985e+08
202,31,1.000000000e-04,6.655735861e+07,343.658900,343.765700,0.000016,6.921285402e-06,2.494184e+08
202,32,1.000000000e-04,-6.781341961e+07,343.765700,343.825700,0.000017,6.921285402e-06,2.493025e+08
202,33,1.000000000e-04,6.747440246e+07,343.825700,343.848000,0.000016,6.921285402e-06,2.492453e+08
202,34,1.000000000e-04,-6.723427789e+07,343.848000,343.843500,0.000016,6.921285402e-06,2.492329e+08
202,35,1.000000000e-04,6.853379331e+07,343.843500,343.816000,0.000017,6.921285402e-06,2.492551e+08
202,36,1.000000000e-04,-6.488634750e+07,343.816000,343.784000,0.000015,6.921285402e-06,2.492965e+08
202,37,1.000000000e-04,7.817661530e+07,343.784000,343.742000,0.000022,6.921285402e-06,2.493479e+08
202,38,1.000000000e-04,-4.202805802e+07,343.742000,343.710000,0.000006,6.921285402e-06,2.493994e+08
202,39,1.000000000e-04,1.733320194e+08,343.710000,343.698000,0.000108,6.921285402e-06,2.494298e+08
203,0,1.000000000e-04,-4.048919077e+08,342.210000,342.222500,0.000589,6.921285402e-06,2.514972e+08
203,1,1.000000000e-04,2.309530903e+08,342.222500,342.266000,0.000192,6.921285402e-06,2.514588e+08
203,2,1.000000000e-04,-2.309530903e+08,342.266000,342.320500,0.000192,6.921285402e-06,2.513907e+08
203,3,1.000000000e-04,2.235742603e+08,342.320500,342.381000,0.000180,6.921285402e-06,2.513107e+08
203,4,1.000000000e-04,-2.235742603e+08,342.381000,342.445000,0.000180,6.921285402e-06,2.512242e+08
203,5,1.000000000e-04,2.228211295e+08,342.445000,342.508500,0.000178,6.921285402e-06,2.511356e+08
203,6,1.000000000e-04,-2.228211295e+08,342.508500,342.564500,0.000178,6.921285402e-06,2.510526e+08
203,7,1.000000000e-04,2.227433731e+08,342.564500,342.625500,0.000178,6.921285402e-06,2.509712e+08
203,8,1.000000000e-04,-2.227433731e+08,342.625500,342.677000,0.000178,6.921285402e-06,2.508930e+08
203,9,1.000000000e-04,2.227351888e+08,342.677000,342.725000,0.000178,6.921285402e-06,2.508239e+08
203,10,1.000000000e-04,-2.227351888e+08,342.725000,342.773000,0.000178,6.921285402e-06,2.507572e+08
203,11,1.000000000e-04,2.227343016e+08,342.773000,342.814000,0.000178,6.921285402e-06,2.506953e+08
203,12,1.000000000e-04,-2.227343016e+08,342.814000,342.846000,0.000178,6.921285402e-06,2.506446e+08
203,13,1.000000000e-04,2.227342011e+08,342.846000,342.878000,0.000178,6.921285402e-06,2.506001e+08
203,14,1.000000000e-04,-2.227342011e+08,342.878000,342.897500,0.000178,6.921285402e-06,2.505643e+08
203,15,1.000000000e-04,2.227341867e+08,342.897500,342.920500,0.000178,6.921285402e-06,2.505348e+08
203,16,1.000000000e-04,-2.227341867e+08,342.920500,342.932000,0.000178,6.921285402e-06,2.505108e+08
203,17,1.000000000e-04,2.227341688e+08,342.932000,342.941500,0.000178,6.921285402e-06,2.504962e+08
203,18,1.000000000e-04,-2.227341688e+08,342.941500,342.949500,0.000178,6.921285402e-06,2.504840e+08
203,19,1.000000000e-04,2.227340390e+08,342.949500,342.952500,0.000178,6.921285402e-06,2.504764e+08
203,20,1.000000000e-04,-2.227340390e+08,342.952500,342.960000,0.000178,6.921285402e-06,2.504691e+08
203,21,1.000000000e-04,2.227328976e+08,342.960000,342.960000,0.000178,6.921285402e-06,2.504639e+08
203,22,1.000000000e-04,-2.227328976e+08,342.960000,342.966500,0.000178,6.921285402e-06,2.504594e+08
203,23,1.000000000e-04,2.227222590e+08,342.966500,342.974500,0.000178,6.921285402e-06,2.504493e+08
203,24,1.000000000e-04,-2.227222590e+08,342.974500,342.995000,0.000178,6.921285402e-06,2.504295e+08
203,25,1.000000000e-04,2.226203020e+08,342.995000,343.028000,0.000178,6.921285402e-06,2.503923e+08
203,26,1.000000000e-04,-2.226203020e+08,343.028000,343.083000,0.000178,6.921285402e-06,2.503311e+08
203,27,1.000000000e-04,2.216266889e+08,343.083000,343.169500,0.000176,6.921285402e-06,2.502328e+08
203,28,1.000000000e-04,-2.216266889e+08,343.169500,343.296000,0.000176,6.921285402e-06,2.500848e+08
203,29,1.000000000e-04,2.051147294e+08,343.296000,343.465000,0.000151,6.921285402e-06,2.498794e+08
203,30,1.000000000e-04,-2.051147294e+08,343.465000,343.632500,0.000151,6.921285402e-06,2.496456e+08
203,31,1.000000000e-04,2.027633488e+08,343.632500,343.742000,0.000148,6.921285402e-06,2.494530e+08
203,32,1.000000000e-04,-2.027633488e+08,343.742000,343.811000,0.000148,6.921285402e-06,2.493290e+08
203,33,1.000000000e-04,2.025927160e+08,343.811000,343.843000,0.000147,6.921285402e-06,2.492588e+08
203,34,1.000000000e-04,-2.025927160e+08,343.843000,343.840000,0.000147,6.921285402e-06,2.492386e+08
203,35,1.000000000e-04,2.032523252e+08,343.840000,343.818000,0.000148,6.921285402e-06,2.492560e+08
203,36,1.000000000e-04,-2.032523252e+08,343.818000,343.786000,0.000148,6.921285402e-06,2.492935e+08
203,37,1.000000000e-04,2.099576929e+08,343.786000,343.754000,0.000158,6.921285402e-06,2.493380e+08
203,38,1.000000000e-04,-2.099576929e+08,343.754000,343.722000,0.000158,6.921285402e-06,2.493825e+08
203,39,1.000000000e-04,3.680836664e+08,343.722000,343.710000,0.000487,6.921285402e-06,2.494127e+08
204,0,1.000000000e-04,-1.930293240e+08,342.146000,342.158000,0.000134,6.921285402e-06,2.515871e+08
204,1,1.000000000e-04,4.660082623e+07,342.158000,342.197000,0.000008,6.921285402e-06,2.515518e+08
204,2,1.000000000e-04,-8.693059494e+07,342.197000,342.247700,0.000027,6.921285402e-06,2.514894e+08
204,3,1.000000000e-04,7.204001790e+07,342.247700,342.302900,0.000019,6.921285402e-06,2.514158e+08
204,4,1.000000000e-04,-7.614511178e+07,342.302900,342.365500,0.000021,6.921285402e-06,2.513339e+08
204,5,1.000000000e-04,7.461531333e+07,342.365500,342.428100,0.000020,6.921285402e-06,2.512469e+08
204,6,1.000000000e-04,-7.503783185e+07,342.428100,342.483300,0.000020,6.921285402e-06,2.511651e+08
204,7,1.000000000e-04,7.487755621e+07,342.483300,342.537000,0.000020,6.921285402e-06,2.510894e+08
204,8,1.000000000e-04,-7.492195873e+07,342.537000,342.592000,0.000020,6.921285402e-06,2.510138e+08
204,9,1.000000000e-04,7.490462431e+07,342.592000,342.639500,0.000020,6.921285402e-06,2.509426e+08
204,10,1.000000000e-04,-7.490944875e+07,342.639500,342.677900,0.000020,6.921285402e-06,2.508829e+08
204,11,1.000000000e-04,7.490748540e+07,342.677900,342.718000,0.000020,6.921285402e-06,2.508283e+08
204,12,1.000000000e-04,-7.490803544e+07,342.718000,342.750000,0.000020,6.921285402e-06,2.507782e+08
204,13,1.000000000e-04,7.490779863e+07,342.750000,342.773900,0.000020,6.921285402e-06,2.507394e+08
204,14,1.000000000e-04,-7.490786672e+07,342.773900,342.799500,0.000020,6.921285402e-06,2.507050e+08
204,15,1.000000000e-04,7.490783119e+07,342.799500,342.816000,0.000020,6.921285402e-06,2.506757e+08
204,16,1.000000000e-04,-7.490785037e+07,342.816000,342.831300,0.000020,6.921285402e-06,2.506536e+08
204,17,1.000000000e-04,7.490780917e+07,342.831300,342.844300,0.000020,6.921285402e-06,2.506339e+08
204,18,1.000000000e-04,-7.490789230e+07,342.844300,342.853100,0.000020,6.921285402e-06,2.506188e+08
204,19,1.000000000e-04,7.490760099e+07,342.853100,342.859500,0.000020,6.921285402e-06,2.506082e+08
204,20,1.000000000e-04,-7.490828984e+07,342.859500,342.864100,0.000020,6.921285402e-06,2.506006e+08
204,21,1.000000000e-04,7.490582575e+07,342.864100,342.871300,0.000020,6.921285402e-06,2.505924e+08
204,22,1.000000000e-04,-7.491197779e+07,342.871300,342.878000,0.000020,6.921285402e-06,2.505827e+08
204,23,1.000000000e-04,7.488983373e+07,342.878000,342.894000,0.000020,6.921285402e-06,2.505669e+08
204,24,1.000000000e-04,-7.494723919e+07,342.894000,342.915000,0.000020,6.921285402e-06,2.505412e+08
204,25,1.000000000e-04,7.473976140e+07,342.915000,342.949900,0.000020,6.921285402e-06,2.505024e+08
204,26,1.000000000e-04,-7.529127103e+07,342.949900,343.013700,0.000020,6.921285402e-06,2.504338e+08
204,27,1.000000000e-04,7.329271030e+07,343.013700,343.107000,0.000019,6.921285402e-06,2.503246e+08
204,28,1.000000000e-04,-7.868583303e+07,343.107000,343.237900,0.000022,6.921285402e-06,2.501688e+08
204,29,1.000000000e-04,5.911190285e+07,343.237900,343.417000,0.000013,6.921285402e-06,2.499533e+08
204,30,1.000000000e-04,-7.192089332e+07,343.417000,343.586000,0.000019,6.921285402e-06,2.497114e+08
204,31,1.000000000e-04,6.720059770e+07,343.586000,343.709700,0.000016,6.921285402e-06,2.495080e+08
204,32,1.000000000e-04,-6.846655018e+07,343.709700,343.783300,0.000017,6.921285402e-06,2.493708e+08
204,33,1.000000000e-04,6.812303588e+07,343.783300,343.816000,0.000017,6.921285402e-06,2.492970e+08
204,34,1.000000000e-04,-6.787418402e+07,343.816000,343.818000,0.000017,6.921285402e-06,2.492729e+08
204,35,1.000000000e-04,6.921310574e+07,343.818000,343.806100,0.000017,6.921285402e-06,2.492797e+08
204,36,1.000000000e-04,-6.549557462e+07,343.806100,343.775000,0.000015,6.921285402e-06,2.493096e+08
204,37,1.000000000e-04,7.902677738e+07,343.775000,343.743000,0.000022,6.921285402e-06,2.493535e+08
204,38,1.000000000e-04,-4.236491007e+07,343.743000,343.711000,0.000006,6.921285402e-06,2.493980e+08
204,39,1.000000000e-04,1.754811765e+08,343.711000,343.699000,0.000111,6.921285402e-06,2.494284e+08
205,0,1.000000000e-04,-4.138262147e+08,342.082000,342.094000,0.000615,6.921285402e-06,2.516754e+08
205,1,1.000000000e-04,2.354101336e+08,342.094000,342.133000,0.000199,6.921285402e-06,2.516405e+08
205,2,1.000000000e-04,-2.354101336e+08,342.133000,342.183100,0.000199,6.921285402e-06,2.515786e+08
205,3,1.000000000e-04,2.276615181e+08,342.183100,342.238700,0.000186,6.921285402e-06,2.515051e+08
205,4,1.000000000e-04,-2.276615181e+08,342.238700,342.297000,0.000186,6.921285402e-06,2.514260e+08
205,5,1.000000000e-04,2.268230674e+08,342.297000,342.355300,0.000185,6.921285402e-06,2.513449e+08
205,6,1.000000000e-04,-2.268230674e+08,342.355300,342.410900,0.000185,6.921285402e-06,2.512658e+08
205,7,1.000000000e-04,2.267266423e+08,342.410900,342.461900,0.000185,6.921285402e-06,2.511917e+08
205,8,1.000000000e-04,-2.267266423e+08,342.461900,342.512000,0.000185,6.921285402e-06,2.511214e+08
205,9,1.000000000e-04,2.267147159e+08,342.512000,342.555000,0.000185,6.921285402e-06,2.510567e+08
205,10,1.000000000e-04,-2.267147159e+08,342.555000,342.597000,0.000185,6.921285402e-06,2.509976e+08
205,11,1.000000000e-04,2.267131242e+08,342.597000,342.629000,0.000185,6.921285402e-06,2.509462e+08
205,12,1.000000000e-04,-2.267131242e+08,342.629000,342.661000,0.000185,6.921285402e-06,2.509017e+08
205,13,1.000000000e-04,2.267128956e+08,342.661000,342.693000,0.000185,6.921285402e-06,2.508572e+08
205,14,1.000000000e-04,-2.267128956e+08,342.693000,342.711500,0.000185,6.921285402e-06,2.508222e+08
205,15,1.000000000e-04,2.267128551e+08,342.711500,342.729000,0.000185,6.921285402e-06,2.507971e+08
205,16,1.000000000e-04,-2.267128551e+08,342.729000,342.742900,0.000185,6.921285402e-06,2.507753e+08
205,17,1.000000000e-04,2.267128106e+08,342.742900,342.758000,0.000185,6.921285402e-06,2.507552e+08
205,18,1.000000000e-04,-2.267128106e+08,342.758000,342.765000,0.000185,6.921285402e-06,2.507398e+08
205,19,1.000000000e-04,2.267125471e+08,342.765000,342.775000,0.000185,6.921285402e-06,2.507280e+08
205,20,1.000000000e-04,-2.267125471e+08,342.775000,342.776000,0.000185,6.921285402e-06,2.507203e+08
205,21,1.000000000e-04,2.267106731e+08,342.776000,342.785000,0.000185,6.921285402e-06,2.507134e+08
205,22,1.000000000e-04,-2.267106731e+08,342.785000,342.798000,0.000185,6.921285402e-06,2.506981e+08
205,23,1.000000000e-04,2.266962929e+08,342.798000,342.814000,0.000185,6.921285402e-06,2.506779e+08
205,24,1.000000000e-04,-2.266962929e+08,342.814000,342.842000,0.000185,6.921285402e-06,2.506474e+08
205,25,1.000000000e-04,2.265772538e+08,342.842000,342.885000,0.000184,6.921285402e-06,2.505980e+08
205,26,1.000000000e-04,-2.265772538e+08,342.885000,342.947000,0.000184,6.921285402e-06,2.505250e+08
205,27,1.000000000e-04,2.255212564e+08,342.947000,343.043000,0.000183,6.921285402e-06,2.504152e+08
205,28,1.000000000e-04,-2.255212564e+08,343.043000,343.182000,0.000183,6.921285402e-06,2.502519e+08
205,29,1.000000000e-04,2.088813444e+08,343.182000,343.362000,0.000157,6.921285402e-06,2.500302e+08
205,30,1.000000000e-04,-2.088813444e+08,343.362000,343.538000,0.000157,6.921285402e-06,2.497828e+08
205,31,1.000000000e-04,2.064264855e+08,343.538000,343.668000,0.000153,6.921285402e-06,2.495701e+08
205,32,1.000000000e-04,-2.064264855e+08,343.668000,343.745000,0.000153,6.921285402e-06,2.494263e+08
205,33,1.000000000e-04,2.062401618e+08,343.745000,343.784000,0.000153,6.921285402e-06,2.493457e+08
205,34,1.000000000e-04,-2.062401618e+08,343.784000,343.786000,0.000153,6.921285402e-06,2.493172e+08
205,35,1.000000000e-04,2.069698564e+08,343.786000,343.775000,0.000154,6.921285402e-06,2.493234e+08
205,36,1.000000000e-04,-2.069698564e+08,343.775000,343.752000,0.000154,6.921285402e-06,2.493471e+08
205,37,1.000000000e-04,2.140099013e+08,343.752000,343.720000,0.000165,6.921285402e-06,2.493853e+08
205,38,1.000000000e-04,-2.140099013e+08,343.720000,343.694300,0.000165,6.921285402e-06,2.494254e+08
205,39,1.000000000e-04,3.762059498e+08,343.694300,343.683000,0.000508,6.921285402e-06,2.494507e+08
206,0,1.000000000e-04,-2.063104286e+08,342.031000,342.043000,0.000153,6.921285402e-06,2.517469e+08
206,1,1.000000000e-04,5.290081678e+07,342.043000,342.082000,0.000010,6.921285402e-06,2.517116e+08
206,2,1.000000000e-04,-9.527919102e+07,342.082000,342.130000,0.000033,6.921285402e-06,2.516511e+08
206,3,1.000000000e-04,7.917530588e+07,342.130000,342.178000,0.000023,6.921285402e-06,2.515844e+08
206,4,1.000000000e-04,-8.365727819e+07,342.178000,342.236000,0.000025,6.921285402e-06,2.515107e+08
206,5,1.000000000e-04,8.183327409e+07,342.236000,342.291300,0.000024,6.921285402e-06,2.514320e+08
206,6,1.000000000e-04,-8.234563133e+07,342.291300,342.342000,0.000024,6.921285402e-06,2.513583e+08
206,7,1.000000000e-04,8.212020645e+07,342.342000,342.397000,0.000024,6.921285402e-06,2.512849e+08
206,8,1.000000000e-04,-8.218415543e+07,342.397000,342.445000,0.000024,6.921285402e-06,2.512133e+08
206,9,1.000000000e-04,8.215378440e+07,342.445000,342.483000,0.000024,6.921285402e-06,2.511535e+08
206,10,1.000000000e-04,-8.216247808e+07,342.483000,342.521000,0.000024,6.921285402e-06,2.511007e+08
206,11,1.000000000e-04,8.215807439e+07,342.521000,342.562000,0.000024,6.921285402e-06,2.510458e+08
206,12,1.000000000e-04,-8.215934465e+07,342.562000,342.584000,0.000024,6.921285402e-06,2.510020e+08
206,13,1.000000000e-04,8.215866730e+07,342.584000,342.616000,0.000024,6.921285402e-06,2.509645e+08
206,14,1.000000000e-04,-8.215886825e+07,342.616000,342.633000,0.000024,6.921285402e-06,2.509304e+08
206,15,1.000000000e-04,8.215874183e+07,342.633000,342.656000,0.000024,6.921285402e-06,2.509026e+08
206,16,1.000000000e-04,-8.215880768e+07,342.656000,342.667100,0.000024,6.921285402e-06,2.508789e+08
206,17,1.000000000e-04,8.215867069e+07,342.667100,342.681000,0.000024,6.921285402e-06,2.508615e+08
206,18,1.000000000e-04,-8.215889558e+07,342.681000,342.688000,0.000024,6.921285402e-06,2.508470e+08
206,19,1.000000000e-04,8.215813300e+07,342.688000,342.698000,0.000024,6.921285402e-06,2.508352e+08
206,20,1.000000000e-04,-8.215958166e+07,342.698000,342.708000,0.000024,6.921285402e-06,2.508213e+08
206,21,1.000000000e-04,8.215454960e+07,342.708000,342.715000,0.000024,6.921285402e-06,2.508095e+08
206,22,1.000000000e-04,-8.216465182e+07,342.715000,342.731000,0.000024,6.921285402e-06,2.507935e+08
206,23,1.000000000e-04,8.212927501e+07,342.731000,342.747000,0.000024,6.921285402e-06,2.507713e+08
206,24,1.000000000e-04,-8.220528881e+07,342.747000,342.774500,0.000024,6.921285402e-06,2.507410e+08
206,25,1.000000000e-04,8.193661042e+07,342.774500,342.821300,0.000024,6.921285402e-06,2.506894e+08
206,26,1.000000000e-04,-8.256013731e+07,342.821300,342.886000,0.000024,6.921285402e-06,2.506119e+08
206,27,1.000000000e-04,8.033470816e+07,342.886000,342.985000,0.000023,6.921285402e-06,2.504981e+08
206,28,1.000000000e-04,-8.590206085e+07,342.985000,343.122000,0.000027,6.921285402e-06,2.503341e+08
206,29,1.000000000e-04,6.585807923e+07,343.122000,343.311000,0.000016,6.921285402e-06,2.501075e+08
206,30,1.000000000e-04,-7.887929366e+07,343.311000,343.490300,0.000022,6.921285402e-06,2.498516e+08
206,31,1.000000000e-04,7.378015365e+07,343.490300,343.620900,0.000020,6.921285402e-06,2.496362e+08
206,32,1.000000000e-04,-7.515538380e+07,343.620900,343.700900,0.000020,6.921285402e-06,2.494898e+08
206,33,1.000000000e-04,7.475360320e+07,343.700900,343.742000,0.000020,6.921285402e-06,2.494057e+08
206,34,1.000000000e-04,-7.445908419e+07,343.742000,343.754000,0.000020,6.921285402e-06,2.493688e+08
206,35,1.000000000e-04,7.603894085e+07,343.754000,343.743000,0.000021,6.921285402e-06,2.493681e+08
206,36,1.000000000e-04,-7.198673241e+07,343.743000,343.720000,0.000019,6.921285402e-06,2.493917e+08
206,37,1.000000000e-04,8.661570951e+07,343.720000,343.693100,0.000027,6.921285402e-06,2.494264e+08
206,38,1.000000000e-04,-4.809297084e+07,343.693100,343.666000,0.000008,6.921285402e-06,2.494639e+08
206,39,1.000000000e-04,1.875549484e+08,343.666000,343.654000,0.000126,6.921285402e-06,2.494909e+08
207,0,1.000000000e-04,-4.643163164e+08,341.992000,342.004000,0.000775,6.921285402e-06,2.518004e+08
207,1,1.000000000e-04,2.777827531e+08,342.004000,342.036700,0.000277,6.921285402e-06,2.517699e+08
207,2,1.000000000e-04,-2.777827531e+08,342.036700,342.082000,0.000277,6.921285402e-06,2.517157e+08
207,3,1.000000000e-04,2.679761747e+08,342.082000,342.138100,0.000258,6.921285402e-06,2.516452e+08
207,4,1.000000000e-04,-2.679761747e+08,342.138100,342.188000,0.000258,6.921285402e-06,2.515716e+08
207,5,1.000000000e-04,2.665129385e+08,342.188000,342.245100,0.000255,6.921285402e-06,2.514972e+08
207,6,1.000000000e-04,-2.665129385e+08,342.245100,342.294000,0.000255,6.921285402e-06,2.514235e+08
207,7,1.000000000e-04,2.662839703e+08,342.294000,342.342000,0.000255,6.921285402e-06,2.513562e+08
207,8,1.000000000e-04,-2.662839703e+08,342.342000,342.390000,0.000255,6.921285402e-06,2.512895e+08
207,9,1.000000000e-04,2.662470552e+08,342.390000,342.432500,0.000255,6.921285402e-06,2.512266e+08
207,10,1.000000000e-04,-2.662470552e+08,342.432500,342.466000,0.000255,6.921285402e-06,2.511737e+08
207,11,1.000000000e-04,2.662409961e+08,342.466000,342.507000,0.000255,6.921285402e-06,2.511220e+08
207,12,1.000000000e-04,-2.662409961e+08,342.507000,342.529000,0.000255,6.921285402e-06,2.510782e+08
207,13,1.000000000e-04,2.662399865e+08,342.529000,342.561000,0.000255,6.921285402e-06,2.510406e+08
207,14,1.000000000e-04,-2.662399865e+08,342.561000,342.578000,0.000255,6.921285402e-06,2.510066e+08
207,15,1.000000000e-04,2.662397881e+08,342.578000,342.594000,0.000255,6.921285402e-06,2.509837e+08
207,16,1.000000000e-04,-2.662397881e+08,342.594000,342.610000,0.000255,6.921285402e-06,2.509614e+08
207,17,1.000000000e-04,2.662395754e+08,342.610000,342.626000,0.000255,6.921285402e-06,2.509392e+08
207,18,1.000000000e-04,-2.662395754e+08,342.626000,342.633000,0.000255,6.921285402e-06,2.509232e+08
207,19,1.000000000e-04,2.662384621e+08,342.633000,342.643000,0.000255,6.921285402e-06,2.509114e+08
207,20,1.000000000e-04,-2.662384621e+08,342.643000,342.653000,0.000255,6.921285402e-06,2.508975e+08
207,21,1.000000000e-04,2.662317588e+08,342.653000,342.660000,0.000255,6.921285402e-06,2.508857e+08
207,22,1.000000000e-04,-2.662317588e+08,342.660000,342.676000,0.000255,6.921285402e-06,2.508697e+08
207,23,1.000000000e-04,2.661907478e+08,342.676000,342.692000,0.000255,6.921285402e-06,2.508474e+08
207,24,1.000000000e-04,-2.661907478e+08,342.692000,342.723000,0.000255,6.921285402e-06,2.508148e+08
207,25,1.000000000e-04,2.659346140e+08,342.723000,342.767000,0.000254,6.921285402e-06,2.507626e+08
207,26,1.000000000e-04,-2.659346140e+08,342.767000,342.838000,0.000254,6.921285402e-06,2.506827e+08
207,27,1.000000000e-04,2.642797744e+08,342.838000,342.937000,0.000251,6.921285402e-06,2.505646e+08
207,28,1.000000000e-04,-2.642797744e+08,342.937000,343.082100,0.000251,6.921285402e-06,2.503949e+08
207,29,1.000000000e-04,2.462740631e+08,343.082100,343.267500,0.000218,6.921285402e-06,2.501653e+08
207,30,1.000000000e-04,-2.462740631e+08,343.267500,343.451100,0.000218,6.921285402e-06,2.499088e+08
207,31,1.000000000e-04,2.427288066e+08,343.451100,343.581300,0.000212,6.921285402e-06,2.496907e+08
207,32,1.000000000e-04,-2.427288066e+08,343.581300,343.664000,0.000212,6.921285402e-06,2.495428e+08
207,33,1.000000000e-04,2.423887190e+08,343.664000,343.710000,0.000211,6.921285402e-06,2.494533e+08
207,34,1.000000000e-04,-2.423887190e+08,343.710000,343.722000,0.000211,6.921285402e-06,2.494130e+08
207,35,1.000000000e-04,2.436317237e+08,343.722000,343.711000,0.000213,6.921285402e-06,2.494123e+08
207,36,1.000000000e-04,-2.436317237e+08,343.711000,343.694300,0.000213,6.921285402e-06,2.494316e+08
207,37,1.000000000e-04,2.525326400e+08,343.694300,343.666000,0.000229,6.921285402e-06,2.494628e+08
207,38,1.000000000e-04,-2.525326400e+08,343.666000,343.642100,0.000229,6.921285402e-06,2.494991e+08
207,39,1.000000000e-04,4.221068147e+08,343.642100,343.631000,0.000640,6.921285402e-06,2.495229e+08
208,0,1.000000000e-04,-1.481811603e+08,341.980000,341.992000,0.000079,6.921285402e-06,2.518179e+08
208,1,1.000000000e-04,1.977283539e+07,341.992000,342.024000,0.000001,6.921285402e-06,2.517874e+08
208,2,1.000000000e-04,-7.028308662e+07,342.024000,342.069000,0.000018,6.921285402e-06,2.517338e+08
208,3,1.000000000e-04,4.716065789e+07,342.069000,342.117000,0.000008,6.921285402e-06,2.516692e+08
208,4,1.000000000e-04,-5.621111438e+07,342.117000,342.175000,0.000011,6.921285402e-06,2.515955e+08
208,5,1.000000000e-04,5.218217364e+07,342.175000,342.223000,0.000010,6.921285402e-06,2.515219e+08
208,6,1.000000000e-04,-5.375530316e+07,342.223000,342.271000,0.000010,6.921285402e-06,2.514552e+08
208,7,1.000000000e-04,5.306485535e+07,342.271000,342.326000,0.000010,6.921285402e-06,2.513836e+08
208,8,1.000000000e-04,-5.333410108e+07,342.326000,342.367000,0.000010,6.921285402e-06,2.513169e+08
208,9,1.000000000e-04,5.321681170e+07,342.367000,342.410000,0.000010,6.921285402e-06,2.512585e+08
208,10,1.000000000e-04,-5.326251901e+07,342.410000,342.452000,0.000010,6.921285402e-06,2.511994e+08
208,11,1.000000000e-04,5.324268647e+07,342.452000,342.484000,0.000010,6.921285402e-06,2.511480e+08
208,12,1.000000000e-04,-5.325041772e+07,342.484000,342.513000,0.000010,6.921285402e-06,2.511056e+08
208,13,1.000000000e-04,5.324705649e+07,342.513000,342.538000,0.000010,6.921285402e-06,2.510680e+08
208,14,1.000000000e-04,-5.324839929e+07,342.538000,342.555000,0.000010,6.921285402e-06,2.510389e+08
208,15,1.000000000e-04,5.324773213e+07,342.555000,342.571000,0.000010,6.921285402e-06,2.510159e+08
208,16,1.000000000e-04,-5.324819241e+07,342.571000,342.587000,0.000010,6.921285402e-06,2.509937e+08
208,17,1.000000000e-04,5.324747872e+07,342.587000,342.603000,0.000010,6.921285402e-06,2.509714e+08
208,18,1.000000000e-04,-5.324894684e+07,342.603000,342.610000,0.000010,6.921285402e-06,2.509555e+08
208,19,1.000000000e-04,5.324525616e+07,342.610000,342.620000,0.000010,6.921285402e-06,2.509436e+08
208,20,1.000000000e-04,-5.325374676e+07,342.620000,342.630000,0.000010,6.921285402e-06,2.509297e+08
208,21,1.000000000e-04,5.323196564e+07,342.630000,342.637000,0.000010,6.921285402e-06,2.509179e+08
208,22,1.000000000e-04,-5.328211511e+07,342.637000,342.653000,0.000010,6.921285402e-06,2.509019e+08
208,23,1.000000000e-04,5.315344783e+07,342.653000,342.669000,0.000010,6.921285402e-06,2.508797e+08
208,24,1.000000000e-04,-5.344828919e+07,342.669000,342.700000,0.000010,6.921285402e-06,2.508470e+08
208,25,1.000000000e-04,5.269243238e+07,342.700000,342.744000,0.000010,6.921285402e-06,2.507949e+08
208,26,1.000000000e-04,-5.440902765e+07,342.744000,342.815000,0.000011,6.921285402e-06,2.507150e+08
208,27,1.000000000e-04,5.001509865e+07,342.815000,342.924000,0.000009,6.921285402e-06,2.505899e+08
208,28,1.000000000e-04,-5.982545086e+07,342.924000,343.061000,0.000013,6.921285402e-06,2.504189e+08
208,29,1.000000000e-04,3.478832323e+07,343.061000,343.250000,0.000004,6.921285402e-06,2.501923e+08
208,30,1.000000000e-04,-5.514190650e+07,343.250000,343.439000,0.000011,6.921285402e-06,2.499296e+08
208,31,1.000000000e-04,4.606002038e+07,343.439000,343.569000,0.000008,6.921285402e-06,2.497079e+08
208,32,1.000000000e-04,-4.940683894e+07,343.569000,343.652000,0.000009,6.921285402e-06,2.495599e+08
208,33,1.000000000e-04,4.844826938e+07,343.652000,343.698000,0.000008,6.921285402e-06,2.494702e+08
208,34,1.000000000e-04,-4.763707197e+07,343.698000,343.710000,0.000008,6.921285402e-06,2.494299e+08
208,35,1.000000000e-04,5.102923375e+07,343.710000,343.699000,0.000009,6.921285402e-06,2.494292e+08
208,36,1.000000000e-04,-4.290695042e+07,343.699000,343.683000,0.000007,6.921285402e-06,2.494480e+08
208,37,1.000000000e-04,6.388163863e+07,343.683000,343.654000,0.000015,6.921285402e-06,2.494793e+08
208,38,1.000000000e-04,-1.798077367e+07,343.654000,343.631000,0.000001,6.921285402e-06,2.495154e+08
208,39,1.000000000e-04,1.347086804e+08,343.631000,343.620000,0.000065,6.921285402e-06,2.495390e+08
209,0,1.000000000e-04,-1.629975032e+08,342.340000,342.353000,0.000095,6.921285402e-06,2.513168e+08
209,1,1.000000000e-04,2.175064593e+07,342.353000,342.408000,0.000002,6.921285402e-06,2.512696e+08
209,2,1.000000000e-04,-7.731086206e+07,342.408000,342.475000,0.000021,6.921285402e-06,2.511848e+08
209,3,1.000000000e-04,5.187707097e+07,342.475000,342.555000,0.000010,6.921285402e-06,2.510826e+08
209,4,1.000000000e-04,-6.183182885e+07,342.555000,342.650000,0.000014,6.921285402e-06,2.509610e+08
209,5,1.000000000e-04,5.740134630e+07,342.650000,342.746000,0.000012,6.921285402e-06,2.508283e+08
209,6,1.000000000e-04,-5.913010825e+07,342.746000,342.842000,0.000013,6.921285402e-06,2.506948e+08
209,7,1.000000000e-04,5.837430496e+07,342.842000,342.938000,0.000012,6.921285402e-06,2.505614e+08
209,8,1.000000000e-04,-5.866686271e+07,342.938000,343.034000,0.000012,6.921285402e-06,2.504279e+08
209,9,1.000000000e-04,5.854499274e+07,343.034000,343.125000,0.000012,6.921285402e-06,2.502980e+08
209,10,1.000000000e-04,-5.859139432e+07,343.125000,343.204000,0.000012,6.921285402e-06,2.501798e+08
209,11,1.000000000e-04,5.857405956e+07,343.204000,343.268000,0.000012,6.921285402e-06,2.500804e+08
209,12,1.000000000e-04,-5.858059657e+07,343.268000,343.329000,0.000012,6.921285402e-06,2.499936e+08
209,13,1.000000000e-04,5.857832029e+07,343.329000,343.368000,0.000012,6.921285402e-06,2.499241e+08
209,14,1.000000000e-04,-5.857956438e+07,343.368000,343.385000,0.000012,6.921285402e-06,2.498852e+08
209,15,1.000000000e-04,5.857810839e+07,343.385000,343.399000,0.000012,6.921285402e-06,2.498636e+08
209,16,1.000000000e-04,-5.858003623e+07,343.399000,343.383000,0.000012,6.921285402e-06,2.498650e+08
209,17,1.000000000e-04,5.857570871e+07,343.383000,343.354000,0.000012,6.921285402e-06,2.498963e+08
209,18,1.000000000e-04,-5.858088186e+07,343.354000,343.322000,0.000012,6.921285402e-06,2.499387e+08
209,19,1.000000000e-04,5.856968992e+07,343.322000,343.265000,0.000012,6.921285402e-06,2.500005e+08
209,20,1.000000000e-04,-5.858292405e+07,343.265000,343.206000,0.000012,6.921285402e-06,2.500811e+08
209,21,1.000000000e-04,5.855441361e+07,343.206000,343.142000,0.000012,6.921285402e-06,2.501666e+08
209,22,1.000000000e-04,-5.861167839e+07,343.142000,343.068000,0.000012,6.921285402e-06,2.502625e+08
209,23,1.000000000e-04,5.846839447e+07,343.068000,342.995000,0.000012,6.921285402e-06,2.503647e+08
209,24,1.000000000e-04,-5.879347347e+07,342.995000,342.920000,0.000012,6.921285402e-06,2.504676e+08
209,25,1.000000000e-04,5.796152039e+07,342.920000,342.845000,0.000012,6.921285402e-06,2.505718e+08
209,26,1.000000000e-04,-5.984998676e+07,342.845000,342.772000,0.000013,6.921285402e-06,2.506747e+08
209,27,1.000000000e-04,5.501654073e+07,342.772000,342.698000,0.000011,6.921285402e-06,2.507768e+08
209,28,1.000000000e-04,-6.580797774e+07,342.698000,342.625000,0.000016,6.921285402e-06,2.508790e+08
209,29,1.000000000e-04,3.826711274e+07,342.625000,342.555000,0.000005,6.921285402e-06,2.509784e+08
209,30,1.000000000e-04,-6.065606505e+07,342.555000,342.486000,0.000013,6.921285402e-06,2.510750e+08
209,31,1.000000000e-04,5.066598280e+07,342.486000,342.415000,0.000009,6.921285402e-06,2.511723e+08
209,32,1.000000000e-04,-5.434749309e+07,342.415000,342.345000,0.000011,6.921285402e-06,2.512703e+08
209,33,1.000000000e-04,5.329304446e+07,342.345000,342.274000,0.000010,6.921285402e-06,2.513683e+08
209,34,1.000000000e-04,-5.240077109e+07,342.274000,342.210000,0.000010,6.921285402e-06,2.514621e+08
209,35,1.000000000e-04,5.613203985e+07,342.210000,342.146000,0.000011,6.921285402e-06,2.515511e+08
209,36,1.000000000e-04,-4.719773290e+07,342.146000,342.082000,0.000008,6.921285402e-06,2.516400e+08
209,37,1.000000000e-04,7.026938499e+07,342.082000,342.031000,0.000018,6.921285402e-06,2.517199e+08
209,38,1.000000000e-04,-1.977928322e+07,342.031000,341.992000,0.000001,6.921285402e-06,2.517825e+08
209,39,1.000000000e-04,1.481779364e+08,341.992000,341.980000,0.000079,6.921285402e-06,2.518179e+08
210,0,1.000000000e-04,-5.107431556e+08,342.353000,342.376000,0.000937,6.921285402e-06,2.512907e+08
210,1,1.000000000e-04,3.055603031e+08,342.376000,342.424000,0.000335,6.921285402e-06,2.512421e+08
210,2,1.000000000e-04,-3.055603031e+08,342.424000,342.498000,0.000335,6.921285402e-06,2.511573e+08
210,3,1.000000000e-04,2.947739038e+08,342.498000,342.578900,0.000312,6.921285402e-06,2.510497e+08
210,4,1.000000000e-04,-2.947739038e+08,342.578900,342.674000,0.000312,6.921285402e-06,2.509274e+08
210,5,1.000000000e-04,2.931659760e+08,342.674000,342.770100,0.000309,6.921285402e-06,2.507945e+08
210,6,1.000000000e-04,-2.931659760e+08,342.770100,342.874000,0.000309,6.921285402e-06,2.506555e+08
210,7,1.000000000e-04,2.929198858e+08,342.874000,342.973300,0.000308,6.921285402e-06,2.505143e+08
210,8,1.000000000e-04,-2.929198858e+08,342.973300,343.070000,0.000308,6.921285402e-06,2.503780e+08
210,9,1.000000000e-04,2.928932353e+08,343.070000,343.166000,0.000308,6.921285402e-06,2.502441e+08
210,10,1.000000000e-04,-2.928932353e+08,343.166000,343.251100,0.000308,6.921285402e-06,2.501182e+08
210,11,1.000000000e-04,2.928941696e+08,343.251100,343.316000,0.000308,6.921285402e-06,2.500140e+08
210,12,1.000000000e-04,-2.928941696e+08,343.316000,343.377000,0.000308,6.921285402e-06,2.499265e+08
210,13,1.000000000e-04,2.928951218e+08,343.377000,343.416000,0.000308,6.921285402e-06,2.498570e+08
210,14,1.000000000e-04,-2.928951218e+08,343.416000,343.443000,0.000308,6.921285402e-06,2.498111e+08
210,15,1.000000000e-04,2.928939258e+08,343.443000,343.447000,0.000308,6.921285402e-06,2.497896e+08
210,16,1.000000000e-04,-2.928939258e+08,343.447000,343.431000,0.000308,6.921285402e-06,2.497979e+08
210,17,1.000000000e-04,2.928880442e+08,343.431000,343.408300,0.000308,6.921285402e-06,2.498248e+08
210,18,1.000000000e-04,-2.928880442e+08,343.408300,343.361000,0.000308,6.921285402e-06,2.498735e+08
210,19,1.000000000e-04,2.928728757e+08,343.361000,343.307000,0.000308,6.921285402e-06,2.499439e+08
210,20,1.000000000e-04,-2.928728757e+08,343.307000,343.242900,0.000308,6.921285402e-06,2.500260e+08
210,21,1.000000000e-04,2.928578433e+08,343.242900,343.177300,0.000308,6.921285402e-06,2.501161e+08
210,22,1.000000000e-04,-2.928578433e+08,343.177300,343.100000,0.000308,6.921285402e-06,2.502154e+08
210,23,1.000000000e-04,2.928103353e+08,343.100000,343.028100,0.000308,6.921285402e-06,2.503191e+08
210,24,1.000000000e-04,-2.928103353e+08,343.028100,342.949000,0.000308,6.921285402e-06,2.504240e+08
210,25,1.000000000e-04,2.925280214e+08,342.949000,342.869900,0.000307,6.921285402e-06,2.505340e+08
210,26,1.000000000e-04,-2.925280214e+08,342.869900,342.798000,0.000307,6.921285402e-06,2.506389e+08
210,27,1.000000000e-04,2.907075867e+08,342.798000,342.721700,0.000304,6.921285402e-06,2.507419e+08
210,28,1.000000000e-04,-2.907075867e+08,342.721700,342.648000,0.000304,6.921285402e-06,2.508462e+08
210,29,1.000000000e-04,2.709012907e+08,342.648000,342.578000,0.000264,6.921285402e-06,2.509461e+08
210,30,1.000000000e-04,-2.709012907e+08,342.578000,342.507100,0.000264,6.921285402e-06,2.510440e+08
210,31,1.000000000e-04,2.670015065e+08,342.507100,342.434300,0.000256,6.921285402e-06,2.511439e+08
210,32,1.000000000e-04,-2.670015065e+08,342.434300,342.360700,0.000256,6.921285402e-06,2.512457e+08
210,33,1.000000000e-04,2.666273976e+08,342.360700,342.296000,0.000255,6.921285402e-06,2.513418e+08
210,34,1.000000000e-04,-2.666273976e+08,342.296000,342.222500,0.000255,6.921285402e-06,2.514378e+08
210,35,1.000000000e-04,2.679946235e+08,342.222500,342.158000,0.000258,6.921285402e-06,2.515337e+08
210,36,1.000000000e-04,-2.679946235e+08,342.158000,342.094000,0.000258,6.921285402e-06,2.516231e+08
210,37,1.000000000e-04,2.777851711e+08,342.094000,342.043000,0.000277,6.921285402e-06,2.517030e+08
210,38,1.000000000e-04,-2.777851711e+08,342.043000,342.004000,0.000277,6.921285402e-06,2.517655e+08
210,39,1.000000000e-04,4.643130925e+08,342.004000,341.992000,0.000775,6.921285402e-06,2.518004e+08
211,0,1.000000000e-04,-2.269334985e+08,342.408000,342.424000,0.000185,6.921285402e-06,2.512200e+08
211,1,1.000000000e-04,5.819210122e+07,342.424000,342.476900,0.000012,6.921285402e-06,2.511724e+08
211,2,1.000000000e-04,-1.048054020e+08,342.476900,342.553000,0.000039,6.921285402e-06,2.510827e+08
211,3,1.000000000e-04,8.709359612e+07,342.553000,342.642000,0.000027,6.921285402e-06,2.509679e+08
211,4,1.000000000e-04,-9.202185479e+07,342.642000,342.745000,0.000030,6.921285402e-06,2.508345e+08
211,5,1.000000000e-04,9.002062600e+07,342.745000,342.849000,0.000029,6.921285402e-06,2.506906e+08
211,6,1.000000000e-04,-9.057807253e+07,342.849000,342.961000,0.000029,6.921285402e-06,2.505405e+08
211,7,1.000000000e-04,9.034951518e+07,342.961000,343.072100,0.000029,6.921285402e-06,2.503855e+08
211,8,1.000000000e-04,-9.040283760e+07,343.072100,343.180000,0.000029,6.921285402e-06,2.502333e+08
211,9,1.000000000e-04,9.041810527e+07,343.180000,343.286500,0.000029,6.921285402e-06,2.500842e+08
211,10,1.000000000e-04,-9.040902037e+07,343.286500,343.385000,0.000029,6.921285402e-06,2.499418e+08
211,11,1.000000000e-04,9.043009232e+07,343.385000,343.462900,0.000029,6.921285402e-06,2.498192e+08
211,12,1.000000000e-04,-9.042330301e+07,343.462900,343.526000,0.000029,6.921285402e-06,2.497212e+08
211,13,1.000000000e-04,9.042938830e+07,343.526000,343.571300,0.000029,6.921285402e-06,2.496458e+08
211,14,1.000000000e-04,-9.042869902e+07,343.571300,343.599000,0.000029,6.921285402e-06,2.495951e+08
211,15,1.000000000e-04,9.042537087e+07,343.599000,343.603000,0.000029,6.921285402e-06,2.495731e+08
211,16,1.000000000e-04,-9.043100260e+07,343.603000,343.582100,0.000029,6.921285402e-06,2.495848e+08
211,17,1.000000000e-04,9.041180385e+07,343.582100,343.548900,0.000029,6.921285402e-06,2.496224e+08
211,18,1.000000000e-04,-9.042897410e+07,343.548900,343.503000,0.000029,6.921285402e-06,2.496774e+08
211,19,1.000000000e-04,9.037949185e+07,343.503000,343.436500,0.000029,6.921285402e-06,2.497555e+08
211,20,1.000000000e-04,-9.039976721e+07,343.436500,343.361000,0.000029,6.921285402e-06,2.498542e+08
211,21,1.000000000e-04,9.036814802e+07,343.361000,343.281000,0.000029,6.921285402e-06,2.499623e+08
211,22,1.000000000e-04,-9.038773981e+07,343.281000,343.194000,0.000029,6.921285402e-06,2.500783e+08
211,23,1.000000000e-04,9.034099183e+07,343.194000,343.107700,0.000029,6.921285402e-06,2.501988e+08
211,24,1.000000000e-04,-9.042700443e+07,343.107700,343.027000,0.000029,6.921285402e-06,2.503148e+08
211,25,1.000000000e-04,9.012970200e+07,343.027000,342.940000,0.000029,6.921285402e-06,2.504314e+08
211,26,1.000000000e-04,-9.081610080e+07,342.940000,342.860000,0.000030,6.921285402e-06,2.505475e+08
211,27,1.000000000e-04,8.836780803e+07,342.860000,342.783000,0.000028,6.921285402e-06,2.506566e+08
211,28,1.000000000e-04,-9.449198355e+07,342.783000,342.703000,0.000032,6.921285402e-06,2.507657e+08
211,29,1.000000000e-04,7.244357423e+07,342.703000,342.629500,0.000019,6.921285402e-06,2.508724e+08
211,30,1.000000000e-04,-8.676691758e+07,342.629500,342.553300,0.000027,6.921285402e-06,2.509764e+08
211,31,1.000000000e-04,8.115786319e+07,342.553300,342.480900,0.000024,6.921285402e-06,2.510797e+08
211,32,1.000000000e-04,-8.267062360e+07,342.480900,342.408100,0.000025,6.921285402e-06,2.511806e+08
211,33,1.000000000e-04,8.222863634e+07,342.408100,342.335700,0.000024,6.921285402e-06,2.512815e+08
211,34,1.000000000e-04,-8.190472439e+07,342.335700,342.266000,0.000024,6.921285402e-06,2.513803e+08
211,35,1.000000000e-04,8.364235945e+07,342.266000,342.197000,0.000025,6.921285402e-06,2.514767e+08
211,36,1.000000000e-04,-7.918531616e+07,342.197000,342.133000,0.000023,6.921285402e-06,2.515691e+08
211,37,1.000000000e-04,9.527585426e+07,342.133000,342.082000,0.000033,6.921285402e-06,2.516490e+08
211,38,1.000000000e-04,-5.290323472e+07,342.082000,342.036700,0.000010,6.921285402e-06,2.517160e+08
211,39,1.000000000e-04,2.063031748e+08,342.036700,342.024000,0.000153,6.921285402e-06,2.517561e+08
212,0,1.000000000e-04,-4.551829395e+08,342.475000,342.498000,0.000744,6.921285402e-06,2.511214e+08
212,1,1.000000000e-04,2.589470023e+08,342.498000,342.553000,0.000241,6.921285402e-06,2.510678e+08
212,2,1.000000000e-04,-2.589470023e+08,342.553000,342.636000,0.000241,6.921285402e-06,2.509719e+08
212,3,1.000000000e-04,2.504277374e+08,342.636000,342.734700,0.000225,6.921285402e-06,2.508456e+08
212,4,1.000000000e-04,-2.504277374e+08,342.734700,342.846000,0.000225,6.921285402e-06,2.506996e+08
212,5,1.000000000e-04,2.495164553e+08,342.846000,342.965000,0.000224,6.921285402e-06,2.505396e+08
212,6,1.000000000e-04,-2.495164553e+08,342.965000,343.095100,0.000224,6.921285402e-06,2.503665e+08
212,7,1.000000000e-04,2.494590850e+08,343.095100,343.222800,0.000224,6.921285402e-06,2.501873e+08
212,8,1.000000000e-04,-2.494590850e+08,343.222800,343.350700,0.000224,6.921285402e-06,2.500096e+08
212,9,1.000000000e-04,2.495910438e+08,343.350700,343.478500,0.000224,6.921285402e-06,2.498319e+08
212,10,1.000000000e-04,-2.495910438e+08,343.478500,343.588000,0.000224,6.921285402e-06,2.496670e+08
212,11,1.000000000e-04,2.496585231e+08,343.588000,343.688100,0.000224,6.921285402e-06,2.495213e+08
212,12,1.000000000e-04,-2.496585231e+08,343.688100,343.763900,0.000224,6.921285402e-06,2.493991e+08
212,13,1.000000000e-04,2.496744334e+08,343.763900,343.816700,0.000224,6.921285402e-06,2.493097e+08
212,14,1.000000000e-04,-2.496744334e+08,343.816700,343.845000,0.000224,6.921285402e-06,2.492534e+08
212,15,1.000000000e-04,2.496672593e+08,343.845000,343.846000,0.000224,6.921285402e-06,2.492330e+08
212,16,1.000000000e-04,-2.496672593e+08,343.846000,343.823000,0.000224,6.921285402e-06,2.492483e+08
212,17,1.000000000e-04,2.496191479e+08,343.823000,343.774100,0.000224,6.921285402e-06,2.492982e+08
212,18,1.000000000e-04,-2.496191479e+08,343.774100,343.712300,0.000224,6.921285402e-06,2.493752e+08
212,19,1.000000000e-04,2.494738330e+08,343.712300,343.628500,0.000224,6.921285402e-06,2.494764e+08
212,20,1.000000000e-04,-2.494738330e+08,343.628500,343.533000,0.000224,6.921285402e-06,2.496010e+08
212,21,1.000000000e-04,2.494022558e+08,343.533000,343.434900,0.000223,6.921285402e-06,2.497355e+08
212,22,1.000000000e-04,-2.494022558e+08,343.434900,343.334100,0.000223,6.921285402e-06,2.498738e+08
212,23,1.000000000e-04,2.493683763e+08,343.334100,343.233300,0.000223,6.921285402e-06,2.500139e+08
212,24,1.000000000e-04,-2.493683763e+08,343.233300,343.134000,0.000223,6.921285402e-06,2.501530e+08
212,25,1.000000000e-04,2.492338918e+08,343.134000,343.038400,0.000223,6.921285402e-06,2.502884e+08
212,26,1.000000000e-04,-2.492338918e+08,343.038400,342.953000,0.000223,6.921285402e-06,2.504142e+08
212,27,1.000000000e-04,2.480717298e+08,342.953000,342.863000,0.000221,6.921285402e-06,2.505361e+08
212,28,1.000000000e-04,-2.480717298e+08,342.863000,342.780300,0.000221,6.921285402e-06,2.506561e+08
212,29,1.000000000e-04,2.297678170e+08,342.780300,342.700000,0.000190,6.921285402e-06,2.507695e+08
212,30,1.000000000e-04,-2.297678170e+08,342.700000,342.620000,0.000190,6.921285402e-06,2.508809e+08
212,31,1.000000000e-04,2.270674874e+08,342.620000,342.544900,0.000185,6.921285402e-06,2.509887e+08
212,32,1.000000000e-04,-2.270674874e+08,342.544900,342.467000,0.000185,6.921285402e-06,2.510950e+08
212,33,1.000000000e-04,2.268624958e+08,342.467000,342.393300,0.000185,6.921285402e-06,2.512004e+08
212,34,1.000000000e-04,-2.268624958e+08,342.393300,342.320500,0.000185,6.921285402e-06,2.513022e+08
212,35,1.000000000e-04,2.276648548e+08,342.320500,342.247700,0.000186,6.921285402e-06,2.514034e+08
212,36,1.000000000e-04,-2.276648548e+08,342.247700,342.183100,0.000186,6.921285402e-06,2.514989e+08
212,37,1.000000000e-04,2.354067968e+08,342.183100,342.130000,0.000199,6.921285402e-06,2.515807e+08
212,38,1.000000000e-04,-2.354067968e+08,342.130000,342.082000,0.000199,6.921285402e-06,2.516509e+08
212,39,1.000000000e-04,4.138028413e+08,342.082000,342.069000,0.000615,6.921285402e-06,2.516928e+08
213,0,1.000000000e-04,-2.122861066e+08,342.555000,342.578900,0.000162,6.921285402e-06,2.510102e+08
213,1,1.000000000e-04,5.126669458e+07,342.578900,342.642000,0.000009,6.921285402e-06,2.509500e+08
213,2,1.000000000e-04,-9.561286097e+07,342.642000,342.734700,0.000033,6.921285402e-06,2.508417e+08
213,3,1.000000000e-04,7.924760746e+07,342.734700,342.846000,0.000023,6.921285402e-06,2.506999e+08
213,4,1.000000000e-04,-8.374989576e+07,342.846000,342.971500,0.000025,6.921285402e-06,2.505353e+08
213,5,1.000000000e-04,8.210599607e+07,342.971500,343.110800,0.000024,6.921285402e-06,2.503513e+08
213,6,1.000000000e-04,-8.251720195e+07,343.110800,343.262000,0.000024,6.921285402e-06,2.501494e+08
213,7,1.000000000e-04,8.251627814e+07,343.262000,343.416700,0.000024,6.921285402e-06,2.499368e+08
213,8,1.000000000e-04,-8.238836724e+07,343.416700,343.583200,0.000024,6.921285402e-06,2.497135e+08
213,9,1.000000000e-04,8.290093464e+07,343.583200,343.737500,0.000025,6.921285402e-06,2.494906e+08
213,10,1.000000000e-04,-8.271058147e+07,343.737500,343.878900,0.000025,6.921285402e-06,2.492851e+08
213,11,1.000000000e-04,8.295942676e+07,343.878900,344.004600,0.000025,6.921285402e-06,2.490994e+08
213,12,1.000000000e-04,-8.288282644e+07,344.004600,344.101700,0.000025,6.921285402e-06,2.489446e+08
213,13,1.000000000e-04,8.294038242e+07,344.101700,344.163900,0.000025,6.921285402e-06,2.488339e+08
213,14,1.000000000e-04,-8.293233550e+07,344.163900,344.201000,0.000025,6.921285402e-06,2.487649e+08
213,15,1.000000000e-04,8.290696721e+07,344.201000,344.195000,0.000025,6.921285402e-06,2.487433e+08
213,16,1.000000000e-04,-8.295662104e+07,344.195000,344.165700,0.000025,6.921285402e-06,2.487678e+08
213,17,1.000000000e-04,8.278337399e+07,344.165700,344.093300,0.000025,6.921285402e-06,2.488385e+08
213,18,1.000000000e-04,-8.295963003e+07,344.093300,344.005900,0.000025,6.921285402e-06,2.489495e+08
213,19,1.000000000e-04,8.242785292e+07,344.005900,343.892000,0.000024,6.921285402e-06,2.490894e+08
213,20,1.000000000e-04,-8.262446960e+07,343.892000,343.766200,0.000025,6.921285402e-06,2.492560e+08
213,21,1.000000000e-04,8.236977997e+07,343.766200,343.640700,0.000024,6.921285402e-06,2.494307e+08
213,22,1.000000000e-04,-8.245564494e+07,343.640700,343.514300,0.000024,6.921285402e-06,2.496057e+08
213,23,1.000000000e-04,8.236687470e+07,343.514300,343.387900,0.000024,6.921285402e-06,2.497814e+08
213,24,1.000000000e-04,-8.244922608e+07,343.387900,343.266500,0.000024,6.921285402e-06,2.499537e+08
213,25,1.000000000e-04,8.220859079e+07,343.266500,343.156900,0.000024,6.921285402e-06,2.501142e+08
213,26,1.000000000e-04,-8.281883850e+07,343.156900,343.054400,0.000025,6.921285402e-06,2.502616e+08
213,27,1.000000000e-04,8.061848296e+07,343.054400,342.956300,0.000023,6.921285402e-06,2.504010e+08
213,28,1.000000000e-04,-8.655140484e+07,342.956300,342.869100,0.000027,6.921285402e-06,2.505298e+08
213,29,1.000000000e-04,6.502007286e+07,342.869100,342.780000,0.000015,6.921285402e-06,2.506524e+08
213,30,1.000000000e-04,-7.910994930e+07,342.780000,342.699100,0.000022,6.921285402e-06,2.507705e+08
213,31,1.000000000e-04,7.391768519e+07,342.699100,342.611000,0.000020,6.921285402e-06,2.508880e+08
213,32,1.000000000e-04,-7.531024602e+07,342.611000,342.531000,0.000020,6.921285402e-06,2.510048e+08
213,33,1.000000000e-04,7.493226682e+07,342.531000,342.451000,0.000020,6.921285402e-06,2.511160e+08
213,34,1.000000000e-04,-7.465881135e+07,342.451000,342.381000,0.000020,6.921285402e-06,2.512202e+08
213,35,1.000000000e-04,7.613061244e+07,342.381000,342.302900,0.000021,6.921285402e-06,2.513232e+08
213,36,1.000000000e-04,-7.204335466e+07,342.302900,342.238700,0.000019,6.921285402e-06,2.514221e+08
213,37,1.000000000e-04,8.692058466e+07,342.238700,342.178000,0.000027,6.921285402e-06,2.515089e+08
213,38,1.000000000e-04,-4.660592805e+07,342.178000,342.138100,0.000008,6.921285402e-06,2.515788e+08
213,39,1.000000000e-04,1.929873245e+08,342.138100,342.117000,0.000134,6.921285402e-06,2.516210e+08
214,0,1.000000000e-04,-4.452281816e+08,342.650000,342.674000,0.000712,6.921285402e-06,2.508775e+08
214,1,1.000000000e-04,2.540187436e+08,342.674000,342.745000,0.000232,6.921285402e-06,2.508120e+08
214,2,1.000000000e-04,-2.540187436e+08,342.745000,342.846000,0.000232,6.921285402e-06,2.506925e+08
214,3,1.000000000e-04,2.459254491e+08,342.846000,342.971500,0.000217,6.921285402e-06,2.505351e+08
214,4,1.000000000e-04,-2.459254491e+08,342.971500,343.120000,0.000217,6.921285402e-06,2.503446e+08
214,5,1.000000000e-04,2.451746267e+08,343.120000,343.291000,0.000216,6.921285402e-06,2.501226e+08
214,6,1.000000000e-04,-2.451746267e+08,343.291000,343.477500,0.000216,6.921285402e-06,2.498741e+08
214,7,1.000000000e-04,2.455115967e+08,343.477500,343.674000,0.000217,6.921285402e-06,2.496079e+08
214,8,1.000000000e-04,-2.455115967e+08,343.674000,343.882000,0.000217,6.921285402e-06,2.493268e+08
214,9,1.000000000e-04,2.471116435e+08,343.882000,344.087500,0.000219,6.921285402e-06,2.490394e+08
214,10,1.000000000e-04,-2.471116435e+08,344.087500,344.280500,0.000219,6.921285402e-06,2.487625e+08
214,11,1.000000000e-04,2.477725918e+08,344.280500,344.441500,0.000221,6.921285402e-06,2.485164e+08
214,12,1.000000000e-04,-2.477725918e+08,344.441500,344.569500,0.000221,6.921285402e-06,2.483156e+08
214,13,1.000000000e-04,2.479022582e+08,344.569500,344.660000,0.000221,6.921285402e-06,2.481637e+08
214,14,1.000000000e-04,-2.479022582e+08,344.660000,344.695000,0.000221,6.921285402e-06,2.480765e+08
214,15,1.000000000e-04,2.478495660e+08,344.695000,344.692000,0.000221,6.921285402e-06,2.480543e+08
214,16,1.000000000e-04,-2.478495660e+08,344.692000,344.633500,0.000221,6.921285402e-06,2.480970e+08
214,17,1.000000000e-04,2.474305992e+08,344.633500,344.541000,0.000220,6.921285402e-06,2.482020e+08
214,18,1.000000000e-04,-2.474305992e+08,344.541000,344.408500,0.000220,6.921285402e-06,2.483583e+08
214,19,1.000000000e-04,2.458216783e+08,344.408500,344.250000,0.000217,6.921285402e-06,2.485606e+08
214,20,1.000000000e-04,-2.458216783e+08,344.250000,344.078500,0.000217,6.921285402e-06,2.487899e+08
214,21,1.000000000e-04,2.451569786e+08,344.078500,343.898000,0.000216,6.921285402e-06,2.490346e+08
214,22,1.000000000e-04,-2.451569786e+08,343.898000,343.730000,0.000216,6.921285402e-06,2.492768e+08
214,23,1.000000000e-04,2.450039936e+08,343.730000,343.570000,0.000216,6.921285402e-06,2.495047e+08
214,24,1.000000000e-04,-2.450039936e+08,343.570000,343.422500,0.000216,6.921285402e-06,2.497185e+08
214,25,1.000000000e-04,2.448685359e+08,343.422500,343.297000,0.000215,6.921285402e-06,2.499082e+08
214,26,1.000000000e-04,-2.448685359e+08,343.297000,343.172500,0.000215,6.921285402e-06,2.500819e+08
214,27,1.000000000e-04,2.437724454e+08,343.172500,343.065500,0.000214,6.921285402e-06,2.502428e+08
214,28,1.000000000e-04,-2.437724454e+08,343.065500,342.966000,0.000214,6.921285402e-06,2.503864e+08
214,29,1.000000000e-04,2.256097382e+08,342.966000,342.865000,0.000183,6.921285402e-06,2.505257e+08
214,30,1.000000000e-04,-2.256097382e+08,342.865000,342.779000,0.000183,6.921285402e-06,2.506557e+08
214,31,1.000000000e-04,2.230234487e+08,342.779000,342.690000,0.000179,6.921285402e-06,2.507773e+08
214,32,1.000000000e-04,-2.230234487e+08,342.690000,342.605000,0.000179,6.921285402e-06,2.508983e+08
214,33,1.000000000e-04,2.228356289e+08,342.605000,342.525000,0.000178,6.921285402e-06,2.510129e+08
214,34,1.000000000e-04,-2.228356289e+08,342.525000,342.445000,0.000178,6.921285402e-06,2.511241e+08
214,35,1.000000000e-04,2.235597609e+08,342.445000,342.365500,0.000180,6.921285402e-06,2.512350e+08
214,36,1.000000000e-04,-2.235597609e+08,342.365500,342.297000,0.000180,6.921285402e-06,2.513378e+08
214,37,1.000000000e-04,2.309248245e+08,342.297000,342.236000,0.000192,6.921285402e-06,2.514278e+08
214,38,1.000000000e-04,-2.309248245e+08,342.236000,342.188000,0.000192,6.921285402e-06,2.515036e+08
214,39,1.000000000e-04,4.047523848e+08,342.188000,342.175000,0.000589,6.921285402e-06,2.515455e+08
215,0,1.000000000e-04,-2.094635519e+08,342.746000,342.770100,0.000158,6.921285402e-06,2.507446e+08
215,1,1.000000000e-04,5.087339362e+07,342.770100,342.849000,0.000009,6.921285402e-06,2.506732e+08
215,2,1.000000000e-04,-9.452291430e+07,342.849000,342.965000,0.000032,6.921285402e-06,2.505377e+08
215,3,1.000000000e-04,7.851498989e+07,342.965000,343.110800,0.000022,6.921285402e-06,2.503558e+08
215,4,1.000000000e-04,-8.285681855e+07,343.110800,343.291000,0.000025,6.921285402e-06,2.501292e+08
215,5,1.000000000e-04,8.149742833e+07,343.291000,343.488300,0.000024,6.921285402e-06,2.498669e+08
215,6,1.000000000e-04,-8.150007490e+07,343.488300,343.723400,0.000024,6.921285402e-06,2.495663e+08
215,7,1.000000000e-04,8.284887883e+07,343.723400,343.983900,0.000025,6.921285402e-06,2.492219e+08
215,8,1.000000000e-04,-8.103977292e+07,343.983900,344.261600,0.000024,6.921285402e-06,2.488478e+08
215,9,1.000000000e-04,8.692739262e+07,344.261600,344.541000,0.000027,6.921285402e-06,2.484607e+08
215,10,1.000000000e-04,-8.485675066e+07,344.541000,344.807300,0.000026,6.921285402e-06,2.480814e+08
215,11,1.000000000e-04,8.725169878e+07,344.807300,345.038100,0.000027,6.921285402e-06,2.477359e+08
215,12,1.000000000e-04,-8.653768438e+07,345.038100,345.208300,0.000027,6.921285402e-06,2.474572e+08
215,13,1.000000000e-04,8.699879384e+07,345.208300,345.327800,0.000027,6.921285402e-06,2.472559e+08
215,14,1.000000000e-04,-8.692986654e+07,345.327800,345.379000,0.000027,6.921285402e-06,2.471372e+08
215,15,1.000000000e-04,8.674446628e+07,345.379000,345.359900,0.000027,6.921285402e-06,2.471149e+08
215,16,1.000000000e-04,-8.716647146e+07,345.359900,345.278900,0.000027,6.921285402e-06,2.471845e+08
215,17,1.000000000e-04,8.566385100e+07,345.278900,345.134100,0.000026,6.921285402e-06,2.473414e+08
215,18,1.000000000e-04,-8.751548274e+07,345.134100,344.943400,0.000028,6.921285402e-06,2.475746e+08
215,19,1.000000000e-04,8.161157625e+07,344.943400,344.711000,0.000024,6.921285402e-06,2.478687e+08
215,20,1.000000000e-04,-8.368858012e+07,344.711000,344.463600,0.000025,6.921285402e-06,2.482021e+08
215,21,1.000000000e-04,8.128447114e+07,344.463600,344.217900,0.000024,6.921285402e-06,2.485448e+08
215,22,1.000000000e-04,-8.201629088e+07,344.217900,343.989400,0.000024,6.921285402e-06,2.488744e+08
215,23,1.000000000e-04,8.149312091e+07,343.989400,343.786300,0.000024,6.921285402e-06,2.491744e+08
215,24,1.000000000e-04,-8.169921221e+07,343.786300,343.602000,0.000024,6.921285402e-06,2.494436e+08
215,25,1.000000000e-04,8.139801695e+07,343.602000,343.440900,0.000024,6.921285402e-06,2.496837e+08
215,26,1.000000000e-04,-8.201931740e+07,343.440900,343.302300,0.000024,6.921285402e-06,2.498919e+08
215,27,1.000000000e-04,7.983531087e+07,343.302300,343.175700,0.000023,6.921285402e-06,2.500763e+08
215,28,1.000000000e-04,-8.575220926e+07,343.175700,343.063000,0.000026,6.921285402e-06,2.502426e+08
215,29,1.000000000e-04,6.426862224e+07,343.063000,342.955500,0.000015,6.921285402e-06,2.503956e+08
215,30,1.000000000e-04,-7.833671995e+07,342.955500,342.859000,0.000022,6.921285402e-06,2.505374e+08
215,31,1.000000000e-04,7.318382583e+07,342.859000,342.763000,0.000019,6.921285402e-06,2.506712e+08
215,32,1.000000000e-04,-7.456537438e+07,342.763000,342.676000,0.000020,6.921285402e-06,2.507984e+08
215,33,1.000000000e-04,7.419207430e+07,342.676000,342.589000,0.000020,6.921285402e-06,2.509193e+08
215,34,1.000000000e-04,-7.392921751e+07,342.589000,342.508500,0.000020,6.921285402e-06,2.510357e+08
215,35,1.000000000e-04,7.535394475e+07,342.508500,342.428100,0.000020,6.921285402e-06,2.511475e+08
215,36,1.000000000e-04,-7.135200685e+07,342.428100,342.355300,0.000018,6.921285402e-06,2.512540e+08
215,37,1.000000000e-04,8.593503120e+07,342.355300,342.291300,0.000027,6.921285402e-06,2.513491e+08
215,38,1.000000000e-04,-4.624516016e+07,342.291300,342.245100,0.000008,6.921285402e-06,2.514257e+08
215,39,1.000000000e-04,1.904216200e+08,342.245100,342.223000,0.000130,6.921285402e-06,2.514730e+08
216,0,1.000000000e-04,-4.434994197e+08,342.842000,342.874000,0.000707,6.921285402e-06,2.506050e+08
216,1,1.000000000e-04,2.534612971e+08,342.874000,342.961000,0.000231,6.921285402e-06,2.505229e+08
216,2,1.000000000e-04,-2.534612971e+08,342.961000,343.095100,0.000231,6.921285402e-06,2.503692e+08
216,3,1.000000000e-04,2.455142433e+08,343.095100,343.262000,0.000217,6.921285402e-06,2.501601e+08
216,4,1.000000000e-04,-2.455142433e+08,343.262000,343.477500,0.000217,6.921285402e-06,2.498943e+08
216,5,1.000000000e-04,2.451719801e+08,343.477500,343.723400,0.000216,6.921285402e-06,2.495736e+08
216,6,1.000000000e-04,-2.451719801e+08,343.723400,344.027600,0.000216,6.921285402e-06,2.491913e+08
216,7,1.000000000e-04,2.484237664e+08,344.027600,344.373400,0.000222,6.921285402e-06,2.487395e+08
216,8,1.000000000e-04,-2.484237664e+08,344.373400,344.753500,0.000222,6.921285402e-06,2.482350e+08
216,9,1.000000000e-04,2.664944506e+08,344.753500,345.159000,0.000255,6.921285402e-06,2.476890e+08
216,10,1.000000000e-04,-2.664944506e+08,345.159000,345.541500,0.000255,6.921285402e-06,2.471413e+08
216,11,1.000000000e-04,2.726286383e+08,345.541500,345.866600,0.000267,6.921285402e-06,2.466496e+08
216,12,1.000000000e-04,-2.726286383e+08,345.866600,346.110300,0.000267,6.921285402e-06,2.462542e+08
216,13,1.000000000e-04,2.735604681e+08,346.110300,346.273300,0.000269,6.921285402e-06,2.459716e+08
216,14,1.000000000e-04,-2.735604681e+08,346.273300,346.334000,0.000269,6.921285402e-06,2.458161e+08
216,15,1.000000000e-04,2.732246371e+08,346.334000,346.305600,0.000268,6.921285402e-06,2.457937e+08
216,16,1.000000000e-04,-2.732246371e+08,346.305600,346.180100,0.000268,6.921285402e-06,2.459006e+08
216,17,1.000000000e-04,2.699067590e+08,346.180100,345.964700,0.000262,6.921285402e-06,2.461376e+08
216,18,1.000000000e-04,-2.699067590e+08,345.964700,345.676500,0.000262,6.921285402e-06,2.464876e+08
216,19,1.000000000e-04,2.518286896e+08,345.676500,345.329000,0.000228,6.921285402e-06,2.469294e+08
216,20,1.000000000e-04,-2.518286896e+08,345.329000,344.962500,0.000228,6.921285402e-06,2.474256e+08
216,21,1.000000000e-04,2.456857769e+08,344.962500,344.609500,0.000217,6.921285402e-06,2.479257e+08
216,22,1.000000000e-04,-2.456857769e+08,344.609500,344.295700,0.000217,6.921285402e-06,2.483891e+08
216,23,1.000000000e-04,2.446839932e+08,344.295700,344.022100,0.000215,6.921285402e-06,2.487974e+08
216,24,1.000000000e-04,-2.446839932e+08,344.022100,343.794000,0.000215,6.921285402e-06,2.491461e+08
216,25,1.000000000e-04,2.444420615e+08,343.794000,343.599300,0.000215,6.921285402e-06,2.494399e+08
216,26,1.000000000e-04,-2.444420615e+08,343.599300,343.435100,0.000215,6.921285402e-06,2.496893e+08
216,27,1.000000000e-04,2.433403248e+08,343.435100,343.285000,0.000213,6.921285402e-06,2.499078e+08
216,28,1.000000000e-04,-2.433403248e+08,343.285000,343.159700,0.000213,6.921285402e-06,2.500992e+08
216,29,1.000000000e-04,2.251895896e+08,343.159700,343.047000,0.000182,6.921285402e-06,2.502646e+08
216,30,1.000000000e-04,-2.251895896e+08,343.047000,342.939000,0.000182,6.921285402e-06,2.504180e+08
216,31,1.000000000e-04,2.226139490e+08,342.939000,342.838100,0.000178,6.921285402e-06,2.505632e+08
216,32,1.000000000e-04,-2.226139490e+08,342.838100,342.742100,0.000178,6.921285402e-06,2.507000e+08
216,33,1.000000000e-04,2.224272602e+08,342.742100,342.653700,0.000178,6.921285402e-06,2.508282e+08
216,34,1.000000000e-04,-2.224272602e+08,342.653700,342.564500,0.000178,6.921285402e-06,2.509516e+08
216,35,1.000000000e-04,2.231372424e+08,342.564500,342.483300,0.000179,6.921285402e-06,2.510701e+08
216,36,1.000000000e-04,-2.231372424e+08,342.483300,342.410900,0.000179,6.921285402e-06,2.511768e+08
216,37,1.000000000e-04,2.304124673e+08,342.410900,342.342000,0.000191,6.921285402e-06,2.512750e+08
216,38,1.000000000e-04,-2.304124673e+08,342.342000,342.294000,0.000191,6.921285402e-06,2.513563e+08
216,39,1.000000000e-04,4.031792553e+08,342.294000,342.271000,0.000584,6.921285402e-06,2.514051e+08
217,0,1.000000000e-04,-2.089538388e+08,342.938000,342.973300,0.000157,6.921285402e-06,2.504700e+08
217,1,1.000000000e-04,5.089092643e+07,342.973300,343.072100,0.000009,6.921285402e-06,2.503769e+08
217,2,1.000000000e-04,-9.435172724e+07,343.072100,343.222800,0.000032,6.921285402e-06,2.502035e+08
217,3,1.000000000e-04,7.857143637e+07,343.222800,343.416700,0.000022,6.921285402e-06,2.499640e+08
217,4,1.000000000e-04,-8.251892471e+07,343.416700,343.674000,0.000024,6.921285402e-06,2.496504e+08
217,5,1.000000000e-04,8.250926222e+07,343.674000,343.983900,0.000024,6.921285402e-06,2.492562e+08
217,6,1.000000000e-04,-7.959709249e+07,343.983900,344.373400,0.000023,6.921285402e-06,2.487701e+08
217,7,1.000000000e-04,9.125543390e+07,344.373400,344.837200,0.000030,6.921285402e-06,2.481771e+08
217,8,1.000000000e-04,-7.174206932e+07,344.837200,345.382600,0.000018,6.921285402e-06,2.474757e+08
217,9,1.000000000e-04,1.381371862e+08,345.382600,345.976000,0.000069,6.921285402e-06,2.466842e+08
217,10,1.000000000e-04,-1.160029563e+08,345.976000,346.552700,0.000048,6.921285402e-06,2.458710e+08
217,11,1.000000000e-04,1.381447592e+08,346.552700,347.027700,0.000069,6.921285402e-06,2.451400e+08
217,12,1.000000000e-04,-1.317927560e+08,347.027700,347.374700,0.000062,6.921285402e-06,2.445688e+08
217,13,1.000000000e-04,1.350589657e+08,347.374700,347.597400,0.000066,6.921285402e-06,2.441728e+08
217,14,1.000000000e-04,-1.345318942e+08,347.597400,347.677000,0.000065,6.921285402e-06,2.439627e+08
217,15,1.000000000e-04,1.333739704e+08,347.677000,347.629400,0.000064,6.921285402e-06,2.439405e+08
217,16,1.000000000e-04,-1.366056743e+08,347.629400,347.445700,0.000067,6.921285402e-06,2.441012e+08
217,17,1.000000000e-04,1.248367826e+08,347.445700,347.133700,0.000056,6.921285402e-06,2.444457e+08
217,18,1.000000000e-04,-1.443810983e+08,347.133700,346.693400,0.000075,6.921285402e-06,2.449686e+08
217,19,1.000000000e-04,7.797272707e+07,346.693400,346.154500,0.000022,6.921285402e-06,2.456492e+08
217,20,1.000000000e-04,-1.001167053e+08,346.154500,345.594600,0.000036,6.921285402e-06,2.464128e+08
217,21,1.000000000e-04,7.794916363e+07,345.594600,345.083300,0.000022,6.921285402e-06,2.471573e+08
217,22,1.000000000e-04,-8.436204034e+07,345.083300,344.651500,0.000026,6.921285402e-06,2.478128e+08
217,23,1.000000000e-04,8.087807516e+07,344.651500,344.291900,0.000024,6.921285402e-06,2.483628e+08
217,24,1.000000000e-04,-8.191569929e+07,344.291900,343.999000,0.000024,6.921285402e-06,2.488163e+08
217,25,1.000000000e-04,8.124916796e+07,343.999000,343.760400,0.000024,6.921285402e-06,2.491857e+08
217,26,1.000000000e-04,-8.197153592e+07,343.760400,343.567900,0.000024,6.921285402e-06,2.494853e+08
217,27,1.000000000e-04,7.974859543e+07,343.567900,343.401000,0.000023,6.921285402e-06,2.497351e+08
217,28,1.000000000e-04,-8.567519151e+07,343.401000,343.256300,0.000026,6.921285402e-06,2.499516e+08
217,29,1.000000000e-04,6.419174768e+07,343.256300,343.131500,0.000015,6.921285402e-06,2.501390e+08
217,30,1.000000000e-04,-7.825900318e+07,343.131500,343.018000,0.000022,6.921285402e-06,2.503046e+08
217,31,1.000000000e-04,7.310933467e+07,343.018000,342.910900,0.000019,6.921285402e-06,2.504579e+08
217,32,1.000000000e-04,-7.449011550e+07,342.910900,342.813100,0.000020,6.921285402e-06,2.506003e+08
217,33,1.000000000e-04,7.411666068e+07,342.813100,342.715000,0.000020,6.921285402e-06,2.507364e+08
217,34,1.000000000e-04,-7.385622402e+07,342.715000,342.625500,0.000020,6.921285402e-06,2.508668e+08
217,35,1.000000000e-04,7.527142549e+07,342.625500,342.537000,0.000020,6.921285402e-06,2.509905e+08
217,36,1.000000000e-04,-7.128815635e+07,342.537000,342.461900,0.000018,6.921285402e-06,2.511042e+08
217,37,1.000000000e-04,8.580603145e+07,342.461900,342.397000,0.000026,6.921285402e-06,2.512015e+08
217,38,1.000000000e-04,-4.624870345e+07,342.397000,342.342000,0.000008,6.921285402e-06,2.512849e+08
217,39,1.000000000e-04,1.899601403e+08,342.342000,342.326000,0.000130,6.921285402e-06,2.513341e+08
218,0,1.000000000e-04,-4.432068619e+08,343.034000,343.070000,0.000706,6.921285402e-06,2.503354e+08
218,1,1.000000000e-04,2.534079747e+08,343.070000,343.186300,0.000231,6.921285402e-06,2.502301e+08
218,2,1.000000000e-04,-2.534079747e+08,343.186300,343.350700,0.000231,6.921285402e-06,2.500350e+08
218,3,1.000000000e-04,2.456421542e+08,343.350700,343.583200,0.000217,6.921285402e-06,2.497592e+08
218,4,1.000000000e-04,-2.456421542e+08,343.583200,343.882000,0.000217,6.921285402e-06,2.493899e+08
218,5,1.000000000e-04,2.469810860e+08,343.882000,344.261600,0.000219,6.921285402e-06,2.489184e+08
218,6,1.000000000e-04,-2.469810860e+08,344.261600,344.753500,0.000219,6.921285402e-06,2.483127e+08
218,7,1.000000000e-04,2.679371310e+08,344.753500,345.382600,0.000258,6.921285402e-06,2.475336e+08
218,8,1.000000000e-04,-2.679371310e+08,345.382600,346.165200,0.000258,6.921285402e-06,2.465525e+08
218,9,1.000000000e-04,4.737993200e+08,346.165200,347.103000,0.000807,6.921285402e-06,2.453561e+08
218,10,1.000000000e-04,-4.737993200e+08,347.103000,348.016900,0.000807,6.921285402e-06,2.440692e+08
218,11,1.000000000e-04,5.277461107e+08,348.016900,348.722400,0.001001,6.921285402e-06,2.429435e+08
218,12,1.000000000e-04,-5.277461107e+08,348.722400,349.211800,0.001001,6.921285402e-06,2.421130e+08
218,13,1.000000000e-04,5.330000449e+08,349.211800,349.503200,0.001021,6.921285402e-06,2.415704e+08
218,14,1.000000000e-04,-5.330000449e+08,349.503200,349.602000,0.001021,6.921285402e-06,2.412992e+08
218,15,1.000000000e-04,5.314088130e+08,349.602000,349.543300,0.001015,6.921285402e-06,2.412713e+08
218,16,1.000000000e-04,-5.314088130e+08,349.543300,349.282800,0.001015,6.921285402e-06,2.414931e+08
218,17,1.000000000e-04,5.104271438e+08,349.282800,348.828400,0.000936,6.921285402e-06,2.419901e+08
218,18,1.000000000e-04,-5.104271438e+08,348.828400,348.163900,0.000936,6.921285402e-06,2.427677e+08
218,19,1.000000000e-04,3.045600223e+08,348.163900,347.278000,0.000333,6.921285402e-06,2.438460e+08
218,20,1.000000000e-04,-3.045600223e+08,347.278000,346.377200,0.000333,6.921285402e-06,2.450877e+08
218,21,1.000000000e-04,2.505896232e+08,346.377200,345.633600,0.000226,6.921285402e-06,2.462307e+08
218,22,1.000000000e-04,-2.505896232e+08,345.633600,345.039200,0.000226,6.921285402e-06,2.471606e+08
218,23,1.000000000e-04,2.451060471e+08,345.039200,344.570500,0.000216,6.921285402e-06,2.478995e+08
218,24,1.000000000e-04,-2.451060471e+08,344.570500,344.216000,0.000216,6.921285402e-06,2.484716e+08
218,25,1.000000000e-04,2.444418456e+08,344.216000,343.925100,0.000215,6.921285402e-06,2.489202e+08
218,26,1.000000000e-04,-2.444418456e+08,343.925100,343.700700,0.000215,6.921285402e-06,2.492783e+08
218,27,1.000000000e-04,2.433007844e+08,343.700700,343.510300,0.000213,6.921285402e-06,2.495666e+08
218,28,1.000000000e-04,-2.433007844e+08,343.510300,343.353000,0.000213,6.921285402e-06,2.498083e+08
218,29,1.000000000e-04,2.251475055e+08,343.353000,343.215000,0.000182,6.921285402e-06,2.500135e+08
218,30,1.000000000e-04,-2.251475055e+08,343.215000,343.089000,0.000182,6.921285402e-06,2.501970e+08
218,31,1.000000000e-04,2.225725084e+08,343.089000,342.977000,0.000178,6.921285402e-06,2.503624e+08
218,32,1.000000000e-04,-2.225725084e+08,342.977000,342.868700,0.000178,6.921285402e-06,2.505155e+08
218,33,1.000000000e-04,2.223857220e+08,342.868700,342.772000,0.000178,6.921285402e-06,2.506580e+08
218,34,1.000000000e-04,-2.223857220e+08,342.772000,342.677000,0.000178,6.921285402e-06,2.507912e+08
218,35,1.000000000e-04,2.230928399e+08,342.677000,342.592000,0.000179,6.921285402e-06,2.509163e+08
218,36,1.000000000e-04,-2.230928399e+08,342.592000,342.512000,0.000179,6.921285402e-06,2.510310e+08
218,37,1.000000000e-04,2.303485183e+08,342.512000,342.445000,0.000191,6.921285402e-06,2.511332e+08
218,38,1.000000000e-04,-2.303485183e+08,342.445000,342.390000,0.000191,6.921285402e-06,2.512179e+08
218,39,1.000000000e-04,4.029100096e+08,342.390000,342.367000,0.000583,6.921285402e-06,2.512717e+08
219,0,1.000000000e-04,-2.088586194e+08,343.125000,343.166000,0.000157,6.921285402e-06,2.502061e+08
219,1,1.000000000e-04,5.093284468e+07,343.166000,343.286500,0.000009,6.921285402e-06,2.500940e+08
219,2,1.000000000e-04,-9.423503614e+07,343.286500,343.478500,0.000032,6.921285402e-06,2.498768e+08
219,3,1.000000000e-04,7.895204501e+07,343.478500,343.737500,0.000022,6.921285402e-06,2.495634e+08
219,4,1.000000000e-04,-8.143144534e+07,343.737500,344.087500,0.000024,6.921285402e-06,2.491401e+08
219,5,1.000000000e-04,8.679683514e+07,344.087500,344.541000,0.000027,6.921285402e-06,2.485817e+08
219,6,1.000000000e-04,-6.741402804e+07,344.541000,345.159000,0.000016,6.921285402e-06,2.478370e+08
219,7,1.000000000e-04,1.395798667e+08,345.159000,345.976000,0.000070,6.921285402e-06,2.468396e+08
219,8,1.000000000e-04,6.772500272e+07,345.976000,347.103000,0.000016,6.921285402e-06,2.454886e+08
219,9,1.000000000e-04,6.893286362e+08,347.103000,348.887500,0.001707,6.921285402e-06,2.434631e+08
219,10,1.000000000e-04,-1.256588800e+08,348.887500,350.652000,0.000057,6.921285402e-06,2.409985e+08
219,11,1.000000000e-04,3.193042400e+08,350.652000,351.685000,0.000366,6.921285402e-06,2.390538e+08
219,12,1.000000000e-04,-2.664555182e+08,351.685000,352.353500,0.000255,6.921285402e-06,2.378714e+08
219,13,1.000000000e-04,2.842050455e+08,352.353500,352.735500,0.000290,6.921285402e-06,2.371413e+08
219,14,1.000000000e-04,-2.810694146e+08,352.735500,352.865000,0.000284,6.921285402e-06,2.367858e+08
219,15,1.000000000e-04,2.758624109e+08,352.865000,352.773000,0.000273,6.921285402e-06,2.367598e+08
219,16,1.000000000e-04,-2.952036082e+08,352.773000,352.427500,0.000313,6.921285402e-06,2.370638e+08
219,17,1.000000000e-04,2.230458228e+08,352.427500,351.797500,0.000179,6.921285402e-06,2.377419e+08
219,18,1.000000000e-04,-4.303502978e+08,351.797500,350.800000,0.000665,6.921285402e-06,2.388724e+08
219,19,1.000000000e-04,-3.267098169e+08,350.800000,349.075000,0.000383,6.921285402e-06,2.407649e+08
219,20,1.000000000e-04,-2.369787319e+08,349.075000,347.320500,0.000202,6.921285402e-06,2.431834e+08
219,21,1.000000000e-04,4.326467727e+07,347.320500,346.233500,0.000007,6.921285402e-06,2.451585e+08
219,22,1.000000000e-04,-9.630577571e+07,346.233500,345.445000,0.000033,6.921285402e-06,2.464619e+08
219,23,1.000000000e-04,7.785543653e+07,345.445000,344.859000,0.000022,6.921285402e-06,2.474172e+08
219,24,1.000000000e-04,-8.296559007e+07,344.859000,344.425000,0.000025,6.921285402e-06,2.481261e+08
219,25,1.000000000e-04,8.097531512e+07,344.425000,344.087500,0.000024,6.921285402e-06,2.486623e+08
219,26,1.000000000e-04,-8.205820991e+07,344.087500,343.825000,0.000024,6.921285402e-06,2.490793e+08
219,27,1.000000000e-04,7.971690568e+07,343.825000,343.614000,0.000023,6.921285402e-06,2.494084e+08
219,28,1.000000000e-04,-8.567567228e+07,343.614000,343.435500,0.000026,6.921285402e-06,2.496791e+08
219,29,1.000000000e-04,6.418191012e+07,343.435500,343.290000,0.000015,6.921285402e-06,2.499043e+08
219,30,1.000000000e-04,-7.825190800e+07,343.290000,343.153000,0.000022,6.921285402e-06,2.501006e+08
219,31,1.000000000e-04,7.310158830e+07,343.153000,343.037500,0.000019,6.921285402e-06,2.502761e+08
219,32,1.000000000e-04,-7.448259091e+07,343.037500,342.927000,0.000020,6.921285402e-06,2.504331e+08
219,33,1.000000000e-04,7.410890017e+07,342.927000,342.822000,0.000020,6.921285402e-06,2.505829e+08
219,34,1.000000000e-04,-7.384900533e+07,342.822000,342.725000,0.000020,6.921285402e-06,2.507233e+08
219,35,1.000000000e-04,7.526227544e+07,342.725000,342.639500,0.000020,6.921285402e-06,2.508501e+08
219,36,1.000000000e-04,-7.128274829e+07,342.639500,342.555000,0.000018,6.921285402e-06,2.509683e+08
219,37,1.000000000e-04,8.578758678e+07,342.555000,342.483000,0.000026,6.921285402e-06,2.510771e+08
219,38,1.000000000e-04,-4.625524752e+07,342.483000,342.432500,0.000008,6.921285402e-06,2.511622e+08
219,39,1.000000000e-04,1.898797661e+08,342.432500,342.410000,0.000130,6.921285402e-06,2.512128e+08
220,0,1.000000000e-04,-2.088403503e+08,343.268000,343.316000,0.000157,6.921285402e-06,2.500024e+08
220,1,1.000000000e-04,5.095298234e+07,343.316000,343.462900,0.000009,6.921285402e-06,2.498672e+08
220,2,1.000000000e-04,-9.418862879e+07,343.462900,343.688100,0.000032,6.921285402e-06,2.496085e+08
220,3,1.000000000e-04,7.913341098e+07,343.688100,344.004600,0.000022,6.921285402e-06,2.492320e+08
220,4,1.000000000e-04,-8.101934228e+07,344.004600,344.441500,0.000024,6.921285402e-06,2.487084e+08
220,5,1.000000000e-04,8.853083490e+07,344.441500,345.038100,0.000028,6.921285402e-06,2.479901e+08
220,6,1.000000000e-04,-6.367478840e+07,345.038100,345.866600,0.000015,6.921285402e-06,2.469997e+08
220,7,1.000000000e-04,1.555874818e+08,345.866600,347.027700,0.000087,6.921285402e-06,2.456169e+08
220,8,1.000000000e-04,9.952999056e+07,347.027700,348.722400,0.000036,6.921285402e-06,2.436321e+08
220,9,1.000000000e-04,8.290272055e+08,348.722400,351.685000,0.002469,6.921285402e-06,2.403924e+08
220,10,1.000000000e-04,-2.151880686e+08,351.685000,354.621600,0.000166,6.921285402e-06,2.362952e+08
220,11,1.000000000e-04,4.380073941e+08,354.621600,356.201400,0.000689,6.921285402e-06,2.331557e+08
220,12,1.000000000e-04,-3.769801221e+08,356.201400,357.179300,0.000511,6.921285402e-06,2.313783e+08
220,13,1.000000000e-04,3.982698847e+08,357.179300,357.720600,0.000570,6.921285402e-06,2.303224e+08
220,14,1.000000000e-04,-3.946769098e+08,357.720600,357.891500,0.000560,6.921285402e-06,2.298274e+08
220,15,1.000000000e-04,3.877590467e+08,357.891500,357.762600,0.000540,6.921285402e-06,2.297983e+08
220,16,1.000000000e-04,-4.124528660e+08,357.762600,357.253300,0.000611,6.921285402e-06,2.302417e+08
220,17,1.000000000e-04,3.205954520e+08,357.253300,356.317400,0.000369,6.921285402e-06,2.312464e+08
220,18,1.000000000e-04,-5.757000583e+08,356.317400,354.769600,0.001191,6.921285402e-06,2.329716e+08
220,19,1.000000000e-04,-3.528609529e+08,354.769600,351.875000,0.000447,6.921285402e-06,2.360600e+08
220,20,1.000000000e-04,-2.610019648e+08,351.875000,348.945400,0.000245,6.921285402e-06,2.401080e+08
220,21,1.000000000e-04,3.809133107e+07,348.945400,347.291700,0.000005,6.921285402e-06,2.432937e+08
220,22,1.000000000e-04,-9.937293336e+07,347.291700,346.162600,0.000035,6.921285402e-06,2.452277e+08
220,23,1.000000000e-04,7.715715793e+07,346.162600,345.363400,0.000021,6.921285402e-06,2.465679e+08
220,24,1.000000000e-04,-8.331738295e+07,345.363400,344.795000,0.000025,6.921285402e-06,2.475184e+08
220,25,1.000000000e-04,8.089225830e+07,344.795000,344.364300,0.000024,6.921285402e-06,2.482128e+08
220,26,1.000000000e-04,-8.209570774e+07,344.364300,344.040200,0.000024,6.921285402e-06,2.487373e+08
220,27,1.000000000e-04,7.970703463e+07,344.040200,343.793000,0.000023,6.921285402e-06,2.491344e+08
220,28,1.000000000e-04,-8.567888053e+07,343.793000,343.589700,0.000026,6.921285402e-06,2.494475e+08
220,29,1.000000000e-04,6.418017005e+07,343.589700,343.419500,0.000015,6.921285402e-06,2.497071e+08
220,30,1.000000000e-04,-7.825152643e+07,343.419500,343.273000,0.000022,6.921285402e-06,2.499272e+08
220,31,1.000000000e-04,7.310072107e+07,343.273000,343.145000,0.000019,6.921285402e-06,2.501180e+08
220,32,1.000000000e-04,-7.448186851e+07,343.145000,343.023000,0.000020,6.921285402e-06,2.502917e+08
220,33,1.000000000e-04,7.410808412e+07,343.023000,342.911000,0.000020,6.921285402e-06,2.504543e+08
220,34,1.000000000e-04,-7.384830720e+07,342.911000,342.814000,0.000020,6.921285402e-06,2.505996e+08
220,35,1.000000000e-04,7.526119925e+07,342.814000,342.718000,0.000020,6.921285402e-06,2.507337e+08
220,36,1.000000000e-04,-7.128237670e+07,342.718000,342.629000,0.000018,6.921285402e-06,2.508623e+08
220,37,1.000000000e-04,8.578477485e+07,342.629000,342.562000,0.000026,6.921285402e-06,2.509707e+08
220,38,1.000000000e-04,-4.625690289e+07,342.562000,342.507000,0.000008,6.921285402e-06,2.510555e+08
220,39,1.000000000e-04,1.898659926e+08,342.507000,342.484000,0.000130,6.921285402e-06,2.511096e+08
221,0,1.000000000e-04,-2.088371218e+08,343.368000,343.416000,0.000157,6.921285402e-06,2.498634e+08
221,1,1.000000000e-04,5.095811538e+07,343.416000,343.571300,0.000009,6.921285402e-06,2.497223e+08
221,2,1.000000000e-04,-9.417880376e+07,343.571300,343.816700,0.000032,6.921285402e-06,2.494438e+08
221,3,1.000000000e-04,7.917505665e+07,343.816700,344.163900,0.000023,6.921285402e-06,2.490320e+08
221,4,1.000000000e-04,-8.094723190e+07,344.163900,344.660000,0.000024,6.921285402e-06,2.484459e+08
221,5,1.000000000e-04,8.886227800e+07,344.660000,345.327800,0.000028,6.921285402e-06,2.476369e+08
221,6,1.000000000e-04,-6.320406807e+07,345.327800,346.273300,0.000014,6.921285402e-06,2.465157e+08
221,7,1.000000000e-04,1.579218617e+08,346.273300,347.597400,0.000090,6.921285402e-06,2.449383e+08
221,8,1.000000000e-04,1.015177152e+08,347.597400,349.503200,0.000037,6.921285402e-06,2.426935e+08
221,9,1.000000000e-04,8.415227986e+08,349.503200,352.735500,0.002544,6.921285402e-06,2.391196e+08
221,10,1.000000000e-04,-2.231777735e+08,352.735500,355.931800,0.000179,6.921285402e-06,2.346545e+08
221,11,1.000000000e-04,4.495373342e+08,355.931800,357.720600,0.000726,6.921285402e-06,2.311892e+08
221,12,1.000000000e-04,-3.874909036e+08,357.720600,358.836700,0.000539,6.921285402e-06,2.291705e+08
221,13,1.000000000e-04,4.093170655e+08,358.836700,359.466100,0.000602,6.921285402e-06,2.279573e+08
221,14,1.000000000e-04,-4.056704507e+08,359.466100,359.663000,0.000591,6.921285402e-06,2.273831e+08
221,15,1.000000000e-04,3.984307480e+08,359.663000,359.500000,0.000570,6.921285402e-06,2.273595e+08
221,16,1.000000000e-04,-4.239037507e+08,359.500000,358.917700,0.000646,6.921285402e-06,2.278774e+08
221,17,1.000000000e-04,3.292514426e+08,358.917700,357.839600,0.000389,6.921285402e-06,2.290317e+08
221,18,1.000000000e-04,-5.886754672e+08,357.839600,356.089800,0.001245,6.921285402e-06,2.309961e+08
221,19,1.000000000e-04,-3.543683231e+08,356.089800,352.930500,0.000451,6.921285402e-06,2.344089e+08
221,20,1.000000000e-04,-2.640018154e+08,352.930500,349.744200,0.000250,6.921285402e-06,2.388193e+08
221,21,1.000000000e-04,3.754507761e+07,349.744200,347.871100,0.000005,6.921285402e-06,2.423359e+08
221,22,1.000000000e-04,-9.986006394e+07,347.871100,346.579300,0.000036,6.921285402e-06,2.445354e+08
221,23,1.000000000e-04,7.705685637e+07,346.579300,345.665800,0.000021,6.921285402e-06,2.460681e+08
221,24,1.000000000e-04,-8.338435134e+07,345.665800,345.020000,0.000025,6.921285402e-06,2.471518e+08
221,25,1.000000000e-04,8.087757905e+07,345.020000,344.542000,0.000024,6.921285402e-06,2.479329e+08
221,26,1.000000000e-04,-8.210400661e+07,344.542000,344.186000,0.000024,6.921285402e-06,2.485125e+08
221,27,1.000000000e-04,7.970506864e+07,344.186000,343.905700,0.000023,6.921285402e-06,2.489547e+08
221,28,1.000000000e-04,-8.567978248e+07,343.905700,343.690000,0.000026,6.921285402e-06,2.492995e+08
221,29,1.000000000e-04,6.417986507e+07,343.690000,343.508000,0.000015,6.921285402e-06,2.495759e+08
221,30,1.000000000e-04,-7.825155686e+07,343.508000,343.350000,0.000022,6.921285402e-06,2.498122e+08
221,31,1.000000000e-04,7.310061679e+07,343.350000,343.215700,0.000019,6.921285402e-06,2.500153e+08
221,32,1.000000000e-04,-7.448180396e+07,343.215700,343.097000,0.000020,6.921285402e-06,2.501911e+08
221,33,1.000000000e-04,7.410799534e+07,343.097000,342.985000,0.000020,6.921285402e-06,2.503515e+08
221,34,1.000000000e-04,-7.384824233e+07,342.985000,342.878000,0.000020,6.921285402e-06,2.505037e+08
221,35,1.000000000e-04,7.526106300e+07,342.878000,342.773900,0.000020,6.921285402e-06,2.506504e+08
221,36,1.000000000e-04,-7.128236843e+07,342.773900,342.693000,0.000018,6.921285402e-06,2.507790e+08
221,37,1.000000000e-04,8.578432604e+07,342.693000,342.616000,0.000026,6.921285402e-06,2.508887e+08
221,38,1.000000000e-04,-4.625723519e+07,342.616000,342.561000,0.000008,6.921285402e-06,2.509805e+08
221,39,1.000000000e-04,1.898636410e+08,342.561000,342.538000,0.000130,6.921285402e-06,2.510345e+08
222,0,1.000000000e-04,-2.088368618e+08,343.399000,343.447000,0.000157,6.921285402e-06,2.498203e+08
222,1,1.000000000e-04,5.095598327e+07,343.447000,343.603000,0.000009,6.921285402e-06,2.496787e+08
222,2,1.000000000e-04,-9.418264972e+07,343.603000,343.846000,0.000032,6.921285402e-06,2.494014e+08
222,3,1.000000000e-04,7.915686246e+07,343.846000,344.195000,0.000023,6.921285402e-06,2.489900e+08
222,4,1.000000000e-04,-8.097455575e+07,344.195000,344.692000,0.000024,6.921285402e-06,2.484020e+08
222,5,1.000000000e-04,8.872956988e+07,344.692000,345.359900,0.000028,6.921285402e-06,2.475924e+08
222,6,1.000000000e-04,-6.335449884e+07,345.359900,346.305600,0.000014,6.921285402e-06,2.464710e+08
222,7,1.000000000e-04,1.570997689e+08,346.305600,347.629400,0.000089,6.921285402e-06,2.448936e+08
222,8,1.000000000e-04,1.010844071e+08,347.629400,349.543300,0.000037,6.921285402e-06,2.426434e+08
222,9,1.000000000e-04,8.379070267e+08,349.543300,352.773000,0.002522,6.921285402e-06,2.390657e+08
222,10,1.000000000e-04,-2.210019865e+08,352.773000,355.965700,0.000175,6.921285402e-06,2.346049e+08
222,11,1.000000000e-04,4.456506878e+08,355.965700,357.762600,0.000714,6.921285402e-06,2.311365e+08
222,12,1.000000000e-04,-3.841124319e+08,357.762600,358.879400,0.000530,6.921285402e-06,2.291117e+08
222,13,1.000000000e-04,4.056167543e+08,358.879400,359.500000,0.000591,6.921285402e-06,2.279041e+08
222,14,1.000000000e-04,-4.020237794e+08,359.500000,359.700500,0.000581,6.921285402e-06,2.273335e+08
222,15,1.000000000e-04,3.948913565e+08,359.700500,359.542100,0.000560,6.921285402e-06,2.273042e+08
222,16,1.000000000e-04,-4.200961596e+08,359.542100,358.960700,0.000634,6.921285402e-06,2.278183e+08
222,17,1.000000000e-04,3.264093702e+08,358.960700,357.882300,0.000383,6.921285402e-06,2.289722e+08
222,18,1.000000000e-04,-5.845798792e+08,357.882300,356.132700,0.001228,6.921285402e-06,2.309366e+08
222,19,1.000000000e-04,-3.544153674e+08,356.132700,352.978000,0.000451,6.921285402e-06,2.343460e+08
222,20,1.000000000e-04,-2.625142496e+08,352.978000,349.787200,0.000248,6.921285402e-06,2.387564e+08
222,21,1.000000000e-04,3.777105409e+07,349.787200,347.914100,0.000005,6.921285402e-06,2.422761e+08
222,22,1.000000000e-04,-9.957165430e+07,347.914100,346.622300,0.000036,6.921285402e-06,2.444757e+08
222,23,1.000000000e-04,7.711244898e+07,346.622300,345.708800,0.000021,6.921285402e-06,2.460084e+08
222,24,1.000000000e-04,-8.334074964e+07,345.708800,345.063000,0.000025,6.921285402e-06,2.470921e+08
222,25,1.000000000e-04,8.088675231e+07,345.063000,344.585000,0.000024,6.921285402e-06,2.478731e+08
222,26,1.000000000e-04,-8.209822487e+07,344.585000,344.229700,0.000024,6.921285402e-06,2.484523e+08
222,27,1.000000000e-04,7.970633198e+07,344.229700,343.955000,0.000023,6.921285402e-06,2.488901e+08
222,28,1.000000000e-04,-8.567906837e+07,343.955000,343.733000,0.000026,6.921285402e-06,2.492353e+08
222,29,1.000000000e-04,6.418001568e+07,343.733000,343.551000,0.000015,6.921285402e-06,2.495161e+08
222,30,1.000000000e-04,-7.825146622e+07,343.551000,343.401100,0.000022,6.921285402e-06,2.497468e+08
222,31,1.000000000e-04,7.310062644e+07,343.401100,343.264300,0.000019,6.921285402e-06,2.499460e+08
222,32,1.000000000e-04,-7.448178629e+07,343.264300,343.140000,0.000020,6.921285402e-06,2.501275e+08
222,33,1.000000000e-04,7.410798666e+07,343.140000,343.028000,0.000020,6.921285402e-06,2.502917e+08
222,34,1.000000000e-04,-7.384823481e+07,343.028000,342.920500,0.000020,6.921285402e-06,2.504443e+08
222,35,1.000000000e-04,7.526104183e+07,342.920500,342.816000,0.000020,6.921285402e-06,2.505916e+08
222,36,1.000000000e-04,-7.128237339e+07,342.816000,342.729000,0.000018,6.921285402e-06,2.507247e+08
222,37,1.000000000e-04,8.578424011e+07,342.729000,342.656000,0.000026,6.921285402e-06,2.508359e+08
222,38,1.000000000e-04,-4.625730716e+07,342.656000,342.594000,0.000008,6.921285402e-06,2.509297e+08
222,39,1.000000000e-04,1.898631722e+08,342.594000,342.571000,0.000130,6.921285402e-06,2.509887e+08
223,0,1.000000000e-04,-2.088384159e+08,343.354000,343.408300,0.000157,6.921285402e-06,2.498785e+08
223,1,1.000000000e-04,5.094266609e+07,343.408300,343.548900,0.000009,6.921285402e-06,2.497432e+08
223,2,1.000000000e-04,-9.421156243e+07,343.548900,343.779000,0.000032,6.921285402e-06,2.494856e+08
223,3,1.000000000e-04,7.903172686e+07,343.779000,344.093300,0.000022,6.921285402e-06,2.491072e+08
223,4,1.000000000e-04,-8.122027557e+07,344.093300,344.542500,0.000024,6.921285402e-06,2.485766e+08
223,5,1.000000000e-04,8.764591630e+07,344.542500,345.134100,0.000028,6.921285402e-06,2.478532e+08
223,6,1.000000000e-04,-6.516975643e+07,345.134100,345.964700,0.000015,6.921285402e-06,2.468648e+08
223,7,1.000000000e-04,1.486487552e+08,345.964700,347.133700,0.000079,6.921285402e-06,2.454750e+08
223,8,1.000000000e-04,9.187162957e+07,347.133700,348.828400,0.000030,6.921285402e-06,2.434848e+08
223,9,1.000000000e-04,7.867309107e+08,348.828400,351.797500,0.002224,6.921285402e-06,2.402408e+08
223,10,1.000000000e-04,-1.898480010e+08,351.797500,354.731300,0.000129,6.921285402e-06,2.361408e+08
223,11,1.000000000e-04,3.947970736e+08,354.731300,356.317400,0.000560,6.921285402e-06,2.329990e+08
223,12,1.000000000e-04,-3.388824484e+08,356.317400,357.296200,0.000413,6.921285402e-06,2.312166e+08
223,13,1.000000000e-04,3.575918767e+08,357.296200,357.839600,0.000459,6.921285402e-06,2.301586e+08
223,14,1.000000000e-04,-3.544562457e+08,357.839600,358.017500,0.000451,6.921285402e-06,2.296573e+08
223,15,1.000000000e-04,3.482893415e+08,358.017500,357.882300,0.000436,6.921285402e-06,2.296276e+08
223,16,1.000000000e-04,-3.706964414e+08,357.882300,357.381400,0.000494,6.921285402e-06,2.300696e+08
223,17,1.000000000e-04,2.872349458e+08,357.381400,356.444300,0.000296,6.921285402e-06,2.310693e+08
223,18,1.000000000e-04,-5.277525703e+08,356.444300,354.898600,0.001001,6.921285402e-06,2.327940e+08
223,19,1.000000000e-04,-3.508564320e+08,354.898600,352.007500,0.000442,6.921285402e-06,2.358782e+08
223,20,1.000000000e-04,-2.460476077e+08,352.007500,349.080700,0.000218,6.921285402e-06,2.399219e+08
223,21,1.000000000e-04,4.102047696e+07,349.080700,347.425600,0.000006,6.921285402e-06,2.431066e+08
223,22,1.000000000e-04,-9.715477552e+07,347.425600,346.298600,0.000034,6.921285402e-06,2.450401e+08
223,23,1.000000000e-04,7.764471207e+07,346.298600,345.495800,0.000022,6.921285402e-06,2.463814e+08
223,24,1.000000000e-04,-8.304475231e+07,345.495800,344.929000,0.000025,6.921285402e-06,2.473332e+08
223,25,1.000000000e-04,8.095465480e+07,344.929000,344.503300,0.000024,6.921285402e-06,2.480230e+08
223,26,1.000000000e-04,-8.206486084e+07,344.503300,344.179200,0.000024,6.921285402e-06,2.485441e+08
223,27,1.000000000e-04,7.971413420e+07,344.179200,343.925000,0.000023,6.921285402e-06,2.489461e+08
223,28,1.000000000e-04,-8.567546947e+07,343.925000,343.726000,0.000026,6.921285402e-06,2.492610e+08
223,29,1.000000000e-04,6.418085503e+07,343.726000,343.557000,0.000015,6.921285402e-06,2.495168e+08
223,30,1.000000000e-04,-7.825107989e+07,343.557000,343.408300,0.000022,6.921285402e-06,2.497376e+08
223,31,1.000000000e-04,7.310070455e+07,343.408300,343.276100,0.000019,6.921285402e-06,2.499328e+08
223,32,1.000000000e-04,-7.448173694e+07,343.276100,343.159000,0.000020,6.921285402e-06,2.501061e+08
223,33,1.000000000e-04,7.410798273e+07,343.159000,343.047000,0.000020,6.921285402e-06,2.502653e+08
223,34,1.000000000e-04,-7.384822218e+07,343.047000,342.941500,0.000020,6.921285402e-06,2.504165e+08
223,35,1.000000000e-04,7.526101857e+07,342.941500,342.844300,0.000020,6.921285402e-06,2.505573e+08
223,36,1.000000000e-04,-7.128237674e+07,342.844300,342.758000,0.000018,6.921285402e-06,2.506849e+08
223,37,1.000000000e-04,8.578414767e+07,342.758000,342.681000,0.000026,6.921285402e-06,2.507984e+08
223,38,1.000000000e-04,-4.625738284e+07,342.681000,342.626000,0.000008,6.921285402e-06,2.508901e+08
223,39,1.000000000e-04,1.898626712e+08,342.626000,342.603000,0.000130,6.921285402e-06,2.509442e+08
224,0,1.000000000e-04,-4.431455782e+08,343.322000,343.361000,0.000706,6.921285402e-06,2.499330e+08
224,1,1.000000000e-04,2.534017362e+08,343.361000,343.503000,0.000231,6.921285402e-06,2.498077e+08
224,2,1.000000000e-04,-2.534017362e+08,343.503000,343.712300,0.000231,6.921285402e-06,2.495636e+08
224,3,1.000000000e-04,2.456912447e+08,343.712300,344.005900,0.000217,6.921285402e-06,2.492141e+08
224,4,1.000000000e-04,-2.456912447e+08,344.005900,344.409000,0.000217,6.921285402e-06,2.487299e+08
224,5,1.000000000e-04,2.475610327e+08,344.409000,344.943400,0.000220,6.921285402e-06,2.480783e+08
224,6,1.000000000e-04,-2.475610327e+08,344.943400,345.676500,0.000220,6.921285402e-06,2.471974e+08
224,7,1.000000000e-04,2.741744159e+08,345.676500,346.693400,0.000270,6.921285402e-06,2.459811e+08
224,8,1.000000000e-04,-2.741744159e+08,346.693400,348.163900,0.000270,6.921285402e-06,2.442524e+08
224,9,1.000000000e-04,8.668077566e+08,348.163900,350.800000,0.002699,6.921285402e-06,2.413954e+08
224,10,1.000000000e-04,-8.668077566e+08,350.800000,353.409100,0.002699,6.921285402e-06,2.377499e+08
224,11,1.000000000e-04,9.264070688e+08,353.409100,354.769600,0.003083,6.921285402e-06,2.349906e+08
224,12,1.000000000e-04,-9.264070688e+08,354.769600,355.616500,0.003083,6.921285402e-06,2.334565e+08
224,13,1.000000000e-04,9.321410882e+08,355.616500,356.089800,0.003122,6.921285402e-06,2.325389e+08
224,14,1.000000000e-04,-9.321410882e+08,356.089800,356.245000,0.003122,6.921285402e-06,2.321021e+08
224,15,1.000000000e-04,9.300697721e+08,356.245000,356.132700,0.003108,6.921285402e-06,2.320723e+08
224,16,1.000000000e-04,-9.300697721e+08,356.132700,355.700900,0.003108,6.921285402e-06,2.324504e+08
224,17,1.000000000e-04,9.034355853e+08,355.700900,354.898600,0.002932,6.921285402e-06,2.333083e+08
224,18,1.000000000e-04,-9.034355853e+08,354.898600,353.577100,0.002932,6.921285402e-06,2.347844e+08
224,19,1.000000000e-04,3.107973348e+08,353.577100,351.010000,0.000347,6.921285402e-06,2.374900e+08
224,20,1.000000000e-04,-3.107973348e+08,351.010000,348.416900,0.000347,6.921285402e-06,2.410764e+08
224,21,1.000000000e-04,2.511697316e+08,348.416900,346.993700,0.000227,6.921285402e-06,2.438679e+08
224,22,1.000000000e-04,-2.511697316e+08,346.993700,346.011800,0.000227,6.921285402e-06,2.455394e+08
224,23,1.000000000e-04,2.451561338e+08,346.011800,345.311400,0.000216,6.921285402e-06,2.467086e+08
224,24,1.000000000e-04,-2.451561338e+08,345.311400,344.803500,0.000216,6.921285402e-06,2.475484e+08
224,25,1.000000000e-04,2.444420137e+08,344.803500,344.416800,0.000215,6.921285402e-06,2.481701e+08
224,26,1.000000000e-04,-2.444420137e+08,344.416800,344.125000,0.000215,6.921285402e-06,2.486417e+08
224,27,1.000000000e-04,2.432963033e+08,344.125000,343.893000,0.000213,6.921285402e-06,2.490057e+08
224,28,1.000000000e-04,-2.432963033e+08,343.893000,343.702100,0.000213,6.921285402e-06,2.492997e+08
224,29,1.000000000e-04,2.251427096e+08,343.702100,343.545500,0.000182,6.921285402e-06,2.495412e+08
224,30,1.000000000e-04,-2.251427096e+08,343.545500,343.402000,0.000182,6.921285402e-06,2.497498e+08
224,31,1.000000000e-04,2.225677693e+08,343.402000,343.274700,0.000178,6.921285402e-06,2.499380e+08
224,32,1.000000000e-04,-2.225677693e+08,343.274700,343.159000,0.000178,6.921285402e-06,2.501069e+08
224,33,1.000000000e-04,2.223809127e+08,343.159000,343.055100,0.000178,6.921285402e-06,2.502595e+08
224,34,1.000000000e-04,-2.223809127e+08,343.055100,342.949500,0.000178,6.921285402e-06,2.504051e+08
224,35,1.000000000e-04,2.230872950e+08,342.949500,342.853100,0.000179,6.921285402e-06,2.505455e+08
224,36,1.000000000e-04,-2.230872950e+08,342.853100,342.765000,0.000179,6.921285402e-06,2.506737e+08
224,37,1.000000000e-04,2.303380627e+08,342.765000,342.688000,0.000191,6.921285402e-06,2.507884e+08
224,38,1.000000000e-04,-2.303380627e+08,342.688000,342.633000,0.000191,6.921285402e-06,2.508802e+08
224,39,1.000000000e-04,4.028532998e+08,342.633000,342.610000,0.000583,6.921285402e-06,2.509339e+08
225,0,1.000000000e-04,-2.088423925e+08,343.265000,343.311500,0.000157,6.921285402e-06,2.500076e+08
225,1,1.000000000e-04,5.090835238e+07,343.311500,343.436500,0.000009,6.921285402e-06,2.498886e+08
225,2,1.000000000e-04,-9.430739502e+07,343.436500,343.628500,0.000032,6.921285402e-06,2.496683e+08
225,3,1.000000000e-04,7.864526459e+07,343.628500,343.892000,0.000022,6.921285402e-06,2.493517e+08
225,4,1.000000000e-04,-8.229741935e+07,343.892000,344.250000,0.000024,6.921285402e-06,2.489198e+08
225,5,1.000000000e-04,8.335093071e+07,344.250000,344.711000,0.000025,6.921285402e-06,2.483506e+08
225,6,1.000000000e-04,-7.734391937e+07,344.711000,345.329000,0.000021,6.921285402e-06,2.476007e+08
225,7,1.000000000e-04,1.003184534e+08,345.329000,346.154500,0.000036,6.921285402e-06,2.465974e+08
225,8,1.000000000e-04,-4.758712071e+07,346.154500,347.278000,0.000008,6.921285402e-06,2.452429e+08
225,9,1.000000000e-04,2.355379174e+08,347.278000,349.075000,0.000199,6.921285402e-06,2.432129e+08
225,10,1.000000000e-04,-1.801881741e+08,349.075000,350.842000,0.000117,6.921285402e-06,2.407360e+08
225,11,1.000000000e-04,2.136363504e+08,350.842000,351.875000,0.000164,6.921285402e-06,2.387900e+08
225,12,1.000000000e-04,-2.042176441e+08,351.875000,352.545000,0.000150,6.921285402e-06,2.376064e+08
225,13,1.000000000e-04,2.084442932e+08,352.545000,352.930500,0.000156,6.921285402e-06,2.368728e+08
225,14,1.000000000e-04,-2.079172210e+08,352.930500,353.065000,0.000155,6.921285402e-06,2.365114e+08
225,15,1.000000000e-04,2.057988606e+08,353.065000,352.978000,0.000152,6.921285402e-06,2.364784e+08
225,16,1.000000000e-04,-2.120972636e+08,352.978000,352.636000,0.000162,6.921285402e-06,2.367766e+08
225,17,1.000000000e-04,1.890220122e+08,352.636000,352.007500,0.000128,6.921285402e-06,2.374511e+08
225,18,1.000000000e-04,-2.417818185e+08,352.007500,351.010000,0.000210,6.921285402e-06,2.385811e+08
225,19,1.000000000e-04,5.381784461e+07,351.010000,349.292500,0.000010,6.921285402e-06,2.404683e+08
225,20,1.000000000e-04,-1.091796586e+08,349.292500,347.541000,0.000043,6.921285402e-06,2.428792e+08
225,21,1.000000000e-04,7.569637647e+07,347.541000,346.458500,0.000021,6.921285402e-06,2.448488e+08
225,22,1.000000000e-04,-8.520327893e+07,346.458500,345.670000,0.000026,6.921285402e-06,2.461492e+08
225,23,1.000000000e-04,8.065895123e+07,345.670000,345.088500,0.000023,6.921285402e-06,2.471013e+08
225,24,1.000000000e-04,-8.198662885e+07,345.088500,344.655000,0.000024,6.921285402e-06,2.478067e+08
225,25,1.000000000e-04,8.122024606e+07,344.655000,344.318000,0.000024,6.921285402e-06,2.483422e+08
225,26,1.000000000e-04,-8.196987046e+07,344.318000,344.056500,0.000024,6.921285402e-06,2.487582e+08
225,27,1.000000000e-04,7.973775568e+07,344.056500,343.849000,0.000023,6.921285402e-06,2.490842e+08
225,28,1.000000000e-04,-8.566674710e+07,343.849000,343.670500,0.000026,6.921285402e-06,2.493524e+08
225,29,1.000000000e-04,6.418289621e+07,343.670500,343.525000,0.000015,6.921285402e-06,2.495776e+08
225,30,1.000000000e-04,-7.825018285e+07,343.525000,343.388000,0.000022,6.921285402e-06,2.497739e+08
225,31,1.000000000e-04,7.310079683e+07,343.388000,343.272500,0.000019,6.921285402e-06,2.499494e+08
225,32,1.000000000e-04,-7.448156132e+07,343.272500,343.159000,0.000020,6.921285402e-06,2.501086e+08
225,33,1.000000000e-04,7.410788940e+07,343.159000,343.056000,0.000020,6.921285402e-06,2.502591e+08
225,34,1.000000000e-04,-7.384812416e+07,343.056000,342.952500,0.000020,6.921285402e-06,2.504026e+08
225,35,1.000000000e-04,7.526085704e+07,342.952500,342.859500,0.000020,6.921285402e-06,2.505391e+08
225,36,1.000000000e-04,-7.128234891e+07,342.859500,342.775000,0.000018,6.921285402e-06,2.506625e+08
225,37,1.000000000e-04,8.578364855e+07,342.775000,342.698000,0.000026,6.921285402e-06,2.507747e+08
225,38,1.000000000e-04,-4.625773357e+07,342.698000,342.643000,0.000008,6.921285402e-06,2.508665e+08
225,39,1.000000000e-04,1.898600939e+08,342.643000,342.620000,0.000130,6.921285402e-06,2.509206e+08
226,0,1.000000000e-04,-4.431323441e+08,343.206000,343.251000,0.000706,6.921285402e-06,2.500900e+08
226,1,1.000000000e-04,2.533814608e+08,343.251000,343.361000,0.000231,6.921285402e-06,2.499829e+08
226,2,1.000000000e-04,-2.533814608e+08,343.361000,343.533000,0.000231,6.921285402e-06,2.497869e+08
226,3,1.000000000e-04,2.454946280e+08,343.533000,343.766200,0.000217,6.921285402e-06,2.495053e+08
226,4,1.000000000e-04,-2.454946280e+08,343.766200,344.078500,0.000217,6.921285402e-06,2.491262e+08
226,5,1.000000000e-04,2.454840289e+08,344.078500,344.463700,0.000217,6.921285402e-06,2.486414e+08
226,6,1.000000000e-04,-2.454840289e+08,344.463700,344.962800,0.000217,6.921285402e-06,2.480268e+08
226,7,1.000000000e-04,2.520304377e+08,344.962800,345.594600,0.000228,6.921285402e-06,2.472408e+08
226,8,1.000000000e-04,-2.520304377e+08,345.594600,346.377200,0.000228,6.921285402e-06,2.462578e+08
226,9,1.000000000e-04,3.031192078e+08,346.377200,347.320500,0.000330,6.921285402e-06,2.450582e+08
226,10,1.000000000e-04,-3.031192078e+08,347.320500,348.239900,0.000330,6.921285402e-06,2.437636e+08
226,11,1.000000000e-04,3.125441512e+08,348.239900,348.945400,0.000351,6.921285402e-06,2.426343e+08
226,12,1.000000000e-04,-3.125441512e+08,348.945400,349.443800,0.000351,6.921285402e-06,2.417976e+08
226,13,1.000000000e-04,3.137709497e+08,349.443800,349.744200,0.000354,6.921285402e-06,2.412424e+08
226,14,1.000000000e-04,-3.137709497e+08,349.744200,349.844000,0.000354,6.921285402e-06,2.409643e+08
226,15,1.000000000e-04,3.131401551e+08,349.844000,349.787200,0.000352,6.921285402e-06,2.409344e+08
226,16,1.000000000e-04,-3.131401551e+08,349.787200,349.528500,0.000352,6.921285402e-06,2.411537e+08
226,17,1.000000000e-04,3.065315456e+08,349.528500,349.080700,0.000338,6.921285402e-06,2.416447e+08
226,18,1.000000000e-04,-3.065315456e+08,349.080700,348.416900,0.000338,6.921285402e-06,2.424173e+08
226,19,1.000000000e-04,2.554355208e+08,348.416900,347.541000,0.000234,6.921285402e-06,2.434875e+08
226,20,1.000000000e-04,-2.554355208e+08,347.541000,346.641100,0.000234,6.921285402e-06,2.447217e+08
226,21,1.000000000e-04,2.459987119e+08,346.641100,345.899300,0.000217,6.921285402e-06,2.458627e+08
226,22,1.000000000e-04,-2.459987119e+08,345.899300,345.311500,0.000217,6.921285402e-06,2.467867e+08
226,23,1.000000000e-04,2.446695789e+08,345.311500,344.851600,0.000215,6.921285402e-06,2.475149e+08
226,24,1.000000000e-04,-2.446695789e+08,344.851600,344.490000,0.000215,6.921285402e-06,2.480858e+08
226,25,1.000000000e-04,2.443954699e+08,344.490000,344.208100,0.000215,6.921285402e-06,2.485331e+08
226,26,1.000000000e-04,-2.443954699e+08,344.208100,343.983700,0.000215,6.921285402e-06,2.488849e+08
226,27,1.000000000e-04,2.432913369e+08,343.983700,343.793300,0.000213,6.921285402e-06,2.491732e+08
226,28,1.000000000e-04,-2.432913369e+08,343.793300,343.636000,0.000213,6.921285402e-06,2.494149e+08
226,29,1.000000000e-04,2.251417149e+08,343.636000,343.498500,0.000182,6.921285402e-06,2.496198e+08
226,30,1.000000000e-04,-2.251417149e+08,343.498500,343.372000,0.000182,6.921285402e-06,2.498033e+08
226,31,1.000000000e-04,2.225671622e+08,343.372000,343.260700,0.000178,6.921285402e-06,2.499686e+08
226,32,1.000000000e-04,-2.225671622e+08,343.260700,343.158300,0.000178,6.921285402e-06,2.501171e+08
226,33,1.000000000e-04,2.223803304e+08,343.158300,343.056000,0.000178,6.921285402e-06,2.502593e+08
226,34,1.000000000e-04,-2.223803304e+08,343.056000,342.960000,0.000178,6.921285402e-06,2.503972e+08
226,35,1.000000000e-04,2.230866062e+08,342.960000,342.864100,0.000179,6.921285402e-06,2.505305e+08
226,36,1.000000000e-04,-2.230866062e+08,342.864100,342.776000,0.000179,6.921285402e-06,2.506584e+08
226,37,1.000000000e-04,2.303366140e+08,342.776000,342.708000,0.000191,6.921285402e-06,2.507669e+08
226,38,1.000000000e-04,-2.303366140e+08,342.708000,342.653000,0.000191,6.921285402e-06,2.508524e+08
226,39,1.000000000e-04,4.028448092e+08,342.653000,342.630000,0.000583,6.921285402e-06,2.509061e+08
227,0,1.000000000e-04,-2.088289145e+08,343.142000,343.177300,0.000157,6.921285402e-06,2.501864e+08
227,1,1.000000000e-04,5.089176560e+07,343.177300,343.281000,0.000009,6.921285402e-06,2.500900e+08
227,2,1.000000000e-04,-9.434735303e+07,343.281000,343.434900,0.000032,6.921285402e-06,2.499109e+08
227,3,1.000000000e-04,7.846215216e+07,343.434900,343.640700,0.000022,6.921285402e-06,2.496609e+08
227,4,1.000000000e-04,-8.270742938e+07,343.640700,343.898000,0.000025,6.921285402e-06,2.493391e+08
227,5,1.000000000e-04,8.161152139e+07,343.898000,344.218200,0.000024,6.921285402e-06,2.489377e+08
227,6,1.000000000e-04,-8.108272305e+07,344.218200,344.610400,0.000024,6.921285402e-06,2.484426e+08
227,7,1.000000000e-04,8.429382438e+07,344.610400,345.083300,0.000026,6.921285402e-06,2.478413e+08
227,8,1.000000000e-04,-7.938997811e+07,345.083300,345.633600,0.000023,6.921285402e-06,2.471302e+08
227,9,1.000000000e-04,9.579426185e+07,345.633600,346.233500,0.000033,6.921285402e-06,2.463308e+08
227,10,1.000000000e-04,-9.063029162e+07,346.233500,346.810400,0.000030,6.921285402e-06,2.455130e+08
227,11,1.000000000e-04,9.488188880e+07,346.810400,347.291700,0.000032,6.921285402e-06,2.447775e+08
227,12,1.000000000e-04,-9.364885323e+07,347.291700,347.645700,0.000032,6.921285402e-06,2.441970e+08
227,13,1.000000000e-04,9.432939832e+07,347.645700,347.871100,0.000032,6.921285402e-06,2.437943e+08
227,14,1.000000000e-04,-9.426046659e+07,347.871100,347.951000,0.000032,6.921285402e-06,2.435821e+08
227,15,1.000000000e-04,9.385564843e+07,347.951000,347.914100,0.000032,6.921285402e-06,2.435522e+08
227,16,1.000000000e-04,-9.479664963e+07,347.914100,347.736700,0.000032,6.921285402e-06,2.437012e+08
227,17,1.000000000e-04,9.143746300e+07,347.736700,347.425600,0.000030,6.921285402e-06,2.440407e+08
227,18,1.000000000e-04,-9.638229098e+07,347.425600,346.993700,0.000033,6.921285402e-06,2.445570e+08
227,19,1.000000000e-04,7.996216568e+07,346.993700,346.458500,0.000023,6.921285402e-06,2.452292e+08
227,20,1.000000000e-04,-8.513318537e+07,346.458500,345.899300,0.000026,6.921285402e-06,2.459898e+08
227,21,1.000000000e-04,8.086923193e+07,345.899300,345.394300,0.000023,6.921285402e-06,2.467294e+08
227,22,1.000000000e-04,-8.212827130e+07,345.394300,344.965500,0.000024,6.921285402e-06,2.473784e+08
227,23,1.000000000e-04,8.135606724e+07,344.965500,344.612900,0.000024,6.921285402e-06,2.479215e+08
227,24,1.000000000e-04,-8.163163162e+07,344.612900,344.326500,0.000024,6.921285402e-06,2.483656e+08
227,25,1.000000000e-04,8.130157815e+07,344.326500,344.091400,0.000024,6.921285402e-06,2.487280e+08
227,26,1.000000000e-04,-8.193019576e+07,344.091400,343.898900,0.000024,6.921285402e-06,2.490252e+08
227,27,1.000000000e-04,7.974577878e+07,343.898900,343.734100,0.000023,6.921285402e-06,2.492735e+08
227,28,1.000000000e-04,-8.566156495e+07,343.734100,343.594300,0.000026,6.921285402e-06,2.494852e+08
227,29,1.000000000e-04,6.418283724e+07,343.594300,343.471000,0.000015,6.921285402e-06,2.496681e+08
227,30,1.000000000e-04,-7.824870270e+07,343.471000,343.356000,0.000022,6.921285402e-06,2.498337e+08
227,31,1.000000000e-04,7.309987826e+07,343.356000,343.251000,0.000019,6.921285402e-06,2.499866e+08
227,32,1.000000000e-04,-7.448049828e+07,343.251000,343.152000,0.000020,6.921285402e-06,2.501284e+08
227,33,1.000000000e-04,7.410684264e+07,343.152000,343.056000,0.000020,6.921285402e-06,2.502639e+08
227,34,1.000000000e-04,-7.384716394e+07,343.056000,342.960000,0.000020,6.921285402e-06,2.503974e+08
227,35,1.000000000e-04,7.525953439e+07,342.960000,342.871300,0.000020,6.921285402e-06,2.505257e+08
227,36,1.000000000e-04,-7.128175885e+07,342.871300,342.785000,0.000018,6.921285402e-06,2.506473e+08
227,37,1.000000000e-04,8.578049054e+07,342.785000,342.715000,0.000026,6.921285402e-06,2.507560e+08
227,38,1.000000000e-04,-4.625940482e+07,342.715000,342.660000,0.000008,6.921285402e-06,2.508429e+08
227,39,1.000000000e-04,1.898450160e+08,342.660000,342.637000,0.000129,6.921285402e-06,2.508969e+08
228,0,1.000000000e-04,-4.430750793e+08,343.068000,343.100000,0.000705,6.921285402e-06,2.502909e+08
228,1,1.000000000e-04,2.533618690e+08,343.100000,343.194000,0.000231,6.921285402e-06,2.502039e+08
228,2,1.000000000e-04,-2.533618690e+08,343.194000,343.334100,0.000231,6.921285402e-06,2.500412e+08
228,3,1.000000000e-04,2.454087631e+08,343.334100,343.514300,0.000216,6.921285402e-06,2.498186e+08
228,4,1.000000000e-04,-2.454087631e+08,343.514300,343.730000,0.000216,6.921285402e-06,2.495435e+08
228,5,1.000000000e-04,2.447522091e+08,343.730000,343.989400,0.000215,6.921285402e-06,2.492133e+08
228,6,1.000000000e-04,-2.447522091e+08,343.989400,344.300600,0.000215,6.921285402e-06,2.488167e+08
228,7,1.000000000e-04,2.456175610e+08,344.300600,344.652400,0.000217,6.921285402e-06,2.483559e+08
228,8,1.000000000e-04,-2.456175610e+08,344.652400,345.039500,0.000217,6.921285402e-06,2.478424e+08
228,9,1.000000000e-04,2.500781094e+08,345.039500,345.445000,0.000225,6.921285402e-06,2.472915e+08
228,10,1.000000000e-04,-2.500781094e+08,345.445000,345.834800,0.000225,6.921285402e-06,2.467388e+08
228,11,1.000000000e-04,2.512625489e+08,345.834800,346.162600,0.000227,6.921285402e-06,2.462400e+08
228,12,1.000000000e-04,-2.512625489e+08,346.162600,346.414200,0.000227,6.921285402e-06,2.458374e+08
228,13,1.000000000e-04,2.514559634e+08,346.414200,346.579300,0.000227,6.921285402e-06,2.455477e+08
228,14,1.000000000e-04,-2.514559634e+08,346.579300,346.645000,0.000227,6.921285402e-06,2.453873e+08
228,15,1.000000000e-04,2.513395549e+08,346.645000,346.622300,0.000227,6.921285402e-06,2.453575e+08
228,16,1.000000000e-04,-2.513395549e+08,346.622300,346.500300,0.000227,6.921285402e-06,2.454580e+08
228,17,1.000000000e-04,2.503972470e+08,346.500300,346.298600,0.000225,6.921285402e-06,2.456830e+08
228,18,1.000000000e-04,-2.503972470e+08,346.298600,346.011800,0.000225,6.921285402e-06,2.460225e+08
228,19,1.000000000e-04,2.459286183e+08,346.011800,345.670000,0.000217,6.921285402e-06,2.464594e+08
228,20,1.000000000e-04,-2.459286183e+08,345.670000,345.311500,0.000217,6.921285402e-06,2.469461e+08
228,21,1.000000000e-04,2.447396725e+08,345.311500,344.965500,0.000215,6.921285402e-06,2.474357e+08
228,22,1.000000000e-04,-2.447396725e+08,344.965500,344.654700,0.000215,6.921285402e-06,2.478922e+08
228,23,1.000000000e-04,2.445145929e+08,344.654700,344.390100,0.000215,6.921285402e-06,2.482921e+08
228,24,1.000000000e-04,-2.445145929e+08,344.390100,344.166500,0.000215,6.921285402e-06,2.486314e+08
228,25,1.000000000e-04,2.443726701e+08,344.166500,343.978300,0.000215,6.921285402e-06,2.489176e+08
228,26,1.000000000e-04,-2.443726701e+08,343.978300,343.814100,0.000215,6.921285402e-06,2.491625e+08
228,27,1.000000000e-04,2.432835389e+08,343.814100,343.674900,0.000213,6.921285402e-06,2.493734e+08
228,28,1.000000000e-04,-2.432835389e+08,343.674900,343.551700,0.000213,6.921285402e-06,2.495558e+08
228,29,1.000000000e-04,2.251358114e+08,343.551700,343.440500,0.000182,6.921285402e-06,2.497187e+08
228,30,1.000000000e-04,-2.251358114e+08,343.440500,343.341000,0.000182,6.921285402e-06,2.498651e+08
228,31,1.000000000e-04,2.225615518e+08,343.341000,343.245000,0.000178,6.921285402e-06,2.500010e+08
228,32,1.000000000e-04,-2.225615518e+08,343.245000,343.149900,0.000178,6.921285402e-06,2.501338e+08
228,33,1.000000000e-04,2.223747024e+08,343.149900,343.056000,0.000178,6.921285402e-06,2.502652e+08
228,34,1.000000000e-04,-2.223747024e+08,343.056000,342.966500,0.000178,6.921285402e-06,2.503926e+08
228,35,1.000000000e-04,2.230804541e+08,342.966500,342.878000,0.000179,6.921285402e-06,2.505164e+08
228,36,1.000000000e-04,-2.230804542e+08,342.878000,342.798000,0.000179,6.921285402e-06,2.506335e+08
228,37,1.000000000e-04,2.303265118e+08,342.798000,342.731000,0.000191,6.921285402e-06,2.507356e+08
228,38,1.000000000e-04,-2.303265118e+08,342.731000,342.676000,0.000191,6.921285402e-06,2.508204e+08
228,39,1.000000000e-04,4.027946597e+08,342.676000,342.653000,0.000583,6.921285402e-06,2.508741e+08
229,0,1.000000000e-04,-2.087331385e+08,342.995000,343.028100,0.000157,6.921285402e-06,2.503923e+08
229,1,1.000000000e-04,5.089252559e+07,343.028100,343.107700,0.000009,6.921285402e-06,2.503141e+08
229,2,1.000000000e-04,-9.433448461e+07,343.107700,343.233300,0.000032,6.921285402e-06,2.501715e+08
229,3,1.000000000e-04,7.840726148e+07,343.233300,343.387900,0.000022,6.921285402e-06,2.499767e+08
229,4,1.000000000e-04,-8.277164419e+07,343.387900,343.570000,0.000025,6.921285402e-06,2.497427e+08
229,5,1.000000000e-04,8.124133647e+07,343.570000,343.786300,0.000024,6.921285402e-06,2.494658e+08
229,6,1.000000000e-04,-8.156133687e+07,343.786300,344.028400,0.000024,6.921285402e-06,2.491473e+08
229,7,1.000000000e-04,8.181164299e+07,344.028400,344.292200,0.000024,6.921285402e-06,2.487957e+08
229,8,1.000000000e-04,-8.138958902e+07,344.292200,344.570600,0.000024,6.921285402e-06,2.484188e+08
229,9,1.000000000e-04,8.282749876e+07,344.570600,344.859000,0.000025,6.921285402e-06,2.480249e+08
229,10,1.000000000e-04,-8.234648110e+07,344.859000,345.133500,0.000024,6.921285402e-06,2.476337e+08
229,11,1.000000000e-04,8.283264202e+07,345.133500,345.363400,0.000025,6.921285402e-06,2.472831e+08
229,12,1.000000000e-04,-8.268782355e+07,345.363400,345.545600,0.000025,6.921285402e-06,2.469967e+08
229,13,1.000000000e-04,8.278093650e+07,345.545600,345.665800,0.000025,6.921285402e-06,2.467865e+08
229,14,1.000000000e-04,-8.277286224e+07,345.665800,345.717500,0.000025,6.921285402e-06,2.466671e+08
229,15,1.000000000e-04,8.271204633e+07,345.717500,345.708800,0.000025,6.921285402e-06,2.466372e+08
229,16,1.000000000e-04,-8.282976150e+07,345.708800,345.636600,0.000025,6.921285402e-06,2.466934e+08
229,17,1.000000000e-04,8.241971675e+07,345.636600,345.495800,0.000024,6.921285402e-06,2.468415e+08
229,18,1.000000000e-04,-8.288582532e+07,345.495800,345.311400,0.000025,6.921285402e-06,2.470675e+08
229,19,1.000000000e-04,8.143143577e+07,345.311400,345.088500,0.000024,6.921285402e-06,2.473505e+08
229,20,1.000000000e-04,-8.191799061e+07,345.088500,344.851600,0.000024,6.921285402e-06,2.476701e+08
229,21,1.000000000e-04,8.142616080e+07,344.851600,344.612900,0.000024,6.921285402e-06,2.480006e+08
229,22,1.000000000e-04,-8.158114680e+07,344.612900,344.390100,0.000024,6.921285402e-06,2.483214e+08
229,23,1.000000000e-04,8.145303261e+07,344.390100,344.194200,0.000024,6.921285402e-06,2.486124e+08
229,24,1.000000000e-04,-8.154447062e+07,344.194200,344.019000,0.000024,6.921285402e-06,2.488703e+08
229,25,1.000000000e-04,8.130683278e+07,344.019000,343.867900,0.000024,6.921285402e-06,2.490971e+08
229,26,1.000000000e-04,-8.190926921e+07,343.867900,343.735600,0.000024,6.921285402e-06,2.492940e+08
229,27,1.000000000e-04,7.973716133e+07,343.735600,343.615700,0.000023,6.921285402e-06,2.494693e+08
229,28,1.000000000e-04,-8.564925643e+07,343.615700,343.510000,0.000026,6.921285402e-06,2.496261e+08
229,29,1.000000000e-04,6.417298394e+07,343.510000,343.412000,0.000015,6.921285402e-06,2.497677e+08
229,30,1.000000000e-04,-7.823808303e+07,343.412000,343.325000,0.000022,6.921285402e-06,2.498963e+08
229,31,1.000000000e-04,7.308986882e+07,343.325000,343.235300,0.000019,6.921285402e-06,2.500191e+08
229,32,1.000000000e-04,-7.447035779e+07,343.235300,343.145000,0.000020,6.921285402e-06,2.501442e+08
229,33,1.000000000e-04,7.409661613e+07,343.145000,343.064100,0.000020,6.921285402e-06,2.502632e+08
229,34,1.000000000e-04,-7.383739245e+07,343.064100,342.974500,0.000020,6.921285402e-06,2.503816e+08
229,35,1.000000000e-04,7.524802884e+07,342.974500,342.894000,0.000020,6.921285402e-06,2.504999e+08
229,36,1.000000000e-04,-7.127399501e+07,342.894000,342.814000,0.000018,6.921285402e-06,2.506114e+08
229,37,1.000000000e-04,8.575949394e+07,342.814000,342.747000,0.000026,6.921285402e-06,2.507136e+08
229,38,1.000000000e-04,-4.626503903e+07,342.747000,342.692000,0.000008,6.921285402e-06,2.507984e+08
229,39,1.000000000e-04,1.897573598e+08,342.692000,342.669000,0.000129,6.921285402e-06,2.508525e+08
230,0,1.000000000e-04,-4.427500003e+08,342.920000,342.949000,0.000704,6.921285402e-06,2.504987e+08
230,1,1.000000000e-04,2.532758564e+08,342.949000,343.027000,0.000230,6.921285402e-06,2.504249e+08
230,2,1.000000000e-04,-2.532758564e+08,343.027000,343.134000,0.000230,6.921285402e-06,2.502963e+08
230,3,1.000000000e-04,2.453264117e+08,343.134000,343.266500,0.000216,6.921285402e-06,2.501299e+08
230,4,1.000000000e-04,-2.453264117e+08,343.266500,343.422500,0.000216,6.921285402e-06,2.499294e+08
230,5,1.000000000e-04,2.445461178e+08,343.422500,343.602000,0.000215,6.921285402e-06,2.496962e+08
230,6,1.000000000e-04,-2.445461178e+08,343.602000,343.794000,0.000215,6.921285402e-06,2.494380e+08
230,7,1.000000000e-04,2.445799369e+08,343.794000,344.000500,0.000215,6.921285402e-06,2.491611e+08
230,8,1.000000000e-04,-2.445799369e+08,344.000500,344.216500,0.000215,6.921285402e-06,2.488674e+08
230,9,1.000000000e-04,2.449679558e+08,344.216500,344.427500,0.000216,6.921285402e-06,2.485707e+08
230,10,1.000000000e-04,-2.449679558e+08,344.427500,344.626000,0.000216,6.921285402e-06,2.482861e+08
230,11,1.000000000e-04,2.451023239e+08,344.626000,344.795000,0.000216,6.921285402e-06,2.480306e+08
230,12,1.000000000e-04,-2.451023239e+08,344.795000,344.926000,0.000216,6.921285402e-06,2.478221e+08
230,13,1.000000000e-04,2.451284684e+08,344.926000,345.020000,0.000216,6.921285402e-06,2.476658e+08
230,14,1.000000000e-04,-2.451284684e+08,345.020000,345.065000,0.000216,6.921285402e-06,2.475692e+08
230,15,1.000000000e-04,2.451112542e+08,345.065000,345.067500,0.000216,6.921285402e-06,2.475362e+08
230,16,1.000000000e-04,-2.451112542e+08,345.067500,345.017000,0.000216,6.921285402e-06,2.475695e+08
230,17,1.000000000e-04,2.449972068e+08,345.017000,344.929000,0.000216,6.921285402e-06,2.476658e+08
230,18,1.000000000e-04,-2.449972068e+08,344.929000,344.803500,0.000216,6.921285402e-06,2.478142e+08
230,19,1.000000000e-04,2.446009407e+08,344.803500,344.655000,0.000215,6.921285402e-06,2.480046e+08
230,20,1.000000000e-04,-2.446009407e+08,344.655000,344.490000,0.000215,6.921285402e-06,2.482225e+08
230,21,1.000000000e-04,2.444641081e+08,344.490000,344.326500,0.000215,6.921285402e-06,2.484508e+08
230,22,1.000000000e-04,-2.444641081e+08,344.326500,344.166500,0.000215,6.921285402e-06,2.486756e+08
230,23,1.000000000e-04,2.444231549e+08,344.166500,344.019000,0.000215,6.921285402e-06,2.488893e+08
230,24,1.000000000e-04,-2.444231549e+08,344.019000,343.885000,0.000215,6.921285402e-06,2.490850e+08
230,25,1.000000000e-04,2.443084009e+08,343.885000,343.763500,0.000214,6.921285402e-06,2.492625e+08
230,26,1.000000000e-04,-2.443084009e+08,343.763500,343.659500,0.000214,6.921285402e-06,2.494193e+08
230,27,1.000000000e-04,2.432236321e+08,343.659500,343.563500,0.000213,6.921285402e-06,2.495583e+08
230,28,1.000000000e-04,-2.432236321e+08,343.563500,343.475500,0.000213,6.921285402e-06,2.496861e+08
230,29,1.000000000e-04,2.250793735e+08,343.475500,343.390000,0.000182,6.921285402e-06,2.498068e+08
230,30,1.000000000e-04,-2.250793735e+08,343.390000,343.310500,0.000182,6.921285402e-06,2.499214e+08
230,31,1.000000000e-04,2.225063644e+08,343.310500,343.235000,0.000178,6.921285402e-06,2.500292e+08
230,32,1.000000000e-04,-2.225063643e+08,343.235000,343.155000,0.000178,6.921285402e-06,2.501372e+08
230,33,1.000000000e-04,2.223195123e+08,343.155000,343.075000,0.000178,6.921285402e-06,2.502484e+08
230,34,1.000000000e-04,-2.223195123e+08,343.075000,342.995000,0.000178,6.921285402e-06,2.503596e+08
230,35,1.000000000e-04,2.230230487e+08,342.995000,342.915000,0.000179,6.921285402e-06,2.504708e+08
230,36,1.000000000e-04,-2.230230487e+08,342.915000,342.842000,0.000179,6.921285402e-06,2.505772e+08
230,37,1.000000000e-04,2.302504980e+08,342.842000,342.774500,0.000190,6.921285402e-06,2.506748e+08
230,38,1.000000000e-04,-2.302504980e+08,342.774500,342.723000,0.000190,6.921285402e-06,2.507575e+08
230,39,1.000000000e-04,4.024998184e+08,342.723000,342.700000,0.000582,6.921285402e-06,2.508088e+08
231,0,1.000000000e-04,-2.081834993e+08,342.845000,342.869900,0.000156,6.921285402e-06,2.506065e+08
231,1,1.000000000e-04,5.087753704e+07,342.869900,342.940000,0.000009,6.921285402e-06,2.505406e+08
231,2,1.000000000e-04,-9.417166661e+07,342.940000,343.045000,0.000032,6.921285402e-06,2.504189e+08
231,3,1.000000000e-04,7.830111062e+07,343.045000,343.157000,0.000022,6.921285402e-06,2.502681e+08
231,4,1.000000000e-04,-8.266646654e+07,343.157000,343.297000,0.000025,6.921285402e-06,2.500929e+08
231,5,1.000000000e-04,8.107559885e+07,343.297000,343.440900,0.000024,6.921285402e-06,2.498956e+08
231,6,1.000000000e-04,-8.150207326e+07,343.440900,343.599300,0.000024,6.921285402e-06,2.496855e+08
231,7,1.000000000e-04,8.138704331e+07,343.599300,343.760400,0.000024,6.921285402e-06,2.494635e+08
231,8,1.000000000e-04,-8.138725927e+07,343.760400,343.925100,0.000024,6.921285402e-06,2.492370e+08
231,9,1.000000000e-04,8.150142538e+07,343.925100,344.087500,0.000024,6.921285402e-06,2.490097e+08
231,10,1.000000000e-04,-8.146005605e+07,344.087500,344.237900,0.000024,6.921285402e-06,2.487923e+08
231,11,1.000000000e-04,8.151136727e+07,344.237900,344.364300,0.000024,6.921285402e-06,2.485999e+08
231,12,1.000000000e-04,-8.149567314e+07,344.364300,344.465400,0.000024,6.921285402e-06,2.484418e+08
231,13,1.000000000e-04,8.150713845e+07,344.465400,344.542000,0.000024,6.921285402e-06,2.483183e+08
231,14,1.000000000e-04,-8.150628236e+07,344.542000,344.576000,0.000024,6.921285402e-06,2.482415e+08
231,15,1.000000000e-04,8.149824141e+07,344.576000,344.585000,0.000024,6.921285402e-06,2.482116e+08
231,16,1.000000000e-04,-8.151178788e+07,344.585000,344.556400,0.000024,6.921285402e-06,2.482252e+08
231,17,1.000000000e-04,8.146564294e+07,344.556400,344.503300,0.000024,6.921285402e-06,2.482820e+08
231,18,1.000000000e-04,-8.150984788e+07,344.503300,344.416800,0.000024,6.921285402e-06,2.483790e+08
231,19,1.000000000e-04,8.137917305e+07,344.416800,344.318000,0.000024,6.921285402e-06,2.485078e+08
231,20,1.000000000e-04,-8.142571688e+07,344.318000,344.208100,0.000024,6.921285402e-06,2.486528e+08
231,21,1.000000000e-04,8.137021639e+07,344.208100,344.091400,0.000024,6.921285402e-06,2.488103e+08
231,22,1.000000000e-04,-8.139301615e+07,344.091400,343.978300,0.000024,6.921285402e-06,2.489700e+08
231,23,1.000000000e-04,8.135731761e+07,343.978300,343.867900,0.000024,6.921285402e-06,2.491254e+08
231,24,1.000000000e-04,-8.142158686e+07,343.867900,343.763500,0.000024,6.921285402e-06,2.492746e+08
231,25,1.000000000e-04,8.120020840e+07,343.763500,343.670000,0.000024,6.921285402e-06,2.494122e+08
231,26,1.000000000e-04,-8.179729483e+07,343.670000,343.590700,0.000024,6.921285402e-06,2.495323e+08
231,27,1.000000000e-04,7.963032759e+07,343.590700,343.512300,0.000023,6.921285402e-06,2.496419e+08
231,28,1.000000000e-04,-8.553828248e+07,343.512300,343.442000,0.000026,6.921285402e-06,2.497452e+08
231,29,1.000000000e-04,6.407343015e+07,343.442000,343.374500,0.000015,6.921285402e-06,2.498410e+08
231,30,1.000000000e-04,-7.813457621e+07,343.374500,343.307000,0.000022,6.921285402e-06,2.499348e+08
231,31,1.000000000e-04,7.299075399e+07,343.307000,343.243000,0.000019,6.921285402e-06,2.500262e+08
231,32,1.000000000e-04,-7.437012615e+07,343.243000,343.170000,0.000020,6.921285402e-06,2.501214e+08
231,33,1.000000000e-04,7.399645974e+07,343.170000,343.097900,0.000020,6.921285402e-06,2.502223e+08
231,34,1.000000000e-04,-7.373899908e+07,343.097900,343.028000,0.000020,6.921285402e-06,2.503210e+08
231,35,1.000000000e-04,7.514250810e+07,343.028000,342.949900,0.000020,6.921285402e-06,2.504238e+08
231,36,1.000000000e-04,-7.118555626e+07,342.949900,342.885000,0.000018,6.921285402e-06,2.505232e+08
231,37,1.000000000e-04,8.560985461e+07,342.885000,342.821300,0.000026,6.921285402e-06,2.506126e+08
231,38,1.000000000e-04,-4.625249444e+07,342.821300,342.767000,0.000008,6.921285402e-06,2.506946e+08
231,39,1.000000000e-04,1.892576367e+08,342.767000,342.744000,0.000129,6.921285402e-06,2.507482e+08
232,0,1.000000000e-04,-4.408615340e+08,342.772000,342.798000,0.000698,6.921285402e-06,2.507065e+08
232,1,1.000000000e-04,2.525894576e+08,342.798000,342.860000,0.000229,6.921285402e-06,2.506459e+08
232,2,1.000000000e-04,-2.525894576e+08,342.860000,342.953900,0.000229,6.921285402e-06,2.505376e+08
232,3,1.000000000e-04,2.447161640e+08,342.953900,343.054700,0.000215,6.921285402e-06,2.504023e+08
232,4,1.000000000e-04,-2.447161640e+08,343.054700,343.172500,0.000215,6.921285402e-06,2.502503e+08
232,5,1.000000000e-04,2.439248174e+08,343.172500,343.302300,0.000214,6.921285402e-06,2.500783e+08
232,6,1.000000000e-04,-2.439248174e+08,343.302300,343.435100,0.000214,6.921285402e-06,2.498958e+08
232,7,1.000000000e-04,2.438575689e+08,343.435100,343.567900,0.000214,6.921285402e-06,2.497112e+08
232,8,1.000000000e-04,-2.438575689e+08,343.567900,343.700700,0.000214,6.921285402e-06,2.495266e+08
232,9,1.000000000e-04,2.438850610e+08,343.700700,343.825000,0.000214,6.921285402e-06,2.493479e+08
232,10,1.000000000e-04,-2.438850610e+08,343.825000,343.944300,0.000214,6.921285402e-06,2.491786e+08
232,11,1.000000000e-04,2.438988744e+08,343.944300,344.040200,0.000214,6.921285402e-06,2.490290e+08
232,12,1.000000000e-04,-2.438988744e+08,344.040200,344.122000,0.000214,6.921285402e-06,2.489055e+08
232,13,1.000000000e-04,2.439020409e+08,344.122000,344.186000,0.000214,6.921285402e-06,2.488042e+08
232,14,1.000000000e-04,-2.439020409e+08,344.186000,344.216500,0.000214,6.921285402e-06,2.487385e+08
232,15,1.000000000e-04,2.438997817e+08,344.216500,344.229700,0.000214,6.921285402e-06,2.487081e+08
232,16,1.000000000e-04,-2.438997817e+08,344.229700,344.215100,0.000214,6.921285402e-06,2.487091e+08
232,17,1.000000000e-04,2.438870007e+08,344.215100,344.179200,0.000214,6.921285402e-06,2.487442e+08
232,18,1.000000000e-04,-2.438870007e+08,344.179200,344.125000,0.000214,6.921285402e-06,2.488068e+08
232,19,1.000000000e-04,2.438513163e+08,344.125000,344.060000,0.000214,6.921285402e-06,2.488897e+08
232,20,1.000000000e-04,-2.438513163e+08,344.060000,343.983700,0.000214,6.921285402e-06,2.489879e+08
232,21,1.000000000e-04,2.438354905e+08,343.983700,343.898900,0.000214,6.921285402e-06,2.490998e+08
232,22,1.000000000e-04,-2.438354905e+08,343.898900,343.814100,0.000214,6.921285402e-06,2.492177e+08
232,23,1.000000000e-04,2.438207185e+08,343.814100,343.735600,0.000214,6.921285402e-06,2.493312e+08
232,24,1.000000000e-04,-2.438207185e+08,343.735600,343.659500,0.000214,6.921285402e-06,2.494386e+08
232,25,1.000000000e-04,2.437113144e+08,343.659500,343.590700,0.000213,6.921285402e-06,2.495394e+08
232,26,1.000000000e-04,-2.437113144e+08,343.590700,343.524000,0.000213,6.921285402e-06,2.496335e+08
232,27,1.000000000e-04,2.426332556e+08,343.524000,343.469100,0.000212,6.921285402e-06,2.497180e+08
232,28,1.000000000e-04,-2.426332556e+08,343.469100,343.416300,0.000212,6.921285402e-06,2.497929e+08
232,29,1.000000000e-04,2.245231155e+08,343.416300,343.370000,0.000181,6.921285402e-06,2.498618e+08
232,30,1.000000000e-04,-2.245231155e+08,343.370000,343.323700,0.000181,6.921285402e-06,2.499262e+08
232,31,1.000000000e-04,2.219613540e+08,343.323700,343.270900,0.000177,6.921285402e-06,2.499950e+08
232,32,1.000000000e-04,-2.219613540e+08,343.270900,343.211100,0.000177,6.921285402e-06,2.500733e+08
232,33,1.000000000e-04,2.217754518e+08,343.211100,343.152000,0.000177,6.921285402e-06,2.501559e+08
232,34,1.000000000e-04,-2.217754518e+08,343.152000,343.083000,0.000177,6.921285402e-06,2.502450e+08
232,35,1.000000000e-04,2.224715391e+08,343.083000,343.013700,0.000178,6.921285402e-06,2.503411e+08
232,36,1.000000000e-04,-2.224715391e+08,343.013700,342.947000,0.000178,6.921285402e-06,2.504356e+08
232,37,1.000000000e-04,2.296269711e+08,342.947000,342.886000,0.000189,6.921285402e-06,2.505243e+08
232,38,1.000000000e-04,-2.296269711e+08,342.886000,342.838000,0.000189,6.921285402e-06,2.506001e+08
232,39,1.000000000e-04,4.007832231e+08,342.838000,342.815000,0.000577,6.921285402e-06,2.506490e+08
233,0,1.000000000e-04,-2.051704880e+08,342.698000,342.721700,0.000151,6.921285402e-06,2.508116e+08
233,1,1.000000000e-04,5.024967897e+07,342.721700,342.783000,0.000009,6.921285402e-06,2.507527e+08
233,2,1.000000000e-04,-9.288553591e+07,342.783000,342.863000,0.000031,6.921285402e-06,2.506545e+08
233,3,1.000000000e-04,7.726291715e+07,342.863000,342.956300,0.000021,6.921285402e-06,2.505341e+08
233,4,1.000000000e-04,-8.156220151e+07,342.956300,343.065500,0.000024,6.921285402e-06,2.503933e+08
233,5,1.000000000e-04,7.998768284e+07,343.065500,343.175700,0.000023,6.921285402e-06,2.502408e+08
233,6,1.000000000e-04,-8.041980348e+07,343.175700,343.285000,0.000023,6.921285402e-06,2.500883e+08
233,7,1.000000000e-04,8.026583957e+07,343.285000,343.403100,0.000023,6.921285402e-06,2.499302e+08
233,8,1.000000000e-04,-8.030537995e+07,343.403100,343.510300,0.000023,6.921285402e-06,2.497737e+08
233,9,1.000000000e-04,8.030118234e+07,343.510300,343.614000,0.000023,6.921285402e-06,2.496271e+08
233,10,1.000000000e-04,-8.030124616e+07,343.614000,343.706700,0.000023,6.921285402e-06,2.494906e+08
233,11,1.000000000e-04,8.030518850e+07,343.706700,343.793000,0.000023,6.921285402e-06,2.493662e+08
233,12,1.000000000e-04,-8.030390280e+07,343.793000,343.859100,0.000023,6.921285402e-06,2.492603e+08
233,13,1.000000000e-04,8.030510324e+07,343.859100,343.905700,0.000023,6.921285402e-06,2.491819e+08
233,14,1.000000000e-04,-8.030505210e+07,343.905700,343.940000,0.000023,6.921285402e-06,2.491257e+08
233,15,1.000000000e-04,8.030405624e+07,343.940000,343.955000,0.000023,6.921285402e-06,2.490914e+08
233,16,1.000000000e-04,-8.030554987e+07,343.955000,343.950100,0.000023,6.921285402e-06,2.490844e+08
233,17,1.000000000e-04,8.030057119e+07,343.950100,343.929900,0.000023,6.921285402e-06,2.491019e+08
233,18,1.000000000e-04,-8.030483160e+07,343.929900,343.893000,0.000023,6.921285402e-06,2.491416e+08
233,19,1.000000000e-04,8.029276863e+07,343.893000,343.849000,0.000023,6.921285402e-06,2.491978e+08
233,20,1.000000000e-04,-8.029773505e+07,343.849000,343.793300,0.000023,6.921285402e-06,2.492671e+08
233,21,1.000000000e-04,8.028993235e+07,343.793300,343.734100,0.000023,6.921285402e-06,2.493469e+08
233,22,1.000000000e-04,-8.029773038e+07,343.734100,343.674900,0.000023,6.921285402e-06,2.494292e+08
233,23,1.000000000e-04,8.027434094e+07,343.674900,343.615700,0.000023,6.921285402e-06,2.495115e+08
233,24,1.000000000e-04,-8.033424775e+07,343.615700,343.563500,0.000023,6.921285402e-06,2.495889e+08
233,25,1.000000000e-04,8.011800995e+07,343.563500,343.512300,0.000023,6.921285402e-06,2.496608e+08
233,26,1.000000000e-04,-8.070838643e+07,343.512300,343.469100,0.000023,6.921285402e-06,2.497264e+08
233,27,1.000000000e-04,7.856311831e+07,343.469100,343.433800,0.000022,6.921285402e-06,2.497810e+08
233,28,1.000000000e-04,-8.443438492e+07,343.433800,343.401700,0.000026,6.921285402e-06,2.498278e+08
233,29,1.000000000e-04,6.309458659e+07,343.401700,343.379500,0.000014,6.921285402e-06,2.498655e+08
233,30,1.000000000e-04,-7.711431959e+07,343.379500,343.356300,0.000021,6.921285402e-06,2.498971e+08
233,31,1.000000000e-04,7.201109562e+07,343.356300,343.320100,0.000019,6.921285402e-06,2.499384e+08
233,32,1.000000000e-04,-7.337938714e+07,343.320100,343.279000,0.000019,6.921285402e-06,2.499921e+08
233,33,1.000000000e-04,7.300944503e+07,343.279000,343.224700,0.000019,6.921285402e-06,2.500584e+08
233,34,1.000000000e-04,-7.275672060e+07,343.224700,343.169500,0.000019,6.921285402e-06,2.501345e+08
233,35,1.000000000e-04,7.413756045e+07,343.169500,343.107000,0.000020,6.921285402e-06,2.502163e+08
233,36,1.000000000e-04,-7.024299300e+07,343.107000,343.043000,0.000018,6.921285402e-06,2.503042e+08
233,37,1.000000000e-04,8.444042293e+07,343.043000,342.985000,0.000026,6.921285402e-06,2.503890e+08
233,38,1.000000000e-04,-4.568190484e+07,342.985000,342.937000,0.000007,6.921285402e-06,2.504627e+08
233,39,1.000000000e-04,1.865185473e+08,342.937000,342.924000,0.000125,6.921285402e-06,2.505050e+08
234,0,1.000000000e-04,-4.300700969e+08,342.625000,342.648000,0.000665,6.921285402e-06,2.509130e+08
234,1,1.000000000e-04,2.464652821e+08,342.648000,342.703000,0.000218,6.921285402e-06,2.508593e+08
234,2,1.000000000e-04,-2.464652821e+08,342.703000,342.780300,0.000218,6.921285402e-06,2.507673e+08
234,3,1.000000000e-04,2.387832421e+08,342.780300,342.869100,0.000205,6.921285402e-06,2.506519e+08
234,4,1.000000000e-04,-2.387832421e+08,342.869100,342.966000,0.000205,6.921285402e-06,2.505229e+08
234,5,1.000000000e-04,2.380079190e+08,342.966000,343.063000,0.000204,6.921285402e-06,2.503881e+08
234,6,1.000000000e-04,-2.380079190e+08,343.063000,343.159700,0.000204,6.921285402e-06,2.502535e+08
234,7,1.000000000e-04,2.379309728e+08,343.159700,343.257000,0.000203,6.921285402e-06,2.501186e+08
234,8,1.000000000e-04,-2.379309728e+08,343.257000,343.353000,0.000203,6.921285402e-06,2.499843e+08
234,9,1.000000000e-04,2.379262944e+08,343.353000,343.435500,0.000203,6.921285402e-06,2.498602e+08
234,10,1.000000000e-04,-2.379262944e+08,343.435500,343.516000,0.000203,6.921285402e-06,2.497470e+08
234,11,1.000000000e-04,2.379270285e+08,343.516000,343.589700,0.000203,6.921285402e-06,2.496398e+08
234,12,1.000000000e-04,-2.379270285e+08,343.589700,343.642000,0.000203,6.921285402e-06,2.495522e+08
234,13,1.000000000e-04,2.379273270e+08,343.642000,343.690000,0.000203,6.921285402e-06,2.494825e+08
234,14,1.000000000e-04,-2.379273270e+08,343.690000,343.718000,0.000203,6.921285402e-06,2.494297e+08
234,15,1.000000000e-04,2.379270453e+08,343.718000,343.733000,0.000203,6.921285402e-06,2.493998e+08
234,16,1.000000000e-04,-2.379270453e+08,343.733000,343.733000,0.000203,6.921285402e-06,2.493894e+08
234,17,1.000000000e-04,2.379256655e+08,343.733000,343.726000,0.000203,6.921285402e-06,2.493943e+08
234,18,1.000000000e-04,-2.379256655e+08,343.726000,343.702100,0.000203,6.921285402e-06,2.494157e+08
234,19,1.000000000e-04,2.379223249e+08,343.702100,343.670500,0.000203,6.921285402e-06,2.494543e+08
234,20,1.000000000e-04,-2.379223249e+08,343.670500,343.636000,0.000203,6.921285402e-06,2.495002e+08
234,21,1.000000000e-04,2.379197043e+08,343.636000,343.594300,0.000203,6.921285402e-06,2.495532e+08
234,22,1.000000000e-04,-2.379197043e+08,343.594300,343.551700,0.000203,6.921285402e-06,2.496118e+08
234,23,1.000000000e-04,2.379086234e+08,343.551700,343.510000,0.000203,6.921285402e-06,2.496704e+08
234,24,1.000000000e-04,-2.379086234e+08,343.510000,343.475500,0.000203,6.921285402e-06,2.497233e+08
234,25,1.000000000e-04,2.378033595e+08,343.475500,343.442000,0.000203,6.921285402e-06,2.497706e+08
234,26,1.000000000e-04,-2.378033595e+08,343.442000,343.416300,0.000203,6.921285402e-06,2.498117e+08
234,27,1.000000000e-04,2.367619890e+08,343.416300,343.401700,0.000201,6.921285402e-06,2.498397e+08
234,28,1.000000000e-04,-2.367619890e+08,343.401700,343.400100,0.000201,6.921285402e-06,2.498510e+08
234,29,1.000000000e-04,2.190398450e+08,343.400100,343.412500,0.000172,6.921285402e-06,2.498435e+08
234,30,1.000000000e-04,-2.190398450e+08,343.412500,343.415800,0.000172,6.921285402e-06,2.498326e+08
234,31,1.000000000e-04,2.165767352e+08,343.415800,343.407000,0.000169,6.921285402e-06,2.498365e+08
234,32,1.000000000e-04,-2.165767352e+08,343.407000,343.386700,0.000169,6.921285402e-06,2.498567e+08
234,33,1.000000000e-04,2.163984360e+08,343.386700,343.345000,0.000168,6.921285402e-06,2.498998e+08
234,34,1.000000000e-04,-2.163984360e+08,343.345000,343.296000,0.000168,6.921285402e-06,2.499628e+08
234,35,1.000000000e-04,2.170784163e+08,343.296000,343.237900,0.000169,6.921285402e-06,2.500372e+08
234,36,1.000000000e-04,-2.170784163e+08,343.237900,343.182000,0.000169,6.921285402e-06,2.501165e+08
234,37,1.000000000e-04,2.240596184e+08,343.182000,343.122000,0.000180,6.921285402e-06,2.501970e+08
234,38,1.000000000e-04,-2.240596184e+08,343.122000,343.082100,0.000180,6.921285402e-06,2.502664e+08
234,39,1.000000000e-04,3.909728709e+08,343.082100,343.061000,0.000549,6.921285402e-06,2.503084e+08
235,0,1.000000000e-04,-1.974359190e+08,342.555000,342.578000,0.000140,6.921285402e-06,2.510109e+08
235,1,1.000000000e-04,4.800756564e+07,342.578000,342.629500,0.000008,6.921285402e-06,2.509593e+08
235,2,1.000000000e-04,-8.914103933e+07,342.629500,342.700000,0.000029,6.921285402e-06,2.508745e+08
235,3,1.000000000e-04,7.403549792e+07,342.700000,342.780000,0.000020,6.921285402e-06,2.507699e+08
235,4,1.000000000e-04,-7.819357670e+07,342.780000,342.865000,0.000022,6.921285402e-06,2.506552e+08
235,5,1.000000000e-04,7.666680299e+07,342.865000,342.955500,0.000021,6.921285402e-06,2.505332e+08
235,6,1.000000000e-04,-7.708695160e+07,342.955500,343.047000,0.000021,6.921285402e-06,2.504067e+08
235,7,1.000000000e-04,7.693313087e+07,343.047000,343.131500,0.000021,6.921285402e-06,2.502844e+08
235,8,1.000000000e-04,-7.697521504e+07,343.131500,343.215000,0.000021,6.921285402e-06,2.501677e+08
235,9,1.000000000e-04,7.696069909e+07,343.215000,343.290000,0.000021,6.921285402e-06,2.500575e+08
235,10,1.000000000e-04,-7.696457957e+07,343.290000,343.359000,0.000021,6.921285402e-06,2.499574e+08
235,11,1.000000000e-04,7.696357359e+07,343.359000,343.419500,0.000021,6.921285402e-06,2.498674e+08
235,12,1.000000000e-04,-7.696382671e+07,343.419500,343.469000,0.000021,6.921285402e-06,2.497910e+08
235,13,1.000000000e-04,7.696382022e+07,343.469000,343.508000,0.000021,6.921285402e-06,2.497295e+08
235,14,1.000000000e-04,-7.696385463e+07,343.508000,343.535000,0.000021,6.921285402e-06,2.496836e+08
235,15,1.000000000e-04,7.696372349e+07,343.535000,343.551000,0.000021,6.921285402e-06,2.496537e+08
235,16,1.000000000e-04,-7.696389138e+07,343.551000,343.560000,0.000021,6.921285402e-06,2.496363e+08
235,17,1.000000000e-04,7.696335095e+07,343.560000,343.557000,0.000021,6.921285402e-06,2.496322e+08
235,18,1.000000000e-04,-7.696381091e+07,343.557000,343.545500,0.000021,6.921285402e-06,2.496422e+08
235,19,1.000000000e-04,7.696251149e+07,343.545500,343.525000,0.000021,6.921285402e-06,2.496645e+08
235,20,1.000000000e-04,-7.696350623e+07,343.525000,343.498500,0.000021,6.921285402e-06,2.496971e+08
235,21,1.000000000e-04,7.696082671e+07,343.498500,343.471000,0.000021,6.921285402e-06,2.497347e+08
235,22,1.000000000e-04,-7.696673014e+07,343.471000,343.440500,0.000021,6.921285402e-06,2.497750e+08
235,23,1.000000000e-04,7.694579592e+07,343.440500,343.412000,0.000021,6.921285402e-06,2.498160e+08
235,24,1.000000000e-04,-7.700223389e+07,343.412000,343.390000,0.000021,6.921285402e-06,2.498511e+08
235,25,1.000000000e-04,7.679741624e+07,343.390000,343.374500,0.000021,6.921285402e-06,2.498771e+08
235,26,1.000000000e-04,-7.735367418e+07,343.374500,343.370000,0.000021,6.921285402e-06,2.498910e+08
235,27,1.000000000e-04,7.533346007e+07,343.370000,343.379500,0.000020,6.921285402e-06,2.498876e+08
235,28,1.000000000e-04,-8.081673053e+07,343.379500,343.412500,0.000023,6.921285402e-06,2.498580e+08
235,29,1.000000000e-04,6.090386278e+07,343.412500,343.462500,0.000013,6.921285402e-06,2.498004e+08
235,30,1.000000000e-04,-7.380481757e+07,343.462500,343.512000,0.000020,6.921285402e-06,2.497312e+08
235,31,1.000000000e-04,6.905560224e+07,343.512000,343.533500,0.000017,6.921285402e-06,2.496819e+08
235,32,1.000000000e-04,-7.032871975e+07,343.533500,343.527000,0.000018,6.921285402e-06,2.496714e+08
235,33,1.000000000e-04,6.998546507e+07,343.527000,343.506500,0.000018,6.921285402e-06,2.496902e+08
235,34,1.000000000e-04,-6.973650840e+07,343.506500,343.465000,0.000017,6.921285402e-06,2.497333e+08
235,35,1.000000000e-04,7.107558975e+07,343.465000,343.417000,0.000018,6.921285402e-06,2.497955e+08
235,36,1.000000000e-04,-6.730897479e+07,343.417000,343.362000,0.000016,6.921285402e-06,2.498671e+08
235,37,1.000000000e-04,8.103635328e+07,343.362000,343.311000,0.000024,6.921285402e-06,2.499407e+08
235,38,1.000000000e-04,-4.364363455e+07,343.311000,343.267500,0.000007,6.921285402e-06,2.500064e+08
235,39,1.000000000e-04,1.794871310e+08,343.267500,343.250000,0.000116,6.921285402e-06,2.500487e+08
236,0,1.000000000e-04,-4.076811446e+08,342.486000,342.507100,0.000597,6.921285402e-06,2.511076e+08
236,1,1.000000000e-04,2.321419388e+08,342.507100,342.553300,0.000194,6.921285402e-06,2.510613e+08
236,2,1.000000000e-04,-2.321419388e+08,342.553300,342.620000,0.000194,6.921285402e-06,2.509828e+08
236,3,1.000000000e-04,2.246933656e+08,342.620000,342.699100,0.000181,6.921285402e-06,2.508815e+08
236,4,1.000000000e-04,-2.246933656e+08,342.699100,342.779000,0.000181,6.921285402e-06,2.507710e+08
236,5,1.000000000e-04,2.239398213e+08,342.779000,342.859000,0.000180,6.921285402e-06,2.506599e+08
236,6,1.000000000e-04,-2.239398213e+08,342.859000,342.939000,0.000180,6.921285402e-06,2.505487e+08
236,7,1.000000000e-04,2.238637173e+08,342.939000,343.018000,0.000180,6.921285402e-06,2.504382e+08
236,8,1.000000000e-04,-2.238637173e+08,343.018000,343.089000,0.000180,6.921285402e-06,2.503339e+08
236,9,1.000000000e-04,2.238562965e+08,343.089000,343.153000,0.000180,6.921285402e-06,2.502401e+08
236,10,1.000000000e-04,-2.238562965e+08,343.153000,343.216000,0.000180,6.921285402e-06,2.501518e+08
236,11,1.000000000e-04,2.238556721e+08,343.216000,343.273000,0.000180,6.921285402e-06,2.500684e+08
236,12,1.000000000e-04,-2.238556721e+08,343.273000,343.317300,0.000180,6.921285402e-06,2.499980e+08
236,13,1.000000000e-04,2.238556352e+08,343.317300,343.350000,0.000180,6.921285402e-06,2.499445e+08
236,14,1.000000000e-04,-2.238556352e+08,343.350000,343.381000,0.000180,6.921285402e-06,2.499002e+08
236,15,1.000000000e-04,2.238555947e+08,343.381000,343.401100,0.000180,6.921285402e-06,2.498647e+08
236,16,1.000000000e-04,-2.238555947e+08,343.401100,343.408300,0.000180,6.921285402e-06,2.498458e+08
236,17,1.000000000e-04,2.238554406e+08,343.408300,343.411000,0.000180,6.921285402e-06,2.498389e+08
236,18,1.000000000e-04,-2.238554406e+08,343.411000,343.402900,0.000180,6.921285402e-06,2.498426e+08
236,19,1.000000000e-04,2.238550382e+08,343.402900,343.388000,0.000180,6.921285402e-06,2.498586e+08
236,20,1.000000000e-04,-2.238550382e+08,343.388000,343.372000,0.000180,6.921285402e-06,2.498801e+08
236,21,1.000000000e-04,2.238538389e+08,343.372000,343.356700,0.000180,6.921285402e-06,2.499018e+08
236,22,1.000000000e-04,-2.238538389e+08,343.356700,343.341000,0.000180,6.921285402e-06,2.499234e+08
236,23,1.000000000e-04,2.238435243e+08,343.341000,343.325000,0.000180,6.921285402e-06,2.499454e+08
236,24,1.000000000e-04,-2.238435243e+08,343.325000,343.310500,0.000180,6.921285402e-06,2.499666e+08
236,25,1.000000000e-04,2.237422135e+08,343.310500,343.307000,0.000180,6.921285402e-06,2.499791e+08
236,26,1.000000000e-04,-2.237422135e+08,343.307000,343.323700,0.000180,6.921285402e-06,2.499699e+08
236,27,1.000000000e-04,2.227422560e+08,343.323700,343.356300,0.000178,6.921285402e-06,2.499357e+08
236,28,1.000000000e-04,-2.227422560e+08,343.356300,343.415800,0.000178,6.921285402e-06,2.498717e+08
236,29,1.000000000e-04,2.061388903e+08,343.415800,343.512000,0.000153,6.921285402e-06,2.497635e+08
236,30,1.000000000e-04,-2.061388903e+08,343.512000,343.606200,0.000153,6.921285402e-06,2.496312e+08
236,31,1.000000000e-04,2.037792111e+08,343.606200,343.656700,0.000149,6.921285402e-06,2.495306e+08
236,32,1.000000000e-04,-2.037792111e+08,343.656700,343.673300,0.000149,6.921285402e-06,2.494840e+08
236,33,1.000000000e-04,2.036086524e+08,343.673300,343.658900,0.000149,6.921285402e-06,2.494824e+08
236,34,1.000000000e-04,-2.036086524e+08,343.658900,343.632500,0.000149,6.921285402e-06,2.495108e+08
236,35,1.000000000e-04,2.042694259e+08,343.632500,343.586000,0.000150,6.921285402e-06,2.495615e+08
236,36,1.000000000e-04,-2.042694259e+08,343.586000,343.538000,0.000150,6.921285402e-06,2.496271e+08
236,37,1.000000000e-04,2.110384040e+08,343.538000,343.490300,0.000160,6.921285402e-06,2.496936e+08
236,38,1.000000000e-04,-2.110384040e+08,343.490300,343.451100,0.000160,6.921285402e-06,2.497540e+08
236,39,1.000000000e-04,3.706192876e+08,343.451100,343.439000,0.000494,6.921285402e-06,2.497893e+08
237,0,1.000000000e-04,-1.913456209e+08,342.415000,342.434300,0.000132,6.921285402e-06,2.512081e+08
237,1,1.000000000e-04,4.629829542e+07,342.434300,342.480900,0.000008,6.921285402e-06,2.511624e+08
237,2,1.000000000e-04,-8.623231457e+07,342.480900,342.544900,0.000027,6.921285402e-06,2.510855e+08
237,3,1.000000000e-04,7.154356343e+07,342.544900,342.611000,0.000018,6.921285402e-06,2.509951e+08
237,4,1.000000000e-04,-7.558760214e+07,342.611000,342.690000,0.000021,6.921285402e-06,2.508943e+08
237,5,1.000000000e-04,7.410019843e+07,342.690000,342.763000,0.000020,6.921285402e-06,2.507886e+08
237,6,1.000000000e-04,-7.450969814e+07,342.763000,342.838100,0.000020,6.921285402e-06,2.506857e+08
237,7,1.000000000e-04,7.435910302e+07,342.838100,342.910900,0.000020,6.921285402e-06,2.505829e+08
237,8,1.000000000e-04,-7.440054359e+07,342.910900,342.977000,0.000020,6.921285402e-06,2.504864e+08
237,9,1.000000000e-04,7.438537644e+07,342.977000,343.037500,0.000020,6.921285402e-06,2.503984e+08
237,10,1.000000000e-04,-7.438954113e+07,343.037500,343.094300,0.000020,6.921285402e-06,2.503169e+08
237,11,1.000000000e-04,7.438804950e+07,343.094300,343.145000,0.000020,6.921285402e-06,2.502422e+08
237,12,1.000000000e-04,-7.438845771e+07,343.145000,343.183000,0.000020,6.921285402e-06,2.501805e+08
237,13,1.000000000e-04,7.438831651e+07,343.183000,343.222000,0.000020,6.921285402e-06,2.501270e+08
237,14,1.000000000e-04,-7.438835952e+07,343.222000,343.244000,0.000020,6.921285402e-06,2.500846e+08
237,15,1.000000000e-04,7.438832867e+07,343.244000,343.265000,0.000020,6.921285402e-06,2.500547e+08
237,16,1.000000000e-04,-7.438835538e+07,343.265000,343.274000,0.000020,6.921285402e-06,2.500339e+08
237,17,1.000000000e-04,7.438827939e+07,343.274000,343.276100,0.000020,6.921285402e-06,2.500262e+08
237,18,1.000000000e-04,-7.438837591e+07,343.276100,343.274700,0.000020,6.921285402e-06,2.500257e+08
237,19,1.000000000e-04,7.438806581e+07,343.274700,343.272500,0.000020,6.921285402e-06,2.500282e+08
237,20,1.000000000e-04,-7.438867282e+07,343.272500,343.260700,0.000020,6.921285402e-06,2.500379e+08
237,21,1.000000000e-04,7.438655488e+07,343.260700,343.253100,0.000020,6.921285402e-06,2.500514e+08
237,22,1.000000000e-04,-7.439216536e+07,343.253100,343.245000,0.000020,6.921285402e-06,2.500623e+08
237,23,1.000000000e-04,7.437184138e+07,343.245000,343.235300,0.000020,6.921285402e-06,2.500747e+08
237,24,1.000000000e-04,-7.442702879e+07,343.235300,343.235000,0.000020,6.921285402e-06,2.500816e+08
237,25,1.000000000e-04,7.422660313e+07,343.235000,343.243000,0.000020,6.921285402e-06,2.500763e+08
237,26,1.000000000e-04,-7.477161351e+07,343.243000,343.270900,0.000020,6.921285402e-06,2.500513e+08
237,27,1.000000000e-04,7.279199764e+07,343.270900,343.320100,0.000019,6.921285402e-06,2.499977e+08
237,28,1.000000000e-04,-7.817661639e+07,343.320100,343.407000,0.000022,6.921285402e-06,2.499031e+08
237,29,1.000000000e-04,5.861775728e+07,343.407000,343.533500,0.000012,6.921285402e-06,2.497548e+08
237,30,1.000000000e-04,-7.141528144e+07,343.533500,343.656700,0.000018,6.921285402e-06,2.495813e+08
237,31,1.000000000e-04,6.672577999e+07,343.656700,343.731100,0.000016,6.921285402e-06,2.494440e+08
237,32,1.000000000e-04,-6.798290037e+07,343.731100,343.767100,0.000017,6.921285402e-06,2.493672e+08
237,33,1.000000000e-04,6.764392031e+07,343.767100,343.765700,0.000016,6.921285402e-06,2.493432e+08
237,34,1.000000000e-04,-6.740266218e+07,343.765700,343.742000,0.000016,6.921285402e-06,2.493606e+08
237,35,1.000000000e-04,6.870667475e+07,343.742000,343.709700,0.000017,6.921285402e-06,2.493995e+08
237,36,1.000000000e-04,-6.504353808e+07,343.709700,343.668000,0.000015,6.921285402e-06,2.494510e+08
237,37,1.000000000e-04,7.839207218e+07,343.668000,343.620900,0.000022,6.921285402e-06,2.495127e+08
237,38,1.000000000e-04,-4.208975108e+07,343.620900,343.581300,0.000006,6.921285402e-06,2.495730e+08
237,39,1.000000000e-04,1.739505014e+08,343.581300,343.569000,0.000109,6.921285402e-06,2.496089e+08
238,0,1.000000000e-04,-4.039996343e+08,342.345000,342.360700,0.000586,6.921285402e-06,2.513073e+08
238,1,1.000000000e-04,2.306291784e+08,342.360700,342.408100,0.000191,6.921285402e-06,2.512640e+08
238,2,1.000000000e-04,-2.306291784e+08,342.408100,342.467000,0.000191,6.921285402e-06,2.511901e+08
238,3,1.000000000e-04,2.233008048e+08,342.467000,342.531000,0.000179,6.921285402e-06,2.511047e+08
238,4,1.000000000e-04,-2.233008048e+08,342.531000,342.605000,0.000179,6.921285402e-06,2.510088e+08
238,5,1.000000000e-04,2.225582727e+08,342.605000,342.676000,0.000178,6.921285402e-06,2.509080e+08
238,6,1.000000000e-04,-2.225582727e+08,342.676000,342.742100,0.000178,6.921285402e-06,2.508127e+08
238,7,1.000000000e-04,2.224829365e+08,342.742100,342.813100,0.000178,6.921285402e-06,2.507174e+08
238,8,1.000000000e-04,-2.224829365e+08,342.813100,342.868700,0.000178,6.921285402e-06,2.506294e+08
238,9,1.000000000e-04,2.224752939e+08,342.868700,342.930500,0.000178,6.921285402e-06,2.505478e+08
238,10,1.000000000e-04,-2.224752939e+08,342.930500,342.982000,0.000178,6.921285402e-06,2.504691e+08
238,11,1.000000000e-04,2.224745247e+08,342.982000,343.023000,0.000178,6.921285402e-06,2.504048e+08
238,12,1.000000000e-04,-2.224745247e+08,343.023000,343.065000,0.000178,6.921285402e-06,2.503471e+08
238,13,1.000000000e-04,2.224744480e+08,343.065000,343.097000,0.000178,6.921285402e-06,2.502957e+08
238,14,1.000000000e-04,-2.224744480e+08,343.097000,343.119000,0.000178,6.921285402e-06,2.502582e+08
238,15,1.000000000e-04,2.224744349e+08,343.119000,343.140000,0.000178,6.921285402e-06,2.502283e+08
238,16,1.000000000e-04,-2.224744349e+08,343.140000,343.153900,0.000178,6.921285402e-06,2.502040e+08
238,17,1.000000000e-04,2.224744082e+08,343.153900,343.159000,0.000178,6.921285402e-06,2.501908e+08
238,18,1.000000000e-04,-2.224744082e+08,343.159000,343.159000,0.000178,6.921285402e-06,2.501873e+08
238,19,1.000000000e-04,2.224742737e+08,343.159000,343.159000,0.000178,6.921285402e-06,2.501873e+08
238,20,1.000000000e-04,-2.224742737e+08,343.159000,343.158300,0.000178,6.921285402e-06,2.501878e+08
238,21,1.000000000e-04,2.224732189e+08,343.158300,343.152000,0.000178,6.921285402e-06,2.501926e+08
238,22,1.000000000e-04,-2.224732189e+08,343.152000,343.149900,0.000178,6.921285402e-06,2.501985e+08
238,23,1.000000000e-04,2.224630354e+08,343.149900,343.145000,0.000178,6.921285402e-06,2.502033e+08
238,24,1.000000000e-04,-2.224630354e+08,343.145000,343.155000,0.000178,6.921285402e-06,2.501998e+08
238,25,1.000000000e-04,2.223628413e+08,343.155000,343.170000,0.000178,6.921285402e-06,2.501824e+08
238,26,1.000000000e-04,-2.223628413e+08,343.170000,343.211100,0.000178,6.921285402e-06,2.501434e+08
238,27,1.000000000e-04,2.213739645e+08,343.211100,343.279000,0.000176,6.921285402e-06,2.500677e+08
238,28,1.000000000e-04,-2.213739645e+08,343.279000,343.386700,0.000176,6.921285402e-06,2.499456e+08
238,29,1.000000000e-04,2.048657728e+08,343.386700,343.527000,0.000151,6.921285402e-06,2.497733e+08
238,30,1.000000000e-04,-2.048657728e+08,343.527000,343.673600,0.000151,6.921285402e-06,2.495739e+08
238,31,1.000000000e-04,2.025220907e+08,343.673600,343.768000,0.000147,6.921285402e-06,2.494064e+08
238,32,1.000000000e-04,-2.025220907e+08,343.768000,343.811100,0.000147,6.921285402e-06,2.493108e+08
238,33,1.000000000e-04,2.023525914e+08,343.811100,343.825700,0.000147,6.921285402e-06,2.492707e+08
238,34,1.000000000e-04,-2.023525914e+08,343.825700,343.811000,0.000147,6.921285402e-06,2.492708e+08
238,35,1.000000000e-04,2.030034734e+08,343.811000,343.783300,0.000148,6.921285402e-06,2.493003e+08
238,36,1.000000000e-04,-2.030034734e+08,343.783300,343.745000,0.000148,6.921285402e-06,2.493462e+08
238,37,1.000000000e-04,2.096631739e+08,343.745000,343.700900,0.000158,6.921285402e-06,2.494034e+08
238,38,1.000000000e-04,-2.096631739e+08,343.700900,343.664000,0.000158,6.921285402e-06,2.494597e+08
238,39,1.000000000e-04,3.672724690e+08,343.664000,343.652000,0.000485,6.921285402e-06,2.494933e+08
239,0,1.000000000e-04,-1.906652812e+08,342.274000,342.296000,0.000131,6.921285402e-06,2.514022e+08
239,1,1.000000000e-04,4.623041713e+07,342.296000,342.335700,0.000008,6.921285402e-06,2.513595e+08
239,2,1.000000000e-04,-8.599531892e+07,342.335700,342.393300,0.000027,6.921285402e-06,2.512918e+08
239,3,1.000000000e-04,7.137057585e+07,342.393300,342.451000,0.000018,6.921285402e-06,2.512117e+08
239,4,1.000000000e-04,-7.539744277e+07,342.451000,342.525000,0.000020,6.921285402e-06,2.511202e+08
239,5,1.000000000e-04,7.391471817e+07,342.525000,342.589000,0.000020,6.921285402e-06,2.510242e+08
239,6,1.000000000e-04,-7.432308679e+07,342.589000,342.653700,0.000020,6.921285402e-06,2.509348e+08
239,7,1.000000000e-04,7.417233692e+07,342.653700,342.715000,0.000020,6.921285402e-06,2.508472e+08
239,8,1.000000000e-04,-7.421387515e+07,342.715000,342.772000,0.000020,6.921285402e-06,2.507650e+08
239,9,1.000000000e-04,7.419847209e+07,342.772000,342.822000,0.000020,6.921285402e-06,2.506906e+08
239,10,1.000000000e-04,-7.420271918e+07,342.822000,342.870000,0.000020,6.921285402e-06,2.506225e+08
239,11,1.000000000e-04,7.420113389e+07,342.870000,342.917300,0.000020,6.921285402e-06,2.505563e+08
239,12,1.000000000e-04,-7.420157157e+07,342.917300,342.953000,0.000020,6.921285402e-06,2.504986e+08
239,13,1.000000000e-04,7.420140614e+07,342.953000,342.985000,0.000020,6.921285402e-06,2.504516e+08
239,14,1.000000000e-04,-7.420145296e+07,342.985000,343.007000,0.000020,6.921285402e-06,2.504140e+08
239,15,1.000000000e-04,7.420143110e+07,343.007000,343.028000,0.000020,6.921285402e-06,2.503842e+08
239,16,1.000000000e-04,-7.420144421e+07,343.028000,343.037000,0.000020,6.921285402e-06,2.503633e+08
239,17,1.000000000e-04,7.420141364e+07,343.037000,343.047000,0.000020,6.921285402e-06,2.503501e+08
239,18,1.000000000e-04,-7.420147823e+07,343.047000,343.055100,0.000020,6.921285402e-06,2.503375e+08
239,19,1.000000000e-04,7.420125043e+07,343.055100,343.056000,0.000020,6.921285402e-06,2.503313e+08
239,20,1.000000000e-04,-7.420183279e+07,343.056000,343.056000,0.000020,6.921285402e-06,2.503306e+08
239,21,1.000000000e-04,7.419973114e+07,343.056000,343.056000,0.000020,6.921285402e-06,2.503306e+08
239,22,1.000000000e-04,-7.420535906e+07,343.056000,343.056000,0.000020,6.921285402e-06,2.503306e+08
239,23,1.000000000e-04,7.418494905e+07,343.056000,343.064100,0.000020,6.921285402e-06,2.503250e+08
239,24,1.000000000e-04,-7.424013915e+07,343.064100,343.075000,0.000020,6.921285402e-06,2.503118e+08
239,25,1.000000000e-04,7.403978873e+07,343.075000,343.097900,0.000020,6.921285402e-06,2.502883e+08
239,26,1.000000000e-04,-7.458384923e+07,343.097900,343.152000,0.000020,6.921285402e-06,2.502348e+08
239,27,1.000000000e-04,7.260795767e+07,343.152000,343.224700,0.000019,6.921285402e-06,2.501467e+08
239,28,1.000000000e-04,-7.798497348e+07,343.224700,343.345000,0.000022,6.921285402e-06,2.500125e+08
239,29,1.000000000e-04,5.845280180e+07,343.345000,343.506500,0.000012,6.921285402e-06,2.498167e+08
239,30,1.000000000e-04,-7.124258544e+07,343.506500,343.659000,0.000018,6.921285402e-06,2.495985e+08
239,31,1.000000000e-04,6.655735861e+07,343.659000,343.766000,0.000016,6.921285402e-06,2.494181e+08
239,32,1.000000000e-04,-6.781341961e+07,343.766000,343.825700,0.000017,6.921285402e-06,2.493022e+08
239,33,1.000000000e-04,6.747440246e+07,343.825700,343.848000,0.000016,6.921285402e-06,2.492453e+08
239,34,1.000000000e-04,-6.723427789e+07,343.848000,343.843000,0.000016,6.921285402e-06,2.492332e+08
239,35,1.000000000e-04,6.853379331e+07,343.843000,343.816000,0.000017,6.921285402e-06,2.492555e+08
239,36,1.000000000e-04,-6.488634750e+07,343.816000,343.784000,0.000015,6.921285402e-06,2.492965e+08
239,37,1.000000000e-04,7.817661530e+07,343.784000,343.742000,0.000022,6.921285402e-06,2.493479e+08
239,38,1.000000000e-04,-4.202805802e+07,343.742000,343.710000,0.000006,6.921285402e-06,2.493994e+08
239,39,1.000000000e-04,1.733320194e+08,343.710000,343.698000,0.000108,6.921285402e-06,2.494298e+08
240,0,1.000000000e-04,-4.048919077e+08,342.210000,342.222500,0.000589,6.921285402e-06,2.514972e+08
240,1,1.000000000e-04,2.309530903e+08,342.222500,342.266000,0.000192,6.921285402e-06,2.514588e+08
240,2,1.000000000e-04,-2.309530903e+08,342.266000,342.320500,0.000192,6.921285402e-06,2.513907e+08
240,3,1.000000000e-04,2.235742603e+08,342.320500,342.381000,0.000180,6.921285402e-06,2.513107e+08
240,4,1.000000000e-04,-2.235742603e+08,342.381000,342.445000,0.000180,6.921285402e-06,2.512242e+08
240,5,1.000000000e-04,2.228211295e+08,342.445000,342.508500,0.000178,6.921285402e-06,2.511356e+08
240,6,1.000000000e-04,-2.228211295e+08,342.508500,342.564500,0.000178,6.921285402e-06,2.510526e+08
240,7,1.000000000e-04,2.227433731e+08,342.564500,342.625500,0.000178,6.921285402e-06,2.509712e+08
240,8,1.000000000e-04,-2.227433731e+08,342.625500,342.677000,0.000178,6.921285402e-06,2.508930e+08
240,9,1.000000000e-04,2.227351888e+08,342.677000,342.725000,0.000178,6.921285402e-06,2.508239e+08
240,10,1.000000000e-04,-2.227351888e+08,342.725000,342.773000,0.000178,6.921285402e-06,2.507572e+08
240,11,1.000000000e-04,2.227343016e+08,342.773000,342.814000,0.000178,6.921285402e-06,2.506953e+08
240,12,1.000000000e-04,-2.227343016e+08,342.814000,342.846000,0.000178,6.921285402e-06,2.506446e+08
240,13,1.000000000e-04,2.227342011e+08,342.846000,342.878000,0.000178,6.921285402e-06,2.506001e+08
240,14,1.000000000e-04,-2.227342011e+08,342.878000,342.897500,0.000178,6.921285402e-06,2.505643e+08
240,15,1.000000000e-04,2.227341867e+08,342.897500,342.921000,0.000178,6.921285402e-06,2.505344e+08
240,16,1.000000000e-04,-2.227341867e+08,342.921000,342.933500,0.000178,6.921285402e-06,2.505094e+08
240,17,1.000000000e-04,2.227341688e+08,342.933500,342.941500,0.000178,6.921285402e-06,2.504952e+08
240,18,1.000000000e-04,-2.227341688e+08,342.941500,342.949500,0.000178,6.921285402e-06,2.504840e+08
240,19,1.000000000e-04,2.227340390e+08,342.949500,342.952500,0.000178,6.921285402e-06,2.504764e+08
240,20,1.000000000e-04,-2.227340390e+08,342.952500,342.960000,0.000178,6.921285402e-06,2.504691e+08
240,21,1.000000000e-04,2.227328976e+08,342.960000,342.960000,0.000178,6.921285402e-06,2.504639e+08
240,22,1.000000000e-04,-2.227328976e+08,342.960000,342.966500,0.000178,6.921285402e-06,2.504594e+08
240,23,1.000000000e-04,2.227222590e+08,342.966500,342.974500,0.000178,6.921285402e-06,2.504493e+08
240,24,1.000000000e-04,-2.227222590e+08,342.974500,342.995000,0.000178,6.921285402e-06,2.504295e+08
240,25,1.000000000e-04,2.226203020e+08,342.995000,343.028000,0.000178,6.921285402e-06,2.503923e+08
240,26,1.000000000e-04,-2.226203020e+08,343.028000,343.083000,0.000178,6.921285402e-06,2.503311e+08
240,27,1.000000000e-04,2.216266889e+08,343.083000,343.169500,0.000176,6.921285402e-06,2.502328e+08
240,28,1.000000000e-04,-2.216266889e+08,343.169500,343.296000,0.000176,6.921285402e-06,2.500848e+08
240,29,1.000000000e-04,2.051147294e+08,343.296000,343.465000,0.000151,6.921285402e-06,2.498794e+08
240,30,1.000000000e-04,-2.051147294e+08,343.465000,343.632500,0.000151,6.921285402e-06,2.496456e+08
240,31,1.000000000e-04,2.027633488e+08,343.632500,343.742000,0.000148,6.921285402e-06,2.494530e+08
240,32,1.000000000e-04,-2.027633488e+08,343.742000,343.812500,0.000148,6.921285402e-06,2.493279e+08
240,33,1.000000000e-04,2.025927160e+08,343.812500,343.843500,0.000147,6.921285402e-06,2.492574e+08
240,34,1.000000000e-04,-2.025927160e+08,343.843500,343.840000,0.000147,6.921285402e-06,2.492383e+08
240,35,1.000000000e-04,2.032523252e+08,343.840000,343.818000,0.000148,6.921285402e-06,2.492560e+08
240,36,1.000000000e-04,-2.032523252e+08,343.818000,343.786000,0.000148,6.921285402e-06,2.492935e+08
240,37,1.000000000e-04,2.099576929e+08,343.786000,343.754000,0.000158,6.921285402e-06,2.493380e+08
240,38,1.000000000e-04,-2.099576929e+08,343.754000,343.722000,0.000158,6.921285402e-06,2.493825e+08
240,39,1.000000000e-04,3.680836664e+08,343.722000,343.710000,0.000487,6.921285402e-06,2.494127e+08
241,0,1.000000000e-04,-1.930293240e+08,342.146000,342.158000,0.000134,6.921285402e-06,2.515871e+08
241,1,1.000000000e-04,4.660082623e+07,342.158000,342.197000,0.000008,6.921285402e-06,2.515518e+08
241,2,1.000000000e-04,-8.693059494e+07,342.197000,342.248000,0.000027,6.921285402e-06,2.514892e+08
241,3,1.000000000e-04,7.204001790e+07,342.248000,342.303000,0.000019,6.921285402e-06,2.514155e+08
241,4,1.000000000e-04,-7.614511178e+07,342.303000,342.365500,0.000021,6.921285402e-06,2.513339e+08
241,5,1.000000000e-04,7.461531333e+07,342.365500,342.428100,0.000020,6.921285402e-06,2.512469e+08
241,6,1.000000000e-04,-7.503783185e+07,342.428100,342.483300,0.000020,6.921285402e-06,2.511651e+08
241,7,1.000000000e-04,7.487755621e+07,342.483300,342.537000,0.000020,6.921285402e-06,2.510894e+08
241,8,1.000000000e-04,-7.492195873e+07,342.537000,342.592000,0.000020,6.921285402e-06,2.510138e+08
241,9,1.000000000e-04,7.490462431e+07,342.592000,342.639500,0.000020,6.921285402e-06,2.509426e+08
241,10,1.000000000e-04,-7.490944875e+07,342.639500,342.677900,0.000020,6.921285402e-06,2.508829e+08
241,11,1.000000000e-04,7.490748540e+07,342.677900,342.718000,0.000020,6.921285402e-06,2.508283e+08
241,12,1.000000000e-04,-7.490803544e+07,342.718000,342.750000,0.000020,6.921285402e-06,2.507782e+08
241,13,1.000000000e-04,7.490779863e+07,342.750000,342.782000,0.000020,6.921285402e-06,2.507337e+08
241,14,1.000000000e-04,-7.490786671e+07,342.782000,342.799500,0.000020,6.921285402e-06,2.506993e+08
241,15,1.000000000e-04,7.490783119e+07,342.799500,342.816000,0.000020,6.921285402e-06,2.506757e+08
241,16,1.000000000e-04,-7.490785037e+07,342.816000,342.832000,0.000020,6.921285402e-06,2.506531e+08
241,17,1.000000000e-04,7.490780917e+07,342.832000,342.844300,0.000020,6.921285402e-06,2.506334e+08
241,18,1.000000000e-04,-7.490789230e+07,342.844300,342.853100,0.000020,6.921285402e-06,2.506188e+08
241,19,1.000000000e-04,7.490760099e+07,342.853100,342.859500,0.000020,6.921285402e-06,2.506082e+08
241,20,1.000000000e-04,-7.490828984e+07,342.859500,342.865000,0.000020,6.921285402e-06,2.505999e+08
241,21,1.000000000e-04,7.490582575e+07,342.865000,342.871300,0.000020,6.921285402e-06,2.505917e+08
241,22,1.000000000e-04,-7.491197779e+07,342.871300,342.878000,0.000020,6.921285402e-06,2.505827e+08
241,23,1.000000000e-04,7.488983373e+07,342.878000,342.894000,0.000020,6.921285402e-06,2.505669e+08
241,24,1.000000000e-04,-7.494723919e+07,342.894000,342.915000,0.000020,6.921285402e-06,2.505412e+08
241,25,1.000000000e-04,7.473976140e+07,342.915000,342.949900,0.000020,6.921285402e-06,2.505024e+08
241,26,1.000000000e-04,-7.529127103e+07,342.949900,343.013700,0.000020,6.921285402e-06,2.504338e+08
241,27,1.000000000e-04,7.329271030e+07,343.013700,343.107000,0.000019,6.921285402e-06,2.503246e+08
241,28,1.000000000e-04,-7.868583303e+07,343.107000,343.237900,0.000022,6.921285402e-06,2.501688e+08
241,29,1.000000000e-04,5.911190285e+07,343.237900,343.417000,0.000013,6.921285402e-06,2.499533e+08
241,30,1.000000000e-04,-7.192089332e+07,343.417000,343.586000,0.000019,6.921285402e-06,2.497114e+08
241,31,1.000000000e-04,6.720059770e+07,343.586000,343.709700,0.000016,6.921285402e-06,2.495080e+08
241,32,1.000000000e-04,-6.846655018e+07,343.709700,343.783300,0.000017,6.921285402e-06,2.493708e+08
241,33,1.000000000e-04,6.812303588e+07,343.783300,343.816000,0.000017,6.921285402e-06,2.492970e+08
241,34,1.000000000e-04,-6.787418403e+07,343.816000,343.818000,0.000017,6.921285402e-06,2.492729e+08
241,35,1.000000000e-04,6.921310574e+07,343.818000,343.806100,0.000017,6.921285402e-06,2.492797e+08
241,36,1.000000000e-04,-6.549557462e+07,343.806100,343.775000,0.000015,6.921285402e-06,2.493096e+08
241,37,1.000000000e-04,7.902677738e+07,343.775000,343.743000,0.000022,6.921285402e-06,2.493535e+08
241,38,1.000000000e-04,-4.236491007e+07,343.743000,343.711000,0.000006,6.921285402e-06,2.493980e+08
241,39,1.000000000e-04,1.754811765e+08,343.711000,343.699000,0.000111,6.921285402e-06,2.494284e+08
242,0,1.000000000e-04,-4.138262147e+08,342.082000,342.094700,0.000615,6.921285402e-06,2.516750e+08
242,1,1.000000000e-04,2.354101336e+08,342.094700,342.135100,0.000199,6.921285402e-06,2.516386e+08
242,2,1.000000000e-04,-2.354101336e+08,342.135100,342.184000,0.000199,6.921285402e-06,2.515765e+08
242,3,1.000000000e-04,2.276615181e+08,342.184000,342.239000,0.000186,6.921285402e-06,2.515043e+08
242,4,1.000000000e-04,-2.276615181e+08,342.239000,342.297000,0.000186,6.921285402e-06,2.514258e+08
242,5,1.000000000e-04,2.268230674e+08,342.297000,342.355300,0.000185,6.921285402e-06,2.513449e+08
242,6,1.000000000e-04,-2.268230674e+08,342.355300,342.410900,0.000185,6.921285402e-06,2.512658e+08
242,7,1.000000000e-04,2.267266423e+08,342.410900,342.461900,0.000185,6.921285402e-06,2.511917e+08
242,8,1.000000000e-04,-2.267266423e+08,342.461900,342.512000,0.000185,6.921285402e-06,2.511214e+08
242,9,1.000000000e-04,2.267147159e+08,342.512000,342.555000,0.000185,6.921285402e-06,2.510567e+08
242,10,1.000000000e-04,-2.267147159e+08,342.555000,342.597000,0.000185,6.921285402e-06,2.509976e+08
242,11,1.000000000e-04,2.267131242e+08,342.597000,342.629000,0.000185,6.921285402e-06,2.509462e+08
242,12,1.000000000e-04,-2.267131242e+08,342.629000,342.661000,0.000185,6.921285402e-06,2.509017e+08
242,13,1.000000000e-04,2.267128956e+08,342.661000,342.693000,0.000185,6.921285402e-06,2.508572e+08
242,14,1.000000000e-04,-2.267128956e+08,342.693000,342.711500,0.000185,6.921285402e-06,2.508222e+08
242,15,1.000000000e-04,2.267128551e+08,342.711500,342.729000,0.000185,6.921285402e-06,2.507971e+08
242,16,1.000000000e-04,-2.267128551e+08,342.729000,342.745000,0.000185,6.921285402e-06,2.507738e+08
242,17,1.000000000e-04,2.267128106e+08,342.745000,342.758000,0.000185,6.921285402e-06,2.507537e+08
242,18,1.000000000e-04,-2.267128106e+08,342.758000,342.765000,0.000185,6.921285402e-06,2.507398e+08
242,19,1.000000000e-04,2.267125471e+08,342.765000,342.775000,0.000185,6.921285402e-06,2.507280e+08
242,20,1.000000000e-04,-2.267125471e+08,342.775000,342.778700,0.000185,6.921285402e-06,2.507185e+08
242,21,1.000000000e-04,2.267106731e+08,342.778700,342.785000,0.000185,6.921285402e-06,2.507115e+08
242,22,1.000000000e-04,-2.267106731e+08,342.785000,342.798000,0.000185,6.921285402e-06,2.506981e+08
242,23,1.000000000e-04,2.266962929e+08,342.798000,342.814000,0.000185,6.921285402e-06,2.506779e+08
242,24,1.000000000e-04,-2.266962929e+08,342.814000,342.842000,0.000185,6.921285402e-06,2.506474e+08
242,25,1.000000000e-04,2.265772538e+08,342.842000,342.885000,0.000184,6.921285402e-06,2.505980e+08
242,26,1.000000000e-04,-2.265772538e+08,342.885000,342.947000,0.000184,6.921285402e-06,2.505250e+08
242,27,1.000000000e-04,2.255212564e+08,342.947000,343.043000,0.000183,6.921285402e-06,2.504152e+08
242,28,1.000000000e-04,-2.255212564e+08,343.043000,343.182000,0.000183,6.921285402e-06,2.502519e+08
242,29,1.000000000e-04,2.088813444e+08,343.182000,343.362000,0.000157,6.921285402e-06,2.500302e+08
242,30,1.000000000e-04,-2.088813444e+08,343.362000,343.538000,0.000157,6.921285402e-06,2.497828e+08
242,31,1.000000000e-04,2.064264855e+08,343.538000,343.668000,0.000153,6.921285402e-06,2.495701e+08
242,32,1.000000000e-04,-2.064264855e+08,343.668000,343.745000,0.000153,6.921285402e-06,2.494263e+08
242,33,1.000000000e-04,2.062401618e+08,343.745000,343.784000,0.000153,6.921285402e-06,2.493457e+08
242,34,1.000000000e-04,-2.062401618e+08,343.784000,343.786000,0.000153,6.921285402e-06,2.493172e+08
242,35,1.000000000e-04,2.069698564e+08,343.786000,343.775000,0.000154,6.921285402e-06,2.493234e+08
242,36,1.000000000e-04,-2.069698564e+08,343.775000,343.752000,0.000154,6.921285402e-06,2.493471e+08
242,37,1.000000000e-04,2.140099013e+08,343.752000,343.720000,0.000165,6.921285402e-06,2.493853e+08
242,38,1.000000000e-04,-2.140099013e+08,343.720000,343.694300,0.000165,6.921285402e-06,2.494254e+08
242,39,1.000000000e-04,3.762059498e+08,343.694300,343.683000,0.000508,6.921285402e-06,2.494507e+08
243,0,1.000000000e-04,-2.063104286e+08,342.031000,342.043000,0.000153,6.921285402e-06,2.517469e+08
243,1,1.000000000e-04,5.290081678e+07,342.043000,342.082000,0.000010,6.921285402e-06,2.517116e+08
243,2,1.000000000e-04,-9.527919102e+07,342.082000,342.130000,0.000033,6.921285402e-06,2.516511e+08
243,3,1.000000000e-04,7.917530588e+07,342.130000,342.178000,0.000023,6.921285402e-06,2.515844e+08
243,4,1.000000000e-04,-8.365727819e+07,342.178000,342.236000,0.000025,6.921285402e-06,2.515107e+08
243,5,1.000000000e-04,8.183327409e+07,342.236000,342.291300,0.000024,6.921285402e-06,2.514320e+08
243,6,1.000000000e-04,-8.234563133e+07,342.291300,342.342000,0.000024,6.921285402e-06,2.513583e+08
243,7,1.000000000e-04,8.212020645e+07,342.342000,342.397000,0.000024,6.921285402e-06,2.512849e+08
243,8,1.000000000e-04,-8.218415543e+07,342.397000,342.445000,0.000024,6.921285402e-06,2.512133e+08
243,9,1.000000000e-04,8.215378440e+07,342.445000,342.484500,0.000024,6.921285402e-06,2.511525e+08
243,10,1.000000000e-04,-8.216247808e+07,342.484500,342.521000,0.000024,6.921285402e-06,2.510996e+08
243,11,1.000000000e-04,8.215807439e+07,342.521000,342.562000,0.000024,6.921285402e-06,2.510458e+08
243,12,1.000000000e-04,-8.215934465e+07,342.562000,342.591000,0.000024,6.921285402e-06,2.509971e+08
243,13,1.000000000e-04,8.215866730e+07,342.591000,342.616000,0.000024,6.921285402e-06,2.509596e+08
243,14,1.000000000e-04,-8.215886825e+07,342.616000,342.633000,0.000024,6.921285402e-06,2.509304e+08
243,15,1.000000000e-04,8.215874183e+07,342.633000,342.658700,0.000024,6.921285402e-06,2.509007e+08
243,16,1.000000000e-04,-8.215880768e+07,342.658700,342.667100,0.000024,6.921285402e-06,2.508770e+08
243,17,1.000000000e-04,8.215867069e+07,342.667100,342.681000,0.000024,6.921285402e-06,2.508615e+08
243,18,1.000000000e-04,-8.215889558e+07,342.681000,342.688000,0.000024,6.921285402e-06,2.508470e+08
243,19,1.000000000e-04,8.215813300e+07,342.688000,342.698000,0.000024,6.921285402e-06,2.508352e+08
243,20,1.000000000e-04,-8.215958166e+07,342.698000,342.708000,0.000024,6.921285402e-06,2.508213e+08
243,21,1.000000000e-04,8.215454960e+07,342.708000,342.715000,0.000024,6.921285402e-06,2.508095e+08
243,22,1.000000000e-04,-8.216465182e+07,342.715000,342.731000,0.000024,6.921285402e-06,2.507935e+08
243,23,1.000000000e-04,8.212927501e+07,342.731000,342.747000,0.000024,6.921285402e-06,2.507713e+08
243,24,1.000000000e-04,-8.220528881e+07,342.747000,342.778000,0.000024,6.921285402e-06,2.507386e+08
243,25,1.000000000e-04,8.193661042e+07,342.778000,342.821300,0.000024,6.921285402e-06,2.506870e+08
243,26,1.000000000e-04,-8.256013731e+07,342.821300,342.886000,0.000024,6.921285402e-06,2.506119e+08
243,27,1.000000000e-04,8.033470816e+07,342.886000,342.985000,0.000023,6.921285402e-06,2.504981e+08
243,28,1.000000000e-04,-8.590206085e+07,342.985000,343.122000,0.000027,6.921285402e-06,2.503341e+08
243,29,1.000000000e-04,6.585807923e+07,343.122000,343.311000,0.000016,6.921285402e-06,2.501075e+08
243,30,1.000000000e-04,-7.887929366e+07,343.311000,343.490300,0.000022,6.921285402e-06,2.498516e+08
243,31,1.000000000e-04,7.378015365e+07,343.490300,343.620900,0.000020,6.921285402e-06,2.496362e+08
243,32,1.000000000e-04,-7.515538380e+07,343.620900,343.700900,0.000020,6.921285402e-06,2.494898e+08
243,33,1.000000000e-04,7.475360320e+07,343.700900,343.742000,0.000020,6.921285402e-06,2.494057e+08
243,34,1.000000000e-04,-7.445908419e+07,343.742000,343.754000,0.000020,6.921285402e-06,2.493688e+08
243,35,1.000000000e-04,7.603894085e+07,343.754000,343.743000,0.000021,6.921285402e-06,2.493681e+08
243,36,1.000000000e-04,-7.198673241e+07,343.743000,343.720000,0.000019,6.921285402e-06,2.493917e+08
243,37,1.000000000e-04,8.661570951e+07,343.720000,343.693100,0.000027,6.921285402e-06,2.494264e+08
243,38,1.000000000e-04,-4.809297084e+07,343.693100,343.666000,0.000008,6.921285402e-06,2.494639e+08
243,39,1.000000000e-04,1.875549484e+08,343.666000,343.654000,0.000126,6.921285402e-06,2.494909e+08
244,0,1.000000000e-04,-4.643163164e+08,341.992000,342.004000,0.000775,6.921285402e-06,2.518004e+08
244,1,1.000000000e-04,2.777827531e+08,342.004000,342.043000,0.000277,6.921285402e-06,2.517655e+08
244,2,1.000000000e-04,-2.777827531e+08,342.043000,342.082000,0.000277,6.921285402e-06,2.517113e+08
244,3,1.000000000e-04,2.679761747e+08,342.082000,342.138100,0.000258,6.921285402e-06,2.516452e+08
244,4,1.000000000e-04,-2.679761747e+08,342.138100,342.188000,0.000258,6.921285402e-06,2.515716e+08
244,5,1.000000000e-04,2.665129385e+08,342.188000,342.245100,0.000255,6.921285402e-06,2.514972e+08
244,6,1.000000000e-04,-2.665129385e+08,342.245100,342.294000,0.000255,6.921285402e-06,2.514235e+08
244,7,1.000000000e-04,2.662839703e+08,342.294000,342.342000,0.000255,6.921285402e-06,2.513562e+08
244,8,1.000000000e-04,-2.662839703e+08,342.342000,342.390000,0.000255,6.921285402e-06,2.512895e+08
244,9,1.000000000e-04,2.662470552e+08,342.390000,342.433000,0.000255,6.921285402e-06,2.512262e+08
244,10,1.000000000e-04,-2.662470552e+08,342.433000,342.466000,0.000255,6.921285402e-06,2.511734e+08
244,11,1.000000000e-04,2.662409961e+08,342.466000,342.507000,0.000255,6.921285402e-06,2.511220e+08
244,12,1.000000000e-04,-2.662409961e+08,342.507000,342.529700,0.000255,6.921285402e-06,2.510777e+08
244,13,1.000000000e-04,2.662399865e+08,342.529700,342.561000,0.000255,6.921285402e-06,2.510402e+08
244,14,1.000000000e-04,-2.662399865e+08,342.561000,342.578000,0.000255,6.921285402e-06,2.510066e+08
244,15,1.000000000e-04,2.662397881e+08,342.578000,342.594900,0.000255,6.921285402e-06,2.509830e+08
244,16,1.000000000e-04,-2.662397881e+08,342.594900,342.610000,0.000255,6.921285402e-06,2.509608e+08
244,17,1.000000000e-04,2.662395754e+08,342.610000,342.626000,0.000255,6.921285402e-06,2.509392e+08
244,18,1.000000000e-04,-2.662395754e+08,342.626000,342.633000,0.000255,6.921285402e-06,2.509232e+08
244,19,1.000000000e-04,2.662384621e+08,342.633000,342.643000,0.000255,6.921285402e-06,2.509114e+08
244,20,1.000000000e-04,-2.662384621e+08,342.643000,342.653000,0.000255,6.921285402e-06,2.508975e+08
244,21,1.000000000e-04,2.662317588e+08,342.653000,342.660000,0.000255,6.921285402e-06,2.508857e+08
244,22,1.000000000e-04,-2.662317588e+08,342.660000,342.676000,0.000255,6.921285402e-06,2.508697e+08
244,23,1.000000000e-04,2.661907478e+08,342.676000,342.692000,0.000255,6.921285402e-06,2.508474e+08
244,24,1.000000000e-04,-2.661907478e+08,342.692000,342.723000,0.000255,6.921285402e-06,2.508148e+08
244,25,1.000000000e-04,2.659346140e+08,342.723000,342.767000,0.000254,6.921285402e-06,2.507626e+08
244,26,1.000000000e-04,-2.659346140e+08,342.767000,342.838000,0.000254,6.921285402e-06,2.506827e+08
244,27,1.000000000e-04,2.642797744e+08,342.838000,342.937000,0.000251,6.921285402e-06,2.505646e+08
244,28,1.000000000e-04,-2.642797744e+08,342.937000,343.082100,0.000251,6.921285402e-06,2.503949e+08
244,29,1.000000000e-04,2.462740631e+08,343.082100,343.267500,0.000218,6.921285402e-06,2.501653e+08
244,30,1.000000000e-04,-2.462740631e+08,343.267500,343.451100,0.000218,6.921285402e-06,2.499088e+08
244,31,1.000000000e-04,2.427288066e+08,343.451100,343.581300,0.000212,6.921285402e-06,2.496907e+08
244,32,1.000000000e-04,-2.427288066e+08,343.581300,343.664000,0.000212,6.921285402e-06,2.495428e+08
244,33,1.000000000e-04,2.423887190e+08,343.664000,343.710000,0.000211,6.921285402e-06,2.494533e+08
244,34,1.000000000e-04,-2.423887190e+08,343.710000,343.722000,0.000211,6.921285402e-06,2.494130e+08
244,35,1.000000000e-04,2.436317237e+08,343.722000,343.711000,0.000213,6.921285402e-06,2.494123e+08
244,36,1.000000000e-04,-2.436317237e+08,343.711000,343.694300,0.000213,6.921285402e-06,2.494316e+08
244,37,1.000000000e-04,2.525326400e+08,343.694300,343.666000,0.000229,6.921285402e-06,2.494628e+08
244,38,1.000000000e-04,-2.525326400e+08,343.666000,343.642100,0.000229,6.921285402e-06,2.494991e+08
244,39,1.000000000e-04,4.221068147e+08,343.642100,343.631000,0.000640,6.921285402e-06,2.495229e+08
245,0,1.000000000e-04,-1.481811603e+08,341.980000,341.992000,0.000079,6.921285402e-06,2.518179e+08
245,1,1.000000000e-04,1.977283539e+07,341.992000,342.024000,0.000001,6.921285402e-06,2.517874e+08
245,2,1.000000000e-04,-7.028308662e+07,342.024000,342.069000,0.000018,6.921285402e-06,2.517338e+08
245,3,1.000000000e-04,4.716065789e+07,342.069000,342.117000,0.000008,6.921285402e-06,2.516692e+08
245,4,1.000000000e-04,-5.621111438e+07,342.117000,342.175000,0.000011,6.921285402e-06,2.515955e+08
245,5,1.000000000e-04,5.218217364e+07,342.175000,342.223000,0.000010,6.921285402e-06,2.515219e+08
245,6,1.000000000e-04,-5.375530316e+07,342.223000,342.278000,0.000010,6.921285402e-06,2.514503e+08
245,7,1.000000000e-04,5.306485535e+07,342.278000,342.326000,0.000010,6.921285402e-06,2.513787e+08
245,8,1.000000000e-04,-5.333410108e+07,342.326000,342.367000,0.000010,6.921285402e-06,2.513169e+08
245,9,1.000000000e-04,5.321681170e+07,342.367000,342.410000,0.000010,6.921285402e-06,2.512585e+08
245,10,1.000000000e-04,-5.326251901e+07,342.410000,342.452000,0.000010,6.921285402e-06,2.511994e+08
245,11,1.000000000e-04,5.324268647e+07,342.452000,342.484000,0.000010,6.921285402e-06,2.511480e+08
245,12,1.000000000e-04,-5.325041772e+07,342.484000,342.513000,0.000010,6.921285402e-06,2.511056e+08
245,13,1.000000000e-04,5.324705649e+07,342.513000,342.538000,0.000010,6.921285402e-06,2.510680e+08
245,14,1.000000000e-04,-5.324839929e+07,342.538000,342.555000,0.000010,6.921285402e-06,2.510389e+08
245,15,1.000000000e-04,5.324773213e+07,342.555000,342.571000,0.000010,6.921285402e-06,2.510159e+08
245,16,1.000000000e-04,-5.324819241e+07,342.571000,342.587000,0.000010,6.921285402e-06,2.509937e+08
245,17,1.000000000e-04,5.324747872e+07,342.587000,342.603000,0.000010,6.921285402e-06,2.509714e+08
245,18,1.000000000e-04,-5.324894684e+07,342.603000,342.610000,0.000010,6.921285402e-06,2.509555e+08
245,19,1.000000000e-04,5.324525616e+07,342.610000,342.620000,0.000010,6.921285402e-06,2.509436e+08
245,20,1.000000000e-04,-5.325374676e+07,342.620000,342.630000,0.000010,6.921285402e-06,2.509297e+08
245,21,1.000000000e-04,5.323196564e+07,342.630000,342.637000,0.000010,6.921285402e-06,2.509179e+08
245,22,1.000000000e-04,-5.328211511e+07,342.637000,342.653000,0.000010,6.921285402e-06,2.509019e+08
245,23,1.000000000e-04,5.315344783e+07,342.653000,342.669000,0.000010,6.921285402e-06,2.508797e+08
245,24,1.000000000e-04,-5.344828919e+07,342.669000,342.705000,0.000010,6.921285402e-06,2.508436e+08
245,25,1.000000000e-04,5.269243238e+07,342.705000,342.744000,0.000010,6.921285402e-06,2.507914e+08
245,26,1.000000000e-04,-5.440902765e+07,342.744000,342.815000,0.000011,6.921285402e-06,2.507150e+08
245,27,1.000000000e-04,5.001509865e+07,342.815000,342.924000,0.000009,6.921285402e-06,2.505899e+08
245,28,1.000000000e-04,-5.982545086e+07,342.924000,343.061000,0.000013,6.921285402e-06,2.504189e+08
245,29,1.000000000e-04,3.478832323e+07,343.061000,343.250000,0.000004,6.921285402e-06,2.501923e+08
245,30,1.000000000e-04,-5.514190650e+07,343.250000,343.439000,0.000011,6.921285402e-06,2.499296e+08
245,31,1.000000000e-04,4.606002038e+07,343.439000,343.569000,0.000008,6.921285402e-06,2.497079e+08
245,32,1.000000000e-04,-4.940683894e+07,343.569000,343.652000,0.000009,6.921285402e-06,2.495599e+08
245,33,1.000000000e-04,4.844826938e+07,343.652000,343.698000,0.000008,6.921285402e-06,2.494702e+08
245,34,1.000000000e-04,-4.763707197e+07,343.698000,343.710000,0.000008,6.921285402e-06,2.494299e+08
245,35,1.000000000e-04,5.102923375e+07,343.710000,343.699000,0.000009,6.921285402e-06,2.494292e+08
245,36,1.000000000e-04,-4.290695042e+07,343.699000,343.683000,0.000007,6.921285402e-06,2.494480e+08
245,37,1.000000000e-04,6.388163863e+07,343.683000,343.654000,0.000015,6.921285402e-06,2.494793e+08
245,38,1.000000000e-04,-1.798077367e+07,343.654000,343.631000,0.000001,6.921285402e-06,2.495154e+08
245,39,1.000000000e-04,1.347086804e+08,343.631000,343.620000,0.000065,6.921285402e-06,2.495390e+08
