path	size_bytes	sha256	source	note
reference_results/ablation_pde/e1/config_used.json	2208	21e0f973e93a0a4645259f7c8d2b5cadfd9de5b5514edb00127c29828d4024ef	outputs_teacher/base3__pde/e1/config_used.json	text cleaned
reference_results/ablation_pde/e1/e1_error_by_tau_ood.pdf	14723	042bb7a4a11ba5f1d36a064795a55029fc17fb1ed87dc15a02e3ad92980e7ada	outputs_teacher/base3__pde/e1/e1_error_by_tau_ood.pdf	
reference_results/ablation_pde/e1/e1_error_by_tau_ood.png	50538	bc517ff47595f5e39c3f6bab0e470e4991dae310ffabd0d392d61e6f71cdd88c	outputs_teacher/base3__pde/e1/e1_error_by_tau_ood.png	
reference_results/ablation_pde/e1/e1_error_by_tau_ood_data.json	524	5fa73bef6266d6d8b18b6c2039d6fb421c3bd775b4ef527dd0939c2eef452dce	outputs_teacher/base3__pde/e1/e1_error_by_tau_ood_data.json	
reference_results/ablation_pde/e1/e1_error_by_tau_ood_data.npz	1427	2cd475ea03b75b3ad0833b8d7532eb862200762b8346cee131fdbe59c3c9e0cb	outputs_teacher/base3__pde/e1/e1_error_by_tau_ood_data.npz	
reference_results/ablation_pde/e1/e1_error_by_tau_val.pdf	14745	51c06aa9cc16b2ebeb0c445649e6a6981faf87e4669189de89ce560688f023ca	outputs_teacher/base3__pde/e1/e1_error_by_tau_val.pdf	
reference_results/ablation_pde/e1/e1_error_by_tau_val.png	50490	9d0e211ec125bf828a52178297816d33d91ae6a66b0a635407f00dd4078a5c59	outputs_teacher/base3__pde/e1/e1_error_by_tau_val.png	
reference_results/ablation_pde/e1/e1_error_by_tau_val_data.json	524	5fa73bef6266d6d8b18b6c2039d6fb421c3bd775b4ef527dd0939c2eef452dce	outputs_teacher/base3__pde/e1/e1_error_by_tau_val_data.json	
reference_results/ablation_pde/e1/e1_error_by_tau_val_data.npz	1429	29704a14eaf6f79887cac23b1d70344b0d7f88c3a9a7ff04b04373544bb44dda	outputs_teacher/base3__pde/e1/e1_error_by_tau_val_data.npz	
reference_results/ablation_pde/e1/e1_kernel_cuts_ood.pdf	31577	f3f410d62973bcb33093aff9cdb30d4061b6d205241c77971b0952d4002ba2d4	outputs_teacher/base3__pde/e1/e1_kernel_cuts_ood.pdf	
reference_results/ablation_pde/e1/e1_kernel_cuts_ood.png	176159	8ac98318aa97005a6f1afb022381b93f9f69a94dd5971cd4d000ce4fb609c4aa	outputs_teacher/base3__pde/e1/e1_kernel_cuts_ood.png	
reference_results/ablation_pde/e1/e1_kernel_cuts_ood_data.json	8079	4f449bb1e701067cdc296c91f468bcdec7ce09a78b8045d6c5525b0959efc3da	outputs_teacher/base3__pde/e1/e1_kernel_cuts_ood_data.json	
reference_results/ablation_pde/e1/e1_kernel_cuts_ood_data.npz	53265	b6b233efd0bb71a00e1afc80dfd7e2dff6fb555888a8cefc52fe016b2d05234a	outputs_teacher/base3__pde/e1/e1_kernel_cuts_ood_data.npz	
reference_results/ablation_pde/e1/e1_kernel_cuts_val.pdf	31514	d2ad102da89f55ced8a42a0ec05859c9b86b0ea2776f688099fe4940116e7f6d	outputs_teacher/base3__pde/e1/e1_kernel_cuts_val.pdf	
reference_results/ablation_pde/e1/e1_kernel_cuts_val.png	180591	dc2b0560b369551aee7d2d8fa61d253139773b2b0446759ec461cfef74d169b7	outputs_teacher/base3__pde/e1/e1_kernel_cuts_val.png	
reference_results/ablation_pde/e1/e1_kernel_cuts_val_data.json	8085	94d41edca09518298da1289e6d89215544328cd70740a1dadfa47bb703863908	outputs_teacher/base3__pde/e1/e1_kernel_cuts_val_data.json	
reference_results/ablation_pde/e1/e1_kernel_cuts_val_data.npz	53304	ce706d71be368735773b07d538ef40299df09f751c2e695885d65e350b6bc823	outputs_teacher/base3__pde/e1/e1_kernel_cuts_val_data.npz	
reference_results/ablation_pde/e1/e1_kernels_profile_ood.pdf	101662	615c29004963ce5c2c7a3aa5f420e345105878e91560aafcfa9cd657ac99910e	outputs_teacher/base3__pde/e1/e1_kernels_profile_ood.pdf	
reference_results/ablation_pde/e1/e1_kernels_profile_ood.png	280772	9fe838cfeaa779c70a486a9b222891cd1f84aeb44aec6dbae23e29763fd89945	outputs_teacher/base3__pde/e1/e1_kernels_profile_ood.png	
reference_results/ablation_pde/e1/e1_kernels_profile_ood_data.json	2504	7debe2da847c978f4cb8dccf29589d3cc0a4c5bc0f563b77ae23124e2cb894c0	outputs_teacher/base3__pde/e1/e1_kernels_profile_ood_data.json	
reference_results/ablation_pde/e1/e1_kernels_profile_ood_data.npz	570919	b5cc4bb48d9ee6adb434f16418ac1307176926a1952a1dc6fb236e04029e8e45	outputs_teacher/base3__pde/e1/e1_kernels_profile_ood_data.npz	
reference_results/ablation_pde/e1/e1_kernels_profile_val.pdf	94585	f09fee39ff1d31c7b35ea736d9c48bed0c91ebceb00c120c7ef43cde69ce2f5f	outputs_teacher/base3__pde/e1/e1_kernels_profile_val.pdf	
reference_results/ablation_pde/e1/e1_kernels_profile_val.png	266311	1bfba4e7358d2b9b2746f7dde1d3418583b9ee117e5f6e5265ff2419533bf9d7	outputs_teacher/base3__pde/e1/e1_kernels_profile_val.png	
reference_results/ablation_pde/e1/e1_kernels_profile_val_data.json	2504	7debe2da847c978f4cb8dccf29589d3cc0a4c5bc0f563b77ae23124e2cb894c0	outputs_teacher/base3__pde/e1/e1_kernels_profile_val_data.json	
reference_results/ablation_pde/e1/e1_kernels_profile_val_data.npz	574366	411ccd1059cc5251434e48066f1fb299d9bb0244192d4f816a4fc57ce007711d	outputs_teacher/base3__pde/e1/e1_kernels_profile_val_data.npz	
reference_results/ablation_pde/e1/e1_summary.json	2757	194b4837a960a5eebd3845d2e85c29da3dedec5f2c7e29bf3c58bcb6af7acaf3	outputs_teacher/base3__pde/e1/e1_summary.json	text cleaned
reference_results/ablation_pde/e2/config_used.json	2208	21e0f973e93a0a4645259f7c8d2b5cadfd9de5b5514edb00127c29828d4024ef	outputs_teacher/base3__pde/e2/config_used.json	text cleaned
reference_results/ablation_pde/e2/e2_alone_pred.json	86242	34d82319cfabb052bb7a866ca4c0e0b375b88cc35b502522f5e4a904956d2aae	outputs_teacher/base3__pde/e2/e2_alone_pred.json	
reference_results/ablation_pde/e2/e2_alone_truth.json	86256	de90fe04b686f7e982cb754109e06de139287f64e6123ca9fff027e60b430194	outputs_teacher/base3__pde/e2/e2_alone_truth.json	
reference_results/ablation_pde/e2/e2_full_pred.json	86817	65980476d2a18a63dccd6eaf77e4e08181aee86861a48daf5799f8f99f0f6fd9	outputs_teacher/base3__pde/e2/e2_full_pred.json	
reference_results/ablation_pde/e2/e2_full_truth.json	86819	8fc7b806054c3ae6ae016f84da5dc86241b6597b2eb5c2196e761f7ba7716041	outputs_teacher/base3__pde/e2/e2_full_truth.json	
reference_results/ablation_pde/e2/e2_parity_alone.pdf	21939	54824f951f8a69bf39f24ff9aff6662d1c7761c5012a9ccbea5b700a2f675b2f	outputs_teacher/base3__pde/e2/e2_parity_alone.pdf	
reference_results/ablation_pde/e2/e2_parity_alone.png	89837	ea9519f4fde92ef74b46c3b51210a4c1bbaa6ba02cd39585fb79c51af48d330d	outputs_teacher/base3__pde/e2/e2_parity_alone.png	
reference_results/ablation_pde/e2/e2_parity_alone_data.json	1601	f30e7b3b395c112d258f92879eaacfe331c85f326dde937b2862d70b8e44ac35	outputs_teacher/base3__pde/e2/e2_parity_alone_data.json	
reference_results/ablation_pde/e2/e2_parity_alone_data.npz	5830	76646ae2cdb00c2113ae589c997f1566be970e4aee6c16134b9ad273746e1326	outputs_teacher/base3__pde/e2/e2_parity_alone_data.npz	
reference_results/ablation_pde/e2/e2_parity_full.pdf	23592	51e956429a1647187aff1fff350cab97630d2427ac9dc8df57dea6aa47cdcfa2	outputs_teacher/base3__pde/e2/e2_parity_full.pdf	
reference_results/ablation_pde/e2/e2_parity_full.png	103904	456f2d33f31a67867de4cde169b7f624c0b66468d643dc9331312f161e50a172	outputs_teacher/base3__pde/e2/e2_parity_full.png	
reference_results/ablation_pde/e2/e2_parity_full_data.json	2010	3d33e27f76c856574bcec252745b1afd330850828269e95fbf15816957b7f00f	outputs_teacher/base3__pde/e2/e2_parity_full_data.json	
reference_results/ablation_pde/e2/e2_parity_full_data.npz	8971	7e92a276285ac8583ab59d4cf3448c8cb41db354fa5ec04066a003ef3f73ce3c	outputs_teacher/base3__pde/e2/e2_parity_full_data.npz	
reference_results/ablation_pde/e2/e2_parity_uniform.pdf	23024	d6c63da4fda880980e6dc0b4e2c9818b4ef3e332d4ee15dfb8623150c3753190	outputs_teacher/base3__pde/e2/e2_parity_uniform.pdf	
reference_results/ablation_pde/e2/e2_parity_uniform.png	102489	d7c9d91d0f50ed5ba4e702604ec9f28e9c66641c4c9d2f05e91dcd8aa4d5d7c9	outputs_teacher/base3__pde/e2/e2_parity_uniform.png	
reference_results/ablation_pde/e2/e2_parity_uniform_data.json	2013	465cb1a3645fdf19d963814c72f84633cbc3419b4bef5a602d34aac0fcc3b4b3	outputs_teacher/base3__pde/e2/e2_parity_uniform_data.json	
reference_results/ablation_pde/e2/e2_parity_uniform_data.npz	8602	d738d8f75d5a20e14907bb7ec795688818d3e28459a9ce489596aad440784ad1	outputs_teacher/base3__pde/e2/e2_parity_uniform_data.npz	
reference_results/ablation_pde/e2/e2_summary.json	14274	9bb73af85107a779c4cb771e3290e19f912984a0525a265f71ce24802484473f	outputs_teacher/base3__pde/e2/e2_summary.json	text cleaned
reference_results/ablation_pde/e2/e2_uniform_pred.json	86689	4c17e7358ed71683f464cc52f4a512cdb1937b1c6437a2da338381dc2328cc96	outputs_teacher/base3__pde/e2/e2_uniform_pred.json	
reference_results/ablation_pde/e2/e2_uniform_truth.json	86708	1bdf2667d7b1cc7d1fbb103084b04c644813e49375c470e3facf7c0a4aa5035f	outputs_teacher/base3__pde/e2/e2_uniform_truth.json	
reference_results/ablation_pde/skn_pde/train_curves.png	144146	261d537811c759404a4a75f23cba6f13f7adcbad302f585dc244cd1e3eddde2a	outputs_teacher/base3/skn_pde/train_curves.png	
reference_results/ablation_pde/skn_pde/train_log.csv	45668	67836484902315d699d2dd56dc9b0562c3b333834671cd538f0dd8b1c8cffe36	outputs_teacher/base3/skn_pde/train_log.csv	
reference_results/ablation_pde/skn_pde/train_summary.json	926	8dcca0bc0efea4547afb53e7e15bd37daf273322ba807662a44c348e71bf36e3	outputs_teacher/base3/skn_pde/train_summary.json	text cleaned
reference_results/base3/e0/config_used.json	2383	44c79d112d04893199facb5f94827a1d5e5e97fd2cc595daefc58cf9b623bbc2	outputs/base3/e0/config_used.json	text cleaned
reference_results/base3/e0/e0_closure_convergence.pdf	15900	60ca5e946f3e29ff2e2a87197faa225a69d4e91331224b696c41dd3ff1bd7ae8	outputs/base3/e0/e0_closure_convergence.pdf	
reference_results/base3/e0/e0_closure_convergence.png	65150	b315d854f7ac4c8c77d2649165e549b086add9f98c501b4cbf74c7bdd5ce7542	outputs/base3/e0/e0_closure_convergence.png	
reference_results/base3/e0/e0_closure_convergence_data.json	473	43f993ed6531aab408af9c8b1c3d94e6d6e5e3bf710aa2bcc4c0772f623eee44	outputs/base3/e0/e0_closure_convergence_data.json	
reference_results/base3/e0/e0_closure_convergence_data.npz	890	f0d438fe111a95f3573a3ecebef63c025f09efe9d6535d08637e9edf10e9450b	outputs/base3/e0/e0_closure_convergence_data.npz	
reference_results/base3/e0/e0_kernels_vs_series.pdf	21302	d6a69dfc399e18e5f6280ee0456c95940b823b4b2cc75e90cbba86aa85eb76c2	outputs/base3/e0/e0_kernels_vs_series.pdf	
reference_results/base3/e0/e0_kernels_vs_series.png	95792	7143f3a80b2d87883f951227ac89614e4fc7361f74a3a458861dde62cb3fcf66	outputs/base3/e0/e0_kernels_vs_series.png	
reference_results/base3/e0/e0_kernels_vs_series_data.json	2583	b19d777988714fa7c6c1f9dac11be0dac49d209525e45610534796cd81715ba8	outputs/base3/e0/e0_kernels_vs_series_data.json	
reference_results/base3/e0/e0_kernels_vs_series_data.npz	42064	e96999b221a412b97f558a8a03bc8c497b514de4bc082f089ed9ccb92dc01f98	outputs/base3/e0/e0_kernels_vs_series_data.npz	
reference_results/base3/e0/e0_tabulation.pdf	13064	ef2f47c5898e20ae6416d872ca6e4dcd6d9a17458d0db6143a0e67a29b88a6db	outputs/base3/e0/e0_tabulation.pdf	
reference_results/base3/e0/e0_tabulation.png	73732	c071e288a6b7599d9c46cabb06c04c7432e2f62cc8d396b2a8c3e6fc76aae82e	outputs/base3/e0/e0_tabulation.png	
reference_results/base3/e0/e0_tabulation_data.json	523	88729e4151d22e69df0c36fc41609d3ca3bb9cc0451b69414bbf506c5c0f466a	outputs/base3/e0/e0_tabulation_data.json	
reference_results/base3/e0/e0_tabulation_data.npz	890	501ea9de42fe9a63d573a5d5e893cb87909fa0626c1fdd1013c39ac67d155c7b	outputs/base3/e0/e0_tabulation_data.npz	
reference_results/base3/e0/e0_validation.json	3803	2b4032a61c6a8725f6ab8cba703132292349002ef6a0b11452825b7e94d4e8ae	outputs/base3/e0/e0_validation.json	text cleaned
reference_results/base3/e1/config_used.json	2383	44c79d112d04893199facb5f94827a1d5e5e97fd2cc595daefc58cf9b623bbc2	outputs/base3/e1/config_used.json	text cleaned
reference_results/base3/e1/e1_error_by_tau_ood.pdf	21668	7a91bd84c9ceba4561ffb3efe92b65155a4ca3081f32398e678d12efb0538a7d	outputs/base3/e1/e1_error_by_tau_ood.pdf	
reference_results/base3/e1/e1_error_by_tau_ood.png	104355	db2e4d1338cc7875d3e8d7018767d371c6830af29c3426d55f0d3993f0f8bf06	outputs/base3/e1/e1_error_by_tau_ood.png	
reference_results/base3/e1/e1_error_by_tau_ood_data.json	1648	c1c2c0d36fd32e52797a0f68a10932237446551cafd414a7ec31acbeaa8c132a	outputs/base3/e1/e1_error_by_tau_ood_data.json	
reference_results/base3/e1/e1_error_by_tau_ood_data.npz	4240	981ca2fd0803c2961085c38f1543f5c16a97ca2c43bbcee55205f990370d8889	outputs/base3/e1/e1_error_by_tau_ood_data.npz	
reference_results/base3/e1/e1_error_by_tau_val.pdf	21695	e7a1cbd406728f3cbc09d2a04acdf05186dc8ffc5d671ede8bf104d33fc0061b	outputs/base3/e1/e1_error_by_tau_val.pdf	
reference_results/base3/e1/e1_error_by_tau_val.png	103832	c00c2fcb624a613b98ff442bae8a2d393c9ed09d00b438b4d8fbf1f64b3ab010	outputs/base3/e1/e1_error_by_tau_val.png	
reference_results/base3/e1/e1_error_by_tau_val_data.json	1648	c1c2c0d36fd32e52797a0f68a10932237446551cafd414a7ec31acbeaa8c132a	outputs/base3/e1/e1_error_by_tau_val_data.json	
reference_results/base3/e1/e1_error_by_tau_val_data.npz	4240	b3d52a7575340b80bb81becb71c620da7e07463d2d44cdda1c83b4911248e657	outputs/base3/e1/e1_error_by_tau_val_data.npz	
reference_results/base3/e1/e1_kernel_cuts_ood.pdf	31581	a1dfceb6b16b3e3e97626b39f122839e804275bc4951ec2836044360dc966236	outputs/base3/e1/e1_kernel_cuts_ood.pdf	
reference_results/base3/e1/e1_kernel_cuts_ood.png	176560	690c67fd2a195834577e8214b9bc8eb260ed23f592c41c2cf333f207fea6db86	outputs/base3/e1/e1_kernel_cuts_ood.png	
reference_results/base3/e1/e1_kernel_cuts_ood_data.json	8079	4f449bb1e701067cdc296c91f468bcdec7ce09a78b8045d6c5525b0959efc3da	outputs/base3/e1/e1_kernel_cuts_ood_data.json	
reference_results/base3/e1/e1_kernel_cuts_ood_data.npz	53643	924ea655cbd1754f4f1525f66a3c1d280b9b97e6487dcacee1f876b97ae7d707	outputs/base3/e1/e1_kernel_cuts_ood_data.npz	
reference_results/base3/e1/e1_kernel_cuts_val.pdf	31553	9b1363623bb3cad8aab99f117ee82e4f166c5745a31691ccf70363273fd1bdaa	outputs/base3/e1/e1_kernel_cuts_val.pdf	
reference_results/base3/e1/e1_kernel_cuts_val.png	180767	8c87e44c6fef903d59a0224a52ff12fc74543736d5b22f7ed3c9f1c16805ce35	outputs/base3/e1/e1_kernel_cuts_val.png	
reference_results/base3/e1/e1_kernel_cuts_val_data.json	8085	94d41edca09518298da1289e6d89215544328cd70740a1dadfa47bb703863908	outputs/base3/e1/e1_kernel_cuts_val_data.json	
reference_results/base3/e1/e1_kernel_cuts_val_data.npz	53628	53d3d47240acef1007b719d682eb5742d48e971699545353c820a38cdcb97e8b	outputs/base3/e1/e1_kernel_cuts_val_data.npz	
reference_results/base3/e1/e1_kernels_profile_ood.pdf	106454	0845fba16851449114f0a0caa16fa56897a1c2ad14d7a41523ed0756c65d2e12	outputs/base3/e1/e1_kernels_profile_ood.pdf	
reference_results/base3/e1/e1_kernels_profile_ood.png	288729	c1cb51c93a399c6fb6351fb8d3719b88b525bb1acf6bd79e65da272b852f9477	outputs/base3/e1/e1_kernels_profile_ood.png	
reference_results/base3/e1/e1_kernels_profile_ood_data.json	2504	7debe2da847c978f4cb8dccf29589d3cc0a4c5bc0f563b77ae23124e2cb894c0	outputs/base3/e1/e1_kernels_profile_ood_data.json	
reference_results/base3/e1/e1_kernels_profile_ood_data.npz	613601	23b0bacf39351eccc21ba69bd29f0f2c7b78143c9fb1c8ea3b99dc857749a7d3	outputs/base3/e1/e1_kernels_profile_ood_data.npz	
reference_results/base3/e1/e1_kernels_profile_val.pdf	101018	4e866e68788a22c407babd1b1b8d0e70a900512bf05232a50f0955ce19ac66c6	outputs/base3/e1/e1_kernels_profile_val.pdf	
reference_results/base3/e1/e1_kernels_profile_val.png	279820	14c97b3014589b8763fdf198a5553b894771b6a61a70903a0401ff819168a370	outputs/base3/e1/e1_kernels_profile_val.png	
reference_results/base3/e1/e1_kernels_profile_val_data.json	2504	7debe2da847c978f4cb8dccf29589d3cc0a4c5bc0f563b77ae23124e2cb894c0	outputs/base3/e1/e1_kernels_profile_val_data.json	
reference_results/base3/e1/e1_kernels_profile_val_data.npz	618588	af40b0b741d997b54f900be93e6406a0b46d151d5c4d1f9470739e616179b2d8	outputs/base3/e1/e1_kernels_profile_val_data.npz	
reference_results/base3/e1/e1_summary.json	5143	f23322e8dcdf0c667e6e6bcb378a4708b17e1f7b33389ed243e4435b0062c7fc	outputs/base3/e1/e1_summary.json	text cleaned
reference_results/base3/e2/config_used.json	2383	44c79d112d04893199facb5f94827a1d5e5e97fd2cc595daefc58cf9b623bbc2	outputs/base3/e2/config_used.json	text cleaned
reference_results/base3/e2/e2_alone_pred.json	86271	5c162ea83ebb7412c92ce34803bc4fc520b0d9478ba08dc91175ba4740151483	outputs/base3/e2/e2_alone_pred.json	
reference_results/base3/e2/e2_alone_truth.json	86237	66156562b2c20a516802e8b9b5d8968528985297cb61ccf6449a19f63e5d396c	outputs/base3/e2/e2_alone_truth.json	
reference_results/base3/e2/e2_full_pred.json	86823	3ac83c69a9bda4f64a5b5cdf2d4fa4d2b46487ad4af8644b005b6722737283a8	outputs/base3/e2/e2_full_pred.json	
reference_results/base3/e2/e2_full_truth.json	86826	5554c13eb42ea11b5f490d9f5f92a033744ba92eb794f12c6fb78c0d1a40491c	outputs/base3/e2/e2_full_truth.json	
reference_results/base3/e2/e2_parity_alone.pdf	22089	fb102b42c29670f8977343cb0ed8bb7b77161a05877e16a1746059d87f27afd8	outputs/base3/e2/e2_parity_alone.pdf	
reference_results/base3/e2/e2_parity_alone.png	90414	1fb3991e62e204a079bf014f5f104e054a52a5b124ae3ef30dc3b1f3bd035005	outputs/base3/e2/e2_parity_alone.png	
reference_results/base3/e2/e2_parity_alone_data.json	1601	96b25712e4c2523b59e4136c4fda2885b3a4bdf1190be90cf10e8cce507430b7	outputs/base3/e2/e2_parity_alone_data.json	
reference_results/base3/e2/e2_parity_alone_data.npz	5844	5e8a46f62482ee1e45cf61ed69115ff0e4f22f6a5854af40dabdcfee02d4cd3a	outputs/base3/e2/e2_parity_alone_data.npz	
reference_results/base3/e2/e2_parity_full.pdf	23656	49ed9f12561191405141e7d949a223d7480fef8b4fe86d42a7cc439ce1948b69	outputs/base3/e2/e2_parity_full.pdf	
reference_results/base3/e2/e2_parity_full.png	104901	623ab97cdb4b111554c1fb7573559d880cbd705a4f7215d4011d29460b656251	outputs/base3/e2/e2_parity_full.png	
reference_results/base3/e2/e2_parity_full_data.json	2010	fcc5bec9110e0f3f8d1dc56c6bd9bfbf94a7da860a6b1942512b12e6840680f9	outputs/base3/e2/e2_parity_full_data.json	
reference_results/base3/e2/e2_parity_full_data.npz	8978	86f62f83acffb32baaeee573eb46794fe64fbb44c4d8b1bda3bbf10f61453438	outputs/base3/e2/e2_parity_full_data.npz	
reference_results/base3/e2/e2_parity_uniform.pdf	23159	1588f4bbca3035c978f17636acb6cf50196bf8f235278409217562a57538559c	outputs/base3/e2/e2_parity_uniform.pdf	
reference_results/base3/e2/e2_parity_uniform.png	104732	80cdcb93aedd9a43d21ee410422411271da377415b66c6f1ff5cf39f61933fde	outputs/base3/e2/e2_parity_uniform.png	
reference_results/base3/e2/e2_parity_uniform_data.json	2013	0c07cf61d75dcbbe406ac042372a4208ea93fd7308477bb70bb40d51ec4e56dd	outputs/base3/e2/e2_parity_uniform_data.json	
reference_results/base3/e2/e2_parity_uniform_data.npz	8581	38feb42abfbbbf97163b0710f308eafdc428210fdf4e6e0c3b12a0ea1be5d16f	outputs/base3/e2/e2_parity_uniform_data.npz	
reference_results/base3/e2/e2_summary.json	14164	fe30d91948df015827eb13d40cddd51ad181f120477bf3f2e181acf9f73c628b	outputs/base3/e2/e2_summary.json	text cleaned
reference_results/base3/e2/e2_uniform_pred.json	86715	d3e01620c9cb197903e448a108c1fd2f1192964197b10a2d4aeace2dceef18d6	outputs/base3/e2/e2_uniform_pred.json	
reference_results/base3/e2/e2_uniform_truth.json	86683	2d6675cad90b25c35b29ea532dbb586e5b49a499e6316bb9e48bddb857f5463c	outputs/base3/e2/e2_uniform_truth.json	
reference_results/base3/e3/config_used.json	2383	44c79d112d04893199facb5f94827a1d5e5e97fd2cc595daefc58cf9b623bbc2	outputs/base3/e3/config_used.json	text cleaned
reference_results/base3/e3/e3_alone_truth.json	86236	7f863c3bf83f02b5743ef6cb36f44f67f69a98b19feac6c25cb84f21de2c0d64	outputs/base3/e3/e3_alone_truth.json	
reference_results/base3/e3/e3_cdf.pdf	33589	50bc6df0aae8bb0f6aeec097a2f2217dda153521a8574c8dff5c83e7374bb773	outputs/base3/e3/e3_cdf.pdf	
reference_results/base3/e3/e3_cdf.png	179221	bf4e7c37c7f55678378a3205804385c49e74d24cd16da05b4e849b7720ecc7bb	outputs/base3/e3/e3_cdf.png	
reference_results/base3/e3/e3_cdf_data.json	6653	d554bda9d2d274af4e931ea1040f3346903987ffce55e9058082231908dadd99	outputs/base3/e3/e3_cdf_data.json	text cleaned
reference_results/base3/e3/e3_cdf_data.npz	98675	0cde6fd0193cc29ae03f0956fd72f5a51a4af780d7bbbdd2c33ebc4599431867	outputs/base3/e3/e3_cdf_data.npz	
reference_results/base3/e3/e3_cdf_paper.pdf	32393	1eae1184fb75edb60ed3c6d0813e17c778e72e04d209479d5f3c180396b6bc7d	outputs/base3/e3/e3_cdf_paper.pdf	
reference_results/base3/e3/e3_cdf_paper.png	165097	bf42ebb0fbb23dc8d26ef44f19aa8995433226873637d372a8a66d6f4069d10e	outputs/base3/e3/e3_cdf_paper.png	
reference_results/base3/e3/e3_cdf_paper_data.json	4892	752607d26d25214ad58d70f314f8480b3f7022e2f48b0c54aed7477937274f84	outputs/base3/e3/e3_cdf_paper_data.json	text cleaned
reference_results/base3/e3/e3_cdf_paper_data.npz	62038	4ed28eed07b2dbd69c970b8376553eccf399762bae60d0278e9d4c9406365bc7	outputs/base3/e3/e3_cdf_paper_data.npz	
reference_results/base3/e3/e3_diemaps_alone.pdf	41060	6b11ad4841eeecf9d05264e234094225c122c0d2e15f77663dd10aeeff22db66	outputs/base3/e3/e3_diemaps_alone.pdf	
reference_results/base3/e3/e3_diemaps_alone.png	181012	de1dcb2348a196108436b73120b3654ac9409ed4f46fbd717e1e7c8bac976681	outputs/base3/e3/e3_diemaps_alone.png	
reference_results/base3/e3/e3_diemaps_alone_data.json	28964	1e3bf9f521ef099a1ff2e61d0b9645b4ffefe50cec3e9ca6947e8a3aaf6983a0	outputs/base3/e3/e3_diemaps_alone_data.json	
reference_results/base3/e3/e3_diemaps_alone_data.npz	122294	882ba35f218704870f9ee3f2f14ac70b304ef9edca39bfb30303170dfa524dc1	outputs/base3/e3/e3_diemaps_alone_data.npz	
reference_results/base3/e3/e3_diemaps_full.pdf	88818	41c3796545f0fb3254bf31416efadd2f04cc0ea5b59257bfb275898167ae7e19	outputs/base3/e3/e3_diemaps_full.pdf	
reference_results/base3/e3/e3_diemaps_full.png	349043	3a3053df13c63b9a60578d60e88f6030a23de45923a1b892d834c81a22fa3918	outputs/base3/e3/e3_diemaps_full.png	
reference_results/base3/e3/e3_diemaps_full_data.json	31856	1cd0c886a2071640bcfc56c3fbfc2d6575bb6aa751b8e2542e2c8e1a9c796aae	outputs/base3/e3/e3_diemaps_full_data.json	
reference_results/base3/e3/e3_diemaps_full_data.npz	157965	5e7f8ecfc79acf5c55ec17260dcbcefbbd32586f9be27c25cce3ac824e2e8087	outputs/base3/e3/e3_diemaps_full_data.npz	
reference_results/base3/e3/e3_effect_ratios.pdf	25365	824dbc89bb9b43e0777a980d7b471353682e033b990512fd0a46b2a5d0ec4586	outputs/base3/e3/e3_effect_ratios.pdf	
reference_results/base3/e3/e3_effect_ratios.png	83811	3f8e873b2a87f6aab12b87f8b47e7536259a623f5d29101dfdad29e9675935eb	outputs/base3/e3/e3_effect_ratios.png	
reference_results/base3/e3/e3_effect_ratios_data.json	3357	2da443de9fccfd6f848f9fc873b8d2dfb1a48f6dab6fa8a9408389e55bd2fbfc	outputs/base3/e3/e3_effect_ratios_data.json	
reference_results/base3/e3/e3_effect_ratios_data.npz	4171	0fa80c16100b9bbe4907289da46198e48e0521eec0c37025711644823273f9f4	outputs/base3/e3/e3_effect_ratios_data.npz	
reference_results/base3/e3/e3_full_stackem.json	86823	3a13736fa7ef24c72f8bff86f1938b4debbfebf845814246634dbb4cfc3848b5	outputs/base3/e3/e3_full_stackem.json	
reference_results/base3/e3/e3_full_truth.json	86826	e5b9834ef720c74e2705f89a888471abf55eec05d34c81550f09e601efceb335	outputs/base3/e3/e3_full_truth.json	
reference_results/base3/e3/e3_hotspot_alignment.pdf	76132	a098dc9e3e2649ccedb0d4f5f040ff17250123215478e083ccc06b11c1f4dcf6	outputs/base3/e3/e3_hotspot_alignment.pdf	
reference_results/base3/e3/e3_hotspot_alignment.png	491346	4fbd2e0e0dbfb80a6b695d0f0ee93f8d56ca0756798423798586749a5975ebbc	outputs/base3/e3/e3_hotspot_alignment.png	
reference_results/base3/e3/e3_hotspot_alignment_data.json	65573	0e0628c56d3686b840017b5cc910276393f45d9b63ab4cefe1cd471efadadbc2	outputs/base3/e3/e3_hotspot_alignment_data.json	
reference_results/base3/e3/e3_hotspot_alignment_data.npz	265915	5bb9c6d65c89937c8f56e85538da5a70723bf07c81c38a27eab54e723971d797	outputs/base3/e3/e3_hotspot_alignment_data.npz	
reference_results/base3/e3/e3_margin_alone.pdf	25536	46c798729eeeabd9ab65760be6e9d6a834ad20dbc619da42fc9dc5d7920f027d	outputs/base3/e3/e3_margin_alone.pdf	
reference_results/base3/e3/e3_margin_alone.png	206825	9562e665b88c73bac4a9110bebcb0ae00012a3437fafe19ae079fc89a8443bca	outputs/base3/e3/e3_margin_alone.png	
reference_results/base3/e3/e3_margin_alone_data.json	27843	42c6842825f864642f3134803388f3baf4320848ec7a5bfafdb9f4a1b40d8cc6	outputs/base3/e3/e3_margin_alone_data.json	
reference_results/base3/e3/e3_margin_alone_data.npz	100006	0f4d6fd479a79673cb91465cea1be1f776736ec2ea930d70f5bcc9f60e135709	outputs/base3/e3/e3_margin_alone_data.npz	
reference_results/base3/e3/e3_margin_full.pdf	23838	21e581e85354e43551ba8d4de1f05a2768de70fc4246a84ed62ba3c20592651b	outputs/base3/e3/e3_margin_full.pdf	
reference_results/base3/e3/e3_margin_full.png	181075	92f78c2e7bc8e0ac74cc2d8abc4a6d8c0caf58df59e46457ac0e7d5b1ebfba20	outputs/base3/e3/e3_margin_full.png	
reference_results/base3/e3/e3_margin_full_data.json	27844	6541faaa2581a4c4747cf0add63c836ec232f3f7a925d4da49d65d3754dcac11	outputs/base3/e3/e3_margin_full_data.json	
reference_results/base3/e3/e3_margin_full_data.npz	100006	0f4d6fd479a79673cb91465cea1be1f776736ec2ea930d70f5bcc9f60e135709	outputs/base3/e3/e3_margin_full_data.npz	
reference_results/base3/e3/e3_margin_uniform_signoff.pdf	23517	b0404f83222584a0a27410245f24557f3c75349b07c7442299bb4cab717b757c	outputs/base3/e3/e3_margin_uniform_signoff.pdf	
reference_results/base3/e3/e3_margin_uniform_signoff.png	131397	ac39971e58e1dbf24cb358dc976a420ebc8c0e90fce3a60ca498f118a98f6b5a	outputs/base3/e3/e3_margin_uniform_signoff.png	
reference_results/base3/e3/e3_margin_uniform_signoff_data.json	27845	6253edb206576d0e76e726e21c7142539a053984b466330a07fd25c03180c18a	outputs/base3/e3/e3_margin_uniform_signoff_data.json	
reference_results/base3/e3/e3_margin_uniform_signoff_data.npz	100006	0f4d6fd479a79673cb91465cea1be1f776736ec2ea930d70f5bcc9f60e135709	outputs/base3/e3/e3_margin_uniform_signoff_data.npz	
reference_results/base3/e3/e3_no_joule_truth.json	84082	52e0b3311d4600c6dd9cd73fbeba84dcb5194befb9fa614654a67a54978ba876	outputs/base3/e3/e3_no_joule_truth.json	
reference_results/base3/e3/e3_no_tm_truth.json	86839	81d4840ecea24fdeade6e0cd5012127aea50f5570175bf3bde2c95ad1578c4df	outputs/base3/e3/e3_no_tm_truth.json	
reference_results/base3/e3/e3_sigmaT_const_truth.json	87014	726032b405ee7b0976859bd17a972734360f86cbcc77ec1a344caeef360a94e9	outputs/base3/e3/e3_sigmaT_const_truth.json	
reference_results/base3/e3/e3_stack3d_full.pdf	345385	dfd625de9018ce6998d09d7862d79676013f21c15bb2913007098a57f4dbfaa1	outputs/base3/e3/e3_stack3d_full.pdf	
reference_results/base3/e3/e3_stack3d_full.png	984885	97d21059d670b2ad59f6d9890f951e391b9f1dbdae67ed19eb25030222a7c902	outputs/base3/e3/e3_stack3d_full.png	
reference_results/base3/e3/e3_stack3d_full_data.json	4769	4fcaecba6f4596f4660325e724f471d4cc668166a9b99eb89d7658ecd3576d95	outputs/base3/e3/e3_stack3d_full_data.json	
reference_results/base3/e3/e3_stack3d_full_data.npz	38327	41539f13c914a52a87e00c33b9daebbec68c45666f38f784a4078539800be205	outputs/base3/e3/e3_stack3d_full_data.npz	
reference_results/base3/e3/e3_stress_surface.pdf	55768	9d29321579ad41d013c6adfd809e70509962587fc119bbf6a97891d22b8b8914	outputs/base3/e3/e3_stress_surface.pdf	
reference_results/base3/e3/e3_stress_surface.png	218650	7aeaa9631312423e742ed20275336ded83fd2f55cc205b3e4e15e2171e87dfd5	outputs/base3/e3/e3_stress_surface.png	
reference_results/base3/e3/e3_stress_surface_data.json	6559	acafe254efda7d3d2b50cad8542e8f96932eddc8a8e3be716138ae63a259bb03	outputs/base3/e3/e3_stress_surface_data.json	
reference_results/base3/e3/e3_stress_surface_data.npz	611405	d8d6d70dd273a619f120e854fb6ac1633ce0a6a8486b6d708620c96d185864ab	outputs/base3/e3/e3_stress_surface_data.npz	
reference_results/base3/e3/e3_summary.json	30454	109842da26492e003f33ebd3ce0e4ab4bfc4ff8a0fcf227069705cfda4e199bb	outputs/base3/e3/e3_summary.json	text cleaned
reference_results/base3/e3/e3_thermal_slice.pdf	30730	51f77930abaa314c318c5e3d69d65eebaadd7f42922d56cd39245ed3a9bb9513	outputs/base3/e3/e3_thermal_slice.pdf	
reference_results/base3/e3/e3_thermal_slice.png	161852	bceb9962c865b34da955e67e54039e9fd198c66d95c96c0d4ffe6adff1b55910	outputs/base3/e3/e3_thermal_slice.png	
reference_results/base3/e3/e3_thermal_slice_data.json	2718	cee29daa9fb59d8113a8fc11f4d70bbf8964e5fdcd5476a221265eac33ca0df7	outputs/base3/e3/e3_thermal_slice_data.json	
reference_results/base3/e3/e3_thermal_slice_data.npz	12631	6d93604d5fde62ebba0e33468e87a4536f555d8471c55e5699c6e9835bca5f9d	outputs/base3/e3/e3_thermal_slice_data.npz	
reference_results/base3/e3/e3_uniform_signoff_truth.json	85084	3ffb553891e449ebf0c0a695e2cb71cd633d12454b15fe5b724c8389a37a928e	outputs/base3/e3/e3_uniform_signoff_truth.json	
reference_results/base3/e3/e3_uniform_truth.json	86686	52e2a8d1978148252960a26560419bd9462580e6d5f162ce1ab3a5b42b744308	outputs/base3/e3/e3_uniform_truth.json	
reference_results/base3/e3/hot_00/e3_full_truth.json	86465	1b2f3b91b6eec219e9b2f27ff41f702f2f7fb79083062e39932242d9c12b582e	outputs/base3/e3/hot_00/e3_full_truth.json	
reference_results/base3/e3/hot_03/e3_full_truth.json	87126	15b2a56e735bb63288e50c59199c2b94e005e4516b0a62fa54aac03540759d79	outputs/base3/e3/hot_03/e3_full_truth.json	
reference_results/base3/e3/hot_11/e3_full_truth.json	86826	2c0a7ad482ac6d4866963d13043be3f7ff8d6de964bc6c86b07bc2e2fba2ae15	outputs/base3/e3/hot_11/e3_full_truth.json	
reference_results/base3/e3/hot_22/e3_full_truth.json	86885	e982eea42ce1af907d1537380acdd25139e57889b41a46593b897a78b02426ed	outputs/base3/e3/hot_22/e3_full_truth.json	
reference_results/base3/e3/hot_33/e3_full_truth.json	87592	dcc26e5d19737997d54f4b6569e1e13ae5b6a93c83ddd419950f1bf37885db41	outputs/base3/e3/hot_33/e3_full_truth.json	
reference_results/base3/e4/config_used.json	2383	44c79d112d04893199facb5f94827a1d5e5e97fd2cc595daefc58cf9b623bbc2	outputs/base3/e4/config_used.json	text cleaned
reference_results/base3/e4/e4_timing.json	2178	631c868400cd181eb6d1825d37ac561638ac23384bfcea9fde68e3436e3354bd	outputs/base3/e4/e4_timing.json	text cleaned
reference_results/base3/e4/e4_timing.pdf	18180	a1ba05d97e8408eca72ca70716eb0c60d2b7f357f0ecb946da81b935cd18bd61	outputs/base3/e4/e4_timing.pdf	
reference_results/base3/e4/e4_timing.png	151482	d9a54476db1df3f0f7b1525a8e949dba2cb3e690c8a43721759ea4112efa9524	outputs/base3/e4/e4_timing.png	
reference_results/base3/e4/e4_timing_data.json	2279	469194cd4e41ec3723f130b77198cf7e08e9ada2fd93396198efc7039804fa60	outputs/base3/e4/e4_timing_data.json	
reference_results/base3/e4/e4_timing_data.npz	5443	dfff7bf56a69e4ba7c43bf32046b87d3a887c7cf64d8f10bcc956a124eed057b	outputs/base3/e4/e4_timing_data.npz	
reference_results/base3/e4/fig_e4_paper_timing.pdf	18275	6511207ceadb94bbb7dfb2954302ec7113d4fccaab68c4797f58c8495fe2c068	outputs/base3/paper_figs/fig_e4_paper_timing.pdf	
reference_results/base3/e4/fig_e4_paper_timing.png	87744	04246a48411bad47e55629a4a9fee248070d280b5fa1e35cd2c25a411c75c086	outputs/base3/paper_figs/fig_e4_paper_timing.png	
reference_results/base3/e4/fig_e4_paper_timing_data.json	658	784a62f8aac45aa080fe400231c6a531bae5ed9910904a8dc2c01d83e4a95fa0	outputs/base3/paper_figs/fig_e4_paper_timing_data.json	
reference_results/base3/e4/fig_e4_paper_timing_data.npz	1345	ce1e61958e80cbd352d68194e960e1dbe1b0704820c4faaaa7e8e037697d3f2f	outputs/base3/paper_figs/fig_e4_paper_timing_data.npz	
reference_results/base3/e5/config_used.json	2383	44c79d112d04893199facb5f94827a1d5e5e97fd2cc595daefc58cf9b623bbc2	outputs/base3/e5/config_used.json	text cleaned
reference_results/base3/e5/e5_budget_trajectory.pdf	17419	aaf6dc5caa1a63583d61bd72c525df88d99e98974367b072f1bcf0e0957ba74a	outputs/base3/e5/e5_budget_trajectory.pdf	
reference_results/base3/e5/e5_budget_trajectory.png	62076	b379f0fb8b0ae59e9036bb99a20f5390450a2c8b5df941ffff6daf184b41c83d	outputs/base3/e5/e5_budget_trajectory.png	
reference_results/base3/e5/e5_budget_trajectory_data.json	862	4238c77a6e568ca6059baa44ebedc02500758a1ddafd7f3b4b89d9b2f7a6b6e3	outputs/base3/e5/e5_budget_trajectory_data.json	
reference_results/base3/e5/e5_budget_trajectory_data.npz	2452	e5d06589af9033cd58a2b4825375ba1b9f49ea87cbad30ec6708585c2d2aac6d	outputs/base3/e5/e5_budget_trajectory_data.npz	
reference_results/base3/e5/e5_diemaps_optimized.pdf	95207	7edd714b6cf0ffbd9c33bcc3afd5f6166ed65d20ac901d806809c32baab95609	outputs/base3/e5/e5_diemaps_optimized.pdf	
reference_results/base3/e5/e5_diemaps_optimized.png	367238	2bfcd09847ac64e7f981dea49c5e5acba83d534f1cbff4007ccdcc20ba08aa9d	outputs/base3/e5/e5_diemaps_optimized.png	
reference_results/base3/e5/e5_diemaps_optimized_data.json	31301	4b04d166bfa147da6e764a062177103c5b3d24220622473f54b89d8f2e633786	outputs/base3/e5/e5_diemaps_optimized_data.json	
reference_results/base3/e5/e5_diemaps_optimized_data.npz	156442	7160cf9103fb79e13767721f2229bd8ccfba870ed0f473fb90f56981c44c5524	outputs/base3/e5/e5_diemaps_optimized_data.npz	
reference_results/base3/e5/e5_repair.json	7085	440863d48b7fe2b644a8b4f57111eee368b82b12a03dd30cc9e077fb9854f81c	outputs/base3/e5/e5_repair.json	text cleaned
reference_results/base3/e5/e5_repair.pdf	19069	078e9a662015c13fbc86a62762d4b4365d1954151b4a0823b6b5c761f1280121	outputs/base3/e5/e5_repair.pdf	
reference_results/base3/e5/e5_repair.png	128815	6a8fe7313278e6f6b6f942d2aa97fd78f6ba6ce90aa8cb77d0a9bc72a6d47352	outputs/base3/e5/e5_repair.png	
reference_results/base3/e5/e5_repair_data.json	19996	4a399c951376e68b942d23b0bb66195ed5c664b26520cc15174ff90422ead7ee	outputs/base3/e5/e5_repair_data.json	
reference_results/base3/e5/e5_repair_data.npz	68715	8a0051affbaeb9771d1f8a0ac1d31f549adbfc3ac6da6de89bfeba11a97e9e23	outputs/base3/e5/e5_repair_data.npz	
reference_results/base3/e5/e5_sensmap_D1.pdf	19918	3981e1e2aa218446404c43c73266142fba72aefb7308bfd37dbaafc1e2b02c79	outputs/base3/e5/e5_sensmap_D1.pdf	
reference_results/base3/e5/e5_sensmap_D1.png	113821	2795744d3b676299f8e58a5f0a81f8504a76b0021a62e8ad8b4a67007a4b1728	outputs/base3/e5/e5_sensmap_D1.png	
reference_results/base3/e5/e5_sensmap_D1_data.json	4649	1d2c0d5b69f3a96865e98e6e728a89914ec4935ee7225055fca8d924a25dd377	outputs/base3/e5/e5_sensmap_D1_data.json	
reference_results/base3/e5/e5_sensmap_D1_data.npz	982	663ba48557a8fc6385ccc04f1c15d2a95dffcbb7f160966cd3386c2d3960e0b9	outputs/base3/e5/e5_sensmap_D1_data.npz	
reference_results/base3/e5/e5_sensmap_D2.pdf	20050	ab1b6ce90d981e49654abb6037d8581b0aa54270f317ad460c35f7ff268bd618	outputs/base3/e5/e5_sensmap_D2.pdf	
reference_results/base3/e5/e5_sensmap_D2.png	118023	56e3ad661f089de82d6bb1a9d6e52194bbf1b89b2bfd8b2a7f6361a54dc2397b	outputs/base3/e5/e5_sensmap_D2.png	
reference_results/base3/e5/e5_sensmap_D2_data.json	4653	e7070abde0cf62cc372fabea259b3a1d37dbb16ac69d33903c9e15cb446e457e	outputs/base3/e5/e5_sensmap_D2_data.json	
reference_results/base3/e5/e5_sensmap_D2_data.npz	1010	cd71e8b036b60ced29a0d6db61d2285714d3fecb5ec9564b36b3c86e9922bcec	outputs/base3/e5/e5_sensmap_D2_data.npz	
reference_results/base3/e5/e5_sensmap_D3.pdf	19573	cf6c5fafd47497b5ddff4fb63c25b49ea133b1ee46e871eea8d8c6acd2e9465a	outputs/base3/e5/e5_sensmap_D3.pdf	
reference_results/base3/e5/e5_sensmap_D3.png	113701	bbffd784523057e1f4a93c79089c236340d8682011d77fe97fb0bebfa03da84d	outputs/base3/e5/e5_sensmap_D3.png	
reference_results/base3/e5/e5_sensmap_D3_data.json	4647	4ca91332599c2d4490287b909c6321123f7ede1e63ba3648c3f8695de1b97564	outputs/base3/e5/e5_sensmap_D3_data.json	
reference_results/base3/e5/e5_sensmap_D3_data.npz	1016	dffd76ebbaf4b5689c91ac28b62860fec3fa772c03beb529ff485e6ba53fae67	outputs/base3/e5/e5_sensmap_D3_data.npz	
reference_results/base3/e5/e5_summary.json	33370	2fce0360410cd44f52d175c6d67c821f418400267baef2a73ed5a6f379477385	outputs/base3/e5/e5_summary.json	text cleaned
reference_results/base3/e6/Ea_eV_0.84/e6_alone_truth.json	86111	e9bb719011dbdc9873e84f995209a5f52e6569377e647ac5e79a64ffccaca179	outputs/base3/e6/Ea_eV_0.84/e6_alone_truth.json	
reference_results/base3/e6/Ea_eV_0.84/e6_full_truth.json	86659	3ffcd2c80f2dad32fb6e916d15591e885319407e1018dc7378fe3915fbefb773	outputs/base3/e6/Ea_eV_0.84/e6_full_truth.json	
reference_results/base3/e6/Ea_eV_0.86/e6_alone_truth.json	86238	a57d1ccbcf51873ed1f15d7d8c22a503d422cafbd5a3b1e702e03ef11c712590	outputs/base3/e6/Ea_eV_0.86/e6_alone_truth.json	
reference_results/base3/e6/Ea_eV_0.86/e6_full_truth.json	86826	7948a6645085d5fb67ce58850eb72569d0ad5b3a236686a44feec0be80b27af8	outputs/base3/e6/Ea_eV_0.86/e6_full_truth.json	
reference_results/base3/e6/Ea_eV_1.0/e6_alone_truth.json	85635	9152dba2f4de738c2df2c43388749dec24f0e6c4b249d4868d9d966904578cdd	outputs/base3/e6/Ea_eV_1.0/e6_alone_truth.json	
reference_results/base3/e6/Ea_eV_1.0/e6_full_truth.json	86226	0a09578e32c5291af761dc887336e670605816c66a7f32ca5edddab4cb33c6c1	outputs/base3/e6/Ea_eV_1.0/e6_full_truth.json	
reference_results/base3/e6/Ea_eV_1.1/e6_alone_truth.json	85564	12c8166ffcb423263fe5193eedca7a26887dfd63c0e63a87f73365ed6092e7a8	outputs/base3/e6/Ea_eV_1.1/e6_alone_truth.json	
reference_results/base3/e6/Ea_eV_1.1/e6_full_truth.json	86216	31b7696f3682bf07a84074ceb093051df01fc21e116ed733669c84170e8eaa36	outputs/base3/e6/Ea_eV_1.1/e6_full_truth.json	
reference_results/base3/e6/bond_k_150.0/e6_alone_truth.json	86237	c3116dccce1d862bf9d46079b1f8c8c6ff30314c69cdec04f42d6958cdbd02d7	outputs/base3/e6/bond_k_150.0/e6_alone_truth.json	
reference_results/base3/e6/bond_k_150.0/e6_full_truth.json	86790	3f92c78fa3e90646fa564534f6a3b01755c2fccaedb610a834a1905391bb3475	outputs/base3/e6/bond_k_150.0/e6_full_truth.json	
reference_results/base3/e6/bond_k_40.0/e6_alone_truth.json	86237	d64f2f115229e9a3ecf3f30810754038e227b03c8e8bb61fccacf9535a29c3ec	outputs/base3/e6/bond_k_40.0/e6_alone_truth.json	
reference_results/base3/e6/bond_k_40.0/e6_full_truth.json	86826	238be1b59c53f58b9329c26a614e424c4053fd2c63c67a2bec74e83b0be8d4b5	outputs/base3/e6/bond_k_40.0/e6_full_truth.json	
reference_results/base3/e6/bond_k_5.0/e6_alone_truth.json	86237	45f7e72aa75ab144241a6e363dbbf48697c4e17a7a8e1397923980673b783e14	outputs/base3/e6/bond_k_5.0/e6_alone_truth.json	
reference_results/base3/e6/bond_k_5.0/e6_full_truth.json	86812	1b7536151dce730e81db28352060db1f8995821c48fe35eb615a407964a84f74	outputs/base3/e6/bond_k_5.0/e6_full_truth.json	
reference_results/base3/e6/config_used.json	2383	44c79d112d04893199facb5f94827a1d5e5e97fd2cc595daefc58cf9b623bbc2	outputs/base3/e6/config_used.json	text cleaned
reference_results/base3/e6/e6_sweeps.csv	7087	f0e654a71dac2aee362a8ec65978a02a515f3803875944b98f10763a61c6dd73	outputs/base3/e6/e6_sweeps.csv	
reference_results/base3/e6/e6_sweeps.json	21080	21e6fd34b4dbc69d67b7772c3774a8dee3ba414550e551555ca3ae39e3bc3d9e	outputs/base3/e6/e6_sweeps.json	text cleaned
reference_results/base3/e6/e6_sweeps.pdf	45700	6e43ddcabfdf854fd713a8e33490b7c242e41de1c207c59b1431d460aa16bcab	outputs/base3/e6/e6_sweeps.pdf	
reference_results/base3/e6/e6_sweeps.png	215537	dc0fb2cf411c61bafc556ab07432a7021349ca3c247c21c8aff8f60486db87cb	outputs/base3/e6/e6_sweeps.png	
reference_results/base3/e6/e6_sweeps_data.json	10076	91be8f3a7f3e81a030d82754672f7639525318bc22647c91830e9ee862906500	outputs/base3/e6/e6_sweeps_data.json	
reference_results/base3/e6/e6_sweeps_data.npz	28635	785cfa37db07f17b99214d6cc4e82853549987a9a487261a128293dbf6320855	outputs/base3/e6/e6_sweeps_data.npz	
reference_results/base3/e6/feed_pitch_bottom_um_200/e6_alone_truth.json	85942	4d8462b42965ba639c2b6df29c7b6756163ddc06dcec99bb85f0ccdc6b5d593c	outputs/base3/e6/feed_pitch_bottom_um_200/e6_alone_truth.json	
reference_results/base3/e6/feed_pitch_bottom_um_200/e6_full_truth.json	86438	686f80cc3962a7e681147886a76cbf479827f850a17cda51fbbb9f8095d5d9cb	outputs/base3/e6/feed_pitch_bottom_um_200/e6_full_truth.json	
reference_results/base3/e6/feed_pitch_bottom_um_400/e6_alone_truth.json	86237	55206e2544664908d8c62e2ac3f3608c896a619c2450291cb4dff4ef5326bbc5	outputs/base3/e6/feed_pitch_bottom_um_400/e6_alone_truth.json	
reference_results/base3/e6/feed_pitch_bottom_um_400/e6_full_truth.json	86826	a0b206e4bc5791c1b3403874c8c75f612b60bc42356452307b68df80100ece7d	outputs/base3/e6/feed_pitch_bottom_um_400/e6_full_truth.json	
reference_results/base3/e6/feed_pitch_bottom_um_800/e6_alone_truth.json	86426	67f02dcdbf06db7184d742cab36bf318a3c7a2eebf02e40509b47fcd74b153ac	outputs/base3/e6/feed_pitch_bottom_um_800/e6_alone_truth.json	
reference_results/base3/e6/feed_pitch_bottom_um_800/e6_full_truth.json	87011	00dcfcb174f9b927c357532018a59c26ea49864400827245bba682e8dc33aa04	outputs/base3/e6/feed_pitch_bottom_um_800/e6_full_truth.json	
reference_results/base3/e6/layer_order_logic_bottom/e6_alone_truth.json	86236	e9b0389bd6153eed4a6d85339f6c8db755e658abe8294bd36b7831cb8e9813b0	outputs/base3/e6/layer_order_logic_bottom/e6_alone_truth.json	
reference_results/base3/e6/layer_order_logic_bottom/e6_full_truth.json	86798	ce6964398f786539dd26c6223d84e67702caa29000d672b649ad6279cb08b92c	outputs/base3/e6/layer_order_logic_bottom/e6_full_truth.json	
reference_results/base3/e6/layer_order_logic_top/e6_alone_truth.json	86237	808468bedbfb607d6ab96892049a39a445f604ca37f88a343b4ac78d0c6b5476	outputs/base3/e6/layer_order_logic_top/e6_alone_truth.json	
reference_results/base3/e6/layer_order_logic_top/e6_full_truth.json	86826	237c6e86bbea9024309600c51a4a272de8e05e4d04c719b1f20d09775f88da38	outputs/base3/e6/layer_order_logic_top/e6_full_truth.json	
reference_results/base3/e6/r_convec_0.1/e6_alone_truth.json	86140	26d1cca282184298fdb6908c0abb318d535893422927cbdf7579fec62c67224b	outputs/base3/e6/r_convec_0.1/e6_alone_truth.json	
reference_results/base3/e6/r_convec_0.1/e6_full_truth.json	86820	b7e2b2a88380961ea82a37e19969d55459157225626a15357c2e6f14cac7e987	outputs/base3/e6/r_convec_0.1/e6_full_truth.json	
reference_results/base3/e6/r_convec_0.5/e6_alone_truth.json	86237	351e010d6cac5273dab1ba762b5c099aee6215d2cc14e64ac698761156174d15	outputs/base3/e6/r_convec_0.5/e6_alone_truth.json	
reference_results/base3/e6/r_convec_0.5/e6_full_truth.json	86826	35d3918e30574b1334e132eb7079d2dbe7c1ddfa98d1864e1e89ce3e207de065	outputs/base3/e6/r_convec_0.5/e6_full_truth.json	
reference_results/base3/e6/r_convec_1.0/e6_alone_truth.json	86226	16cfba604a054b15aef4b0f925cee7c13f4c08cc1345d60e18962e0170318223	outputs/base3/e6/r_convec_1.0/e6_alone_truth.json	
reference_results/base3/e6/r_convec_1.0/e6_full_truth.json	86865	4de4f710a25f3cec2cacbc57c4a3d2a2efe0db3c1c6a88c87b409f8fb90cc18e	outputs/base3/e6/r_convec_1.0/e6_full_truth.json	
reference_results/base3/e6/sigma_crit_MPa_400/e6_alone_truth.json	86156	9c50bc1b32b5b761ba38942cdd1f822709bfdbb2ef64e2c82e9c19466869c7de	outputs/base3/e6/sigma_crit_MPa_400/e6_alone_truth.json	
reference_results/base3/e6/sigma_crit_MPa_400/e6_full_truth.json	86821	94515d08a5f07f7aca19a4a92f7abaedf30c3814aa876dbd62b993320ce94abe	outputs/base3/e6/sigma_crit_MPa_400/e6_full_truth.json	
reference_results/base3/e6/sigma_crit_MPa_500/e6_alone_truth.json	86237	b03a92bafc4f54adbea28976f3ba7a7be3354cc01943cb5ffe0482c7ecb4d43e	outputs/base3/e6/sigma_crit_MPa_500/e6_alone_truth.json	
reference_results/base3/e6/sigma_crit_MPa_500/e6_full_truth.json	86827	3b021b284b70ff8e6f032e318e4b14864d9b52b6af2eb85af05e2c13906bfb7d	outputs/base3/e6/sigma_crit_MPa_500/e6_full_truth.json	
reference_results/base3/e6/sigma_crit_MPa_600/e6_alone_truth.json	86034	4b55b4b8a81854a9f691803d40189cc015eba56bc643b109ac567b86226ff379	outputs/base3/e6/sigma_crit_MPa_600/e6_alone_truth.json	
reference_results/base3/e6/sigma_crit_MPa_600/e6_full_truth.json	86748	5ba1b2befa9e4e9b432f38f2bdee3ceb1480e55fc10ecf134f40ae93ac162af7	outputs/base3/e6/sigma_crit_MPa_600/e6_full_truth.json	
reference_results/base3/e6/signoff_margin_1.5/e6_alone_truth.json	86216	fad4452493ca46609366fff949e1405de618fc8d9e5ffc6370a417b96eea2cb1	outputs/base3/e6/signoff_margin_1.5/e6_alone_truth.json	
reference_results/base3/e6/signoff_margin_1.5/e6_full_truth.json	86914	cbbb03f5922fec02aa47948bd4ec3725d21c8806cf477fde9cd7f3095702a743	outputs/base3/e6/signoff_margin_1.5/e6_full_truth.json	
reference_results/base3/e6/signoff_margin_2.0/e6_alone_truth.json	86237	91c10692695f5e5d9380c424c9ed90e596d3913b483e9daced8f94eb2bbf068a	outputs/base3/e6/signoff_margin_2.0/e6_alone_truth.json	
reference_results/base3/e6/signoff_margin_2.0/e6_full_truth.json	86826	ca6fbda33712c91cefccabcdb62ec6740f564bbc4c9626fd947c208e15aa5c6c	outputs/base3/e6/signoff_margin_2.0/e6_full_truth.json	
reference_results/base3/e6/signoff_margin_3.0/e6_alone_truth.json	85751	ea8e7638bfc90c83d20a4f055a06a43f3df08149615afd46caca3a5d6ff3bafc	outputs/base3/e6/signoff_margin_3.0/e6_alone_truth.json	
reference_results/base3/e6/signoff_margin_3.0/e6_full_truth.json	86743	dc7b19d27da32f5680adf310631f0cfe1d4db8b56d81200eb548760b2cc1842d	outputs/base3/e6/signoff_margin_3.0/e6_full_truth.json	
reference_results/base3/e6/top_power_W_10.0/e6_alone_truth.json	85897	fa356da5d7443fa5f014b63fbd5d640b1e515be4dadbebca6de45fbd2d182008	outputs/base3/e6/top_power_W_10.0/e6_alone_truth.json	
reference_results/base3/e6/top_power_W_10.0/e6_full_truth.json	86260	4645b8db54ca27b31d1b4c6f2e7eccff419e3f6d90aeb12960a9af36291211fb	outputs/base3/e6/top_power_W_10.0/e6_full_truth.json	
reference_results/base3/e6/top_power_W_20.0/e6_alone_truth.json	86237	3299445845381e64dd3c16ac3a751054c6966da0e1107420930c8718073a60f0	outputs/base3/e6/top_power_W_20.0/e6_alone_truth.json	
reference_results/base3/e6/top_power_W_20.0/e6_full_truth.json	86826	185265b85fa7114083bbe5deceb0d256627916317f3c9a1af34af0f8114ddb13	outputs/base3/e6/top_power_W_20.0/e6_full_truth.json	
reference_results/base3/e6/top_power_W_30.0/e6_alone_truth.json	86339	9738b39fca75f3f2d7d8f59db9b1b8cfc35ab33fa82150732355c9838cc41135	outputs/base3/e6/top_power_W_30.0/e6_alone_truth.json	
reference_results/base3/e6/top_power_W_30.0/e6_full_truth.json	86980	a808389c545745effb8fcf30708ce8a335ab7b8c50167035634a8664f5a487f8	outputs/base3/e6/top_power_W_30.0/e6_full_truth.json	
reference_results/base3/e7/config_used.json	2383	44c79d112d04893199facb5f94827a1d5e5e97fd2cc595daefc58cf9b623bbc2	outputs/base3/e7/config_used.json	text cleaned
reference_results/base3/e7/e7_confusion.pdf	21800	7b8e64e505741d2d0d2a8981896c0408f4cb9077f0e3e89f545bd13bf9565619	outputs/base3/e7/e7_confusion.pdf	
reference_results/base3/e7/e7_confusion.png	69148	4b7a97db2dd2089a090fe52c9c6d8e923c870f0c788e1d6eec3ea530d4e1c994	outputs/base3/e7/e7_confusion.png	
reference_results/base3/e7/e7_confusion_data.json	3513	37470c0d6996770480870814a4c11136e3b96cc0e3f117dca15d70326b187fcb	outputs/base3/e7/e7_confusion_data.json	
reference_results/base3/e7/e7_confusion_data.npz	12987	7df1e4f47b249986f566fb9fe0c074222e167cf8fdd4b7656d06b53a5139dd2d	outputs/base3/e7/e7_confusion_data.npz	
reference_results/base3/e7/e7_ranking.json	5391	94a52055f5efe59158a09523c243011c3661c17233a482e5055e76b3882800d6	outputs/base3/e7/e7_ranking.json	text cleaned
reference_results/base3/e7/e7_ranking.pdf	24772	52e0ef1e56210885c1467050bbbe5103bb326b65c7c525c835a7b340ff59218b	outputs/base3/e7/e7_ranking.pdf	
reference_results/base3/e7/e7_ranking.png	130750	e1682176941c3106c55c3ec40e4e48f272de09bb5aa9ab60dc70976813ce2803	outputs/base3/e7/e7_ranking.png	
reference_results/base3/e7/e7_ranking_data.json	4129	da2084b04eb12672e1168388bbcd2010a8fbbe2a602080df6f7a2e3227d94041	outputs/base3/e7/e7_ranking_data.json	
reference_results/base3/e7/e7_ranking_data.npz	4314	b76e6884a3f860133e7f46fed818d6e62cee83faf13b9cdfee2a8427b386cef0	outputs/base3/e7/e7_ranking_data.npz	
reference_results/base3/e8/config_used.json	2383	44c79d112d04893199facb5f94827a1d5e5e97fd2cc595daefc58cf9b623bbc2	outputs/base3/e8/config_used.json	text cleaned
reference_results/base3/e8/e8_cdf.pdf	20403	df5e92df3935da8b907ff975fdf4215660cbc7987c9bc650dfe4362948a2dc5d	outputs/base3/e8/e8_cdf.pdf	
reference_results/base3/e8/e8_cdf.png	93475	eef7b60fdf2a0d58810aed20299b07962104cb7a0090994178d2961777f7db6d	outputs/base3/e8/e8_cdf.png	
reference_results/base3/e8/e8_cdf_data.json	3629	8a5d967c07c3c48805a128839ccba412e01dc616aca7a0b35fec1d9110dccfb5	outputs/base3/e8/e8_cdf_data.json	text cleaned
reference_results/base3/e8/e8_cdf_data.npz	46951	14573fc8fee1d5d6f9781d8f638de7fd57c64c503e6b76d9f773a32ec51fe0c0	outputs/base3/e8/e8_cdf_data.npz	
reference_results/base3/e8/e8_diemaps_full.pdf	122658	ec42e8732705f5262c009a2a37780c948c75c4201e34de3b087fb7750d6d1bbf	outputs/base3/e8/e8_diemaps_full.pdf	
reference_results/base3/e8/e8_diemaps_full.png	489273	fbc7b67818c03d3ef846a6ae546e64d0128a7213d8c503c3d334b3b458c7057f	outputs/base3/e8/e8_diemaps_full.png	
reference_results/base3/e8/e8_diemaps_full_data.json	86186	c6d53ea69a2a3a44aa7a4af0b0039573b3e4978d30372d0788a1a60e6c8708fd	outputs/base3/e8/e8_diemaps_full_data.json	
reference_results/base3/e8/e8_diemaps_full_data.npz	461436	191e01d447499bab29bfd285eaad075884ad577f3d10a7e6df9205c841d5d7fd	outputs/base3/e8/e8_diemaps_full_data.npz	
reference_results/base3/e8/e8_diemaps_others_off.pdf	65033	e14adb3cf2b5c9037c4c2a16321b1cefa5af4c58e9f3553ab3b0931d39648cd3	outputs/base3/e8/e8_diemaps_others_off.pdf	
reference_results/base3/e8/e8_diemaps_others_off.png	247763	44c95c518b890e693cd75b764a51e8b6703e04777c229b3da2dcbd5b107d91ed	outputs/base3/e8/e8_diemaps_others_off.png	
reference_results/base3/e8/e8_diemaps_others_off_data.json	86186	5659f221899da72f84a13dd81817bf1f2587098acd4f3938e605e4d827306117	outputs/base3/e8/e8_diemaps_others_off_data.json	
reference_results/base3/e8/e8_diemaps_others_off_data.npz	408973	7b71521843b6d0edeb6f7305f97755d7aaa712f825eb98b0abed602f1d7ba015	outputs/base3/e8/e8_diemaps_others_off_data.npz	
reference_results/base3/e8/e8_diemaps_uniform.pdf	122606	cc19e9d4f6739ce79bff769502dc9b08c6f21f517beeef0e157d3b4c43364ed9	outputs/base3/e8/e8_diemaps_uniform.pdf	
reference_results/base3/e8/e8_diemaps_uniform.png	487932	d951da1b5226574b9d9bd614bb445c3797b6f0687fca5e1497a0f45ab8aa2df5	outputs/base3/e8/e8_diemaps_uniform.png	
reference_results/base3/e8/e8_diemaps_uniform_data.json	86186	5eab911d9fdc851df1516c721d8bb0bb7835140d180a5e2faa88423f0e4da52f	outputs/base3/e8/e8_diemaps_uniform_data.json	
reference_results/base3/e8/e8_diemaps_uniform_data.npz	461375	90ebbe7cebdbbc3d1a903b71fe18190a7ad3e567c2640f88837dc430783c14a2	outputs/base3/e8/e8_diemaps_uniform_data.npz	
reference_results/base3/e8/e8_parity.pdf	19085	e3c4d1511f30247261d3da2820b29b12ac8a348d26d66cf7e3ca75307ce195ec	outputs/base3/e8/e8_parity.pdf	
reference_results/base3/e8/e8_parity.png	86841	15fa14b35e67e174253b0cc98fb59ffb78c45589044c90f7c70879a01a0989e7	outputs/base3/e8/e8_parity.png	
reference_results/base3/e8/e8_parity_data.json	1180	ca131d00c3c34105286e6b4ab99a3eeb8c46813b3a4206aa5c6e061059aef8ca	outputs/base3/e8/e8_parity_data.json	
reference_results/base3/e8/e8_parity_data.npz	2474	7dc7e0307d18a4fc138a991674c3db66457adb72999d5ba906aa1a8aa1e1f971	outputs/base3/e8/e8_parity_data.npz	
reference_results/base3/e8/e8_summary.json	4789	79a78663eb158da9060e3578a77db5867551f4ac51c83c5ef7f6d1d4cfe41982	outputs/base3/e8/e8_summary.json	text cleaned
reference_results/base3/figs/framework.pdf	56329	1757bbccd9c4c869c5057ed6d1203022effbc6b8ddc4542b8697c2d46fb0d21b	outputs/base3/figs/framework.pdf	
reference_results/base3/figs/framework.png	270465	850d6d225d662914da306c3dbdd0a9fbe5318dab2f23e72711e49e2e49f1d6cb	outputs/base3/figs/framework.png	
reference_results/base3/figs/framework_data.json	3953	ab70b6b14e2d18979c72bc9e736b6b902b586b3b2ab03ed0fdca61f116ea2c2a	outputs/base3/figs/framework_data.json	
reference_results/base3/figs/framework_data.npz	432	ff29e338aecb8c8019d44440a61d539273fbff653557ce95b9ff638665a7f660	outputs/base3/figs/framework_data.npz	
reference_results/base3/kernels/config_used.json	2078	5da4055de5effb92a61943d133f51a5d75c5b9d5e4dc744b1380ebbf595bd78b	outputs/base3/kernels/config_used.json	text cleaned
reference_results/base3/kernels/dataset_info.json	1292	62691d6cce2951fd581f12985deb321ac0c1d9756f70618b5522788eebc443b2	outputs/base3/kernels/dataset_info.json	text cleaned
reference_results/base3/signoff/signoff_sizing.json	5666	d989de422ad5cdab0e84fa2bbe5a35819c6b76a1ffb58e4de1b56bbd9c23a0b8	outputs/base3/signoff/signoff_sizing.json	
reference_results/base3/signoff/signoff_sizing.pdf	29812	c30b9b6545da42acd26e7c111fde210ec980eb946771ba387036253e956b215b	outputs/base3/signoff/signoff_sizing.pdf	
reference_results/base3/signoff/signoff_sizing.png	189001	a41114efc0de376ef2ccb214452bb917afb684c31e1f94f74bccb9fdc9651fc0	outputs/base3/signoff/signoff_sizing.png	
reference_results/base3/signoff/signoff_sizing_data.json	2962	f1aa6fd0ae5ee353e7d11866c76f0ee2ae3db665a97c082a1e216564d406ebfe	outputs/base3/signoff/signoff_sizing_data.json	
reference_results/base3/signoff/signoff_sizing_data.npz	7388	9cbeb2b9b121a46f53d401b7ad3e65e84b77b3730ae1957ad571a65c196a6f80	outputs/base3/signoff/signoff_sizing_data.npz	
reference_results/base3/skn/train_curves.png	145410	d323e9f95339e22855dd64db03b6dca3edb9792e8830d8137898e6014d2bbec7	outputs/base3/skn/train_curves.png	
reference_results/base3/skn/train_log.csv	40451	e89344d750645c4bcf017ac1c49f5591909c1c1bbf020c474f23ae83da1e33c7	outputs/base3/skn/train_log.csv	
reference_results/base3/skn/train_summary.json	920	bf7af5c1ffe3d53a8b170d71fa1ed2dec878335ad538a3b7da569defdd654571	outputs/base3/skn/train_summary.json	text cleaned
reference_results/base3/skn_distill/distill_curves.pdf	22718	3a98b9c6cc68ed767b85cea45763c090e830d7d63d204f174290c987f2bd65b3	outputs/base3/skn_distill/distill_curves.pdf	
reference_results/base3/skn_distill/distill_curves.png	173555	fa66091c4b55001633114106ec9c93f28e381be150d340a3329f87e536659fb9	outputs/base3/skn_distill/distill_curves.png	
reference_results/base3/skn_distill/distill_summary.json	1616	7095a91f3572b1901761e111805b6e81d5be0b48963f02031fa6c938e8e1dc8c	outputs/base3/skn_distill/distill_summary.json	text cleaned
reference_results/base3/skn_distill/train_log.csv	29017	971f1ab843ad9d0487f4088403728bb46fa8c13afb0dc61d75c6c668859ac5a6	outputs/base3/skn_distill/train_log.csv	
reference_results/base3/tables/table_params.json	2816	26ca80fa86bee803e0591c63bdd3d892ee458a63eb333eda3f10d493ab88782f	outputs/base3/tables/table_params.json	
reference_results/base3/tables/table_params.md	2312	9380a3bac6edc162fe8b2bab298bf784e30ec53b989186499a43e7cc4fcecf9a	outputs/base3/tables/table_params.md	
reference_results/base3/tables/table_params.tex	2664	7eebcb2d1febe15d6a55a00e15dd1fffe7c1e250751a56f28a17f5541621ec4a	outputs/base3/tables/table_params.tex	
reference_results/base3_teacher/comparison/compare_accuracy.pdf	15084	88f09a1f96c58bb3bbbecd70f50e14ac306dc0c883439abd53dae86c045b613d	outputs/base3/comparison_teacher_student/compare_accuracy.pdf	
reference_results/base3_teacher/comparison/compare_accuracy.png	33904	5c04ab3303094fac19cb2a49877a4f722810a5334a533445e98b7b02bdfcc40f	outputs/base3/comparison_teacher_student/compare_accuracy.png	
reference_results/base3_teacher/comparison/compare_accuracy_data.json	760	0ef27631b67d77b49a30516289d60b73765730663c4ee848dcd6efdd033efac2	outputs/base3/comparison_teacher_student/compare_accuracy_data.json	
reference_results/base3_teacher/comparison/compare_accuracy_data.npz	2211	fbdc48c17040831ecf875add2da748db02f6907f3b41939e0f1b97391a61a230	outputs/base3/comparison_teacher_student/compare_accuracy_data.npz	
reference_results/base3_teacher/comparison/compare_timing.pdf	17994	aa28511aef62d0e35ee413d64dbd07a5cafbad9e2b1ab2557edc97759326f1ea	outputs/base3/comparison_teacher_student/compare_timing.pdf	
reference_results/base3_teacher/comparison/compare_timing.png	139377	bc91a684c1c8d61e85fd0d102f14a3d3adcfcafb847b4ff5cd0ce390bb60d9f9	outputs/base3/comparison_teacher_student/compare_timing.png	
reference_results/base3_teacher/comparison/compare_timing_data.json	1212	bdf75cda41caec30fca5c4aba8465c2b01f1148bd38bc18c25ef891cf904d3ef	outputs/base3/comparison_teacher_student/compare_timing_data.json	
reference_results/base3_teacher/comparison/compare_timing_data.npz	3094	a0325c25197260d4ebb11d7e0e74532221454ceae06cd98b2328e92bb489c9ee	outputs/base3/comparison_teacher_student/compare_timing_data.npz	
reference_results/base3_teacher/comparison/comparison_teacher_student.json	1829	b91663c0779b79580364e4ce8673a71698c66da367e99c19c973ee3030a410a6	outputs/base3/comparison_teacher_student/comparison_teacher_student.json	
reference_results/base3_teacher/comparison/comparison_teacher_student.md	1549	f3380ca134982b513b80dff1e67d74808c3011a80bab9023dd771b671bd42a41	outputs/base3/comparison_teacher_student/comparison_teacher_student.md	text cleaned
reference_results/base3_teacher/comparison/comparison_teacher_student.tex	1882	4077d13907b53fba0fa220d5d14aa2bd19e7252fa7d50f6494839e57190dedf3	outputs/base3/comparison_teacher_student/comparison_teacher_student.tex	
reference_results/base3_teacher/e1/config_used.json	2203	1f2c7da4e81500b14600818dc72edf24ec474cbe8a38b0b4f40f3bf2b04bffe6	outputs_teacher/base3/e1/config_used.json	text cleaned
reference_results/base3_teacher/e1/e1_error_by_tau_ood.pdf	14659	0145b9d18f0da3238e925e73a6e4b7f357bc0751f88ad35510859b485c28720d	outputs_teacher/base3/e1/e1_error_by_tau_ood.pdf	
reference_results/base3_teacher/e1/e1_error_by_tau_ood.png	51081	c53f4a8bc4cb89065d7e741c0a6878e782d9b842290ee634523d98e2ebd4921c	outputs_teacher/base3/e1/e1_error_by_tau_ood.png	
reference_results/base3_teacher/e1/e1_error_by_tau_ood_data.json	524	5fa73bef6266d6d8b18b6c2039d6fb421c3bd775b4ef527dd0939c2eef452dce	outputs_teacher/base3/e1/e1_error_by_tau_ood_data.json	
reference_results/base3_teacher/e1/e1_error_by_tau_ood_data.npz	1427	f1666d329689d501fe836270a49dcf9600d0d463f198e389d273a33afd455ac9	outputs_teacher/base3/e1/e1_error_by_tau_ood_data.npz	
reference_results/base3_teacher/e1/e1_error_by_tau_val.pdf	14679	448ebec1c6aa72ee7d7dc042966b5dffe3e4a8fb3e417e076f4ae935068f7bdd	outputs_teacher/base3/e1/e1_error_by_tau_val.pdf	
reference_results/base3_teacher/e1/e1_error_by_tau_val.png	50867	fbced452372eb369b2995f6745b2e6f1e2f1989a1df9b572356532cbe27746a3	outputs_teacher/base3/e1/e1_error_by_tau_val.png	
reference_results/base3_teacher/e1/e1_error_by_tau_val_data.json	524	5fa73bef6266d6d8b18b6c2039d6fb421c3bd775b4ef527dd0939c2eef452dce	outputs_teacher/base3/e1/e1_error_by_tau_val_data.json	
reference_results/base3_teacher/e1/e1_error_by_tau_val_data.npz	1428	0ec586fc38d64ac353028adb9f485d27a6f1cfb68341cac1c8f901adcb89d074	outputs_teacher/base3/e1/e1_error_by_tau_val_data.npz	
reference_results/base3_teacher/e1/e1_kernel_cuts_ood.pdf	31573	b7d2916d1ff3af2ebaee81dbae847b7f2a9865f31dd40e9ffe167871910606a4	outputs_teacher/base3/e1/e1_kernel_cuts_ood.pdf	
reference_results/base3_teacher/e1/e1_kernel_cuts_ood.png	176065	922fad88f65c82a8cda130c0c970d5ddf0057cf5ef0a9a44628f984ffd6b6f69	outputs_teacher/base3/e1/e1_kernel_cuts_ood.png	
reference_results/base3_teacher/e1/e1_kernel_cuts_ood_data.json	8079	4f449bb1e701067cdc296c91f468bcdec7ce09a78b8045d6c5525b0959efc3da	outputs_teacher/base3/e1/e1_kernel_cuts_ood_data.json	
reference_results/base3_teacher/e1/e1_kernel_cuts_ood_data.npz	53243	4d4fdec34aff1d4975829052032ba2e4cdad61d15a45b7362dfab04d6ed735fc	outputs_teacher/base3/e1/e1_kernel_cuts_ood_data.npz	
reference_results/base3_teacher/e1/e1_kernel_cuts_val.pdf	31546	35db1bbf56fc1b608ae384fc9dbbe1d778ab28e60f05ad762e2640a0cd78b2e0	outputs_teacher/base3/e1/e1_kernel_cuts_val.pdf	
reference_results/base3_teacher/e1/e1_kernel_cuts_val.png	180548	e137591613a1f324630ef43a91582de013f458b929c088f624ca08e3b6fc147f	outputs_teacher/base3/e1/e1_kernel_cuts_val.png	
reference_results/base3_teacher/e1/e1_kernel_cuts_val_data.json	8085	94d41edca09518298da1289e6d89215544328cd70740a1dadfa47bb703863908	outputs_teacher/base3/e1/e1_kernel_cuts_val_data.json	
reference_results/base3_teacher/e1/e1_kernel_cuts_val_data.npz	53273	bbed90a1dbeb5d3693861c1259fd9889be297aee4f65ee9d98b33e02fbfa7bb1	outputs_teacher/base3/e1/e1_kernel_cuts_val_data.npz	
reference_results/base3_teacher/e1/e1_kernels_profile_ood.pdf	105266	681d353af7865f50e69273975d91a953dcd31bf8004e3e69ac1ac2ab513cf368	outputs_teacher/base3/e1/e1_kernels_profile_ood.pdf	
reference_results/base3_teacher/e1/e1_kernels_profile_ood.png	289937	62f338517db6d354390b87c6d72a5d234950f3b6dab25aaca4da55479317237d	outputs_teacher/base3/e1/e1_kernels_profile_ood.png	
reference_results/base3_teacher/e1/e1_kernels_profile_ood_data.json	2504	7debe2da847c978f4cb8dccf29589d3cc0a4c5bc0f563b77ae23124e2cb894c0	outputs_teacher/base3/e1/e1_kernels_profile_ood_data.json	
reference_results/base3_teacher/e1/e1_kernels_profile_ood_data.npz	571663	9868cbdb542aa52e3e681ae312a65a1233acca1ca0c1da690dbc4e5a78d3816b	outputs_teacher/base3/e1/e1_kernels_profile_ood_data.npz	
reference_results/base3_teacher/e1/e1_kernels_profile_val.pdf	106160	e46034313ad609603aa6feb75b74ef001e225859330dc45920b91c4d9e76be18	outputs_teacher/base3/e1/e1_kernels_profile_val.pdf	
reference_results/base3_teacher/e1/e1_kernels_profile_val.png	295797	30d2e6c8fc9a48a266af366f08ccd431c316d8969a9e57f95e1cbfcc28250453	outputs_teacher/base3/e1/e1_kernels_profile_val.png	
reference_results/base3_teacher/e1/e1_kernels_profile_val_data.json	2504	7debe2da847c978f4cb8dccf29589d3cc0a4c5bc0f563b77ae23124e2cb894c0	outputs_teacher/base3/e1/e1_kernels_profile_val_data.json	
reference_results/base3_teacher/e1/e1_kernels_profile_val_data.npz	575717	c0b318427c1a1b91b6a92341f3ce9cf942e5fc429b20dcc54f27db988263c2c1	outputs_teacher/base3/e1/e1_kernels_profile_val_data.npz	
reference_results/base3_teacher/e1/e1_summary.json	2696	1aed5d9ab104b40d5d1dc526321357dda1b7696176a232fd5f00d76e6aed231f	outputs_teacher/base3/e1/e1_summary.json	text cleaned
reference_results/base3_teacher/e2/config_used.json	2203	1f2c7da4e81500b14600818dc72edf24ec474cbe8a38b0b4f40f3bf2b04bffe6	outputs_teacher/base3/e2/config_used.json	text cleaned
reference_results/base3_teacher/e2/e2_alone_pred.json	86232	e5922e0bcd3b355dced892c7777ff26413624718ae2b7c72b47455f986842370	outputs_teacher/base3/e2/e2_alone_pred.json	
reference_results/base3_teacher/e2/e2_alone_truth.json	86255	123db3a152e64aa41dfa9ad0d0d173e8414b2b96191d893670308ffb4a40753a	outputs_teacher/base3/e2/e2_alone_truth.json	
reference_results/base3_teacher/e2/e2_full_pred.json	86886	b2a272cba9171c1c9cdd5ec35db3f7e2b9fb5e1fd57f74d565177fad0bd64835	outputs_teacher/base3/e2/e2_full_pred.json	
reference_results/base3_teacher/e2/e2_full_truth.json	86819	b03ecde332d273761b4be8bd2080c79589223dc36a3084275f09f94ee1f87792	outputs_teacher/base3/e2/e2_full_truth.json	
reference_results/base3_teacher/e2/e2_parity_alone.pdf	21900	9649672508b063f9f875ab1713720892194a87ec8b6f0dfc61cac2b8ae74a44b	outputs_teacher/base3/e2/e2_parity_alone.pdf	
reference_results/base3_teacher/e2/e2_parity_alone.png	90321	d38447a80a1e0b4280464ace5d404f51deaa698d20da74149eedcab2bde8e68c	outputs_teacher/base3/e2/e2_parity_alone.png	
reference_results/base3_teacher/e2/e2_parity_alone_data.json	1601	9a142736da07c2df87ff503a5c392531f142d1144f7b3e87f7fffa4f2a9bfb0b	outputs_teacher/base3/e2/e2_parity_alone_data.json	
reference_results/base3_teacher/e2/e2_parity_alone_data.npz	5842	5c1e38e402e6697cfbac8a528fec3f8927213ac49012556be10a0f08d6595b2f	outputs_teacher/base3/e2/e2_parity_alone_data.npz	
reference_results/base3_teacher/e2/e2_parity_full.pdf	23714	25fcacc1d695267ca11b3286f4ed4ce7e96daac2f084bae28c2a34f20c4d16de	outputs_teacher/base3/e2/e2_parity_full.pdf	
reference_results/base3_teacher/e2/e2_parity_full.png	105628	a241227a6204864f16abe68a83ff91c00c995e11b7a78880c55456ae4b2287f0	outputs_teacher/base3/e2/e2_parity_full.png	
reference_results/base3_teacher/e2/e2_parity_full_data.json	2010	693260c4d7f6daaa9c7fedb0999beb84d4ad889debc6912a43a855bb14760ecc	outputs_teacher/base3/e2/e2_parity_full_data.json	
reference_results/base3_teacher/e2/e2_parity_full_data.npz	8959	11981a5c2e564387b5040fb6e4f7dc2ad8c7c763c6878c550a3ce5d625a56cd5	outputs_teacher/base3/e2/e2_parity_full_data.npz	
reference_results/base3_teacher/e2/e2_parity_uniform.pdf	23175	51d2373e42f64287358ad78708e3793668c069884e5843c0f27070434a3b3f22	outputs_teacher/base3/e2/e2_parity_uniform.pdf	
reference_results/base3_teacher/e2/e2_parity_uniform.png	103702	99a0f80c2ac0f8b8d054f3591a32f85d2dc67cb8149e9723d18534606f6320fe	outputs_teacher/base3/e2/e2_parity_uniform.png	
reference_results/base3_teacher/e2/e2_parity_uniform_data.json	2013	48109238d6464ebe3b5559d58ad133cf748f458caa68107841fc39a6a521fa25	outputs_teacher/base3/e2/e2_parity_uniform_data.json	
reference_results/base3_teacher/e2/e2_parity_uniform_data.npz	8591	f6392a025a360aaee466417521504af030d4fa788a2cdce966420f64ffcbd530	outputs_teacher/base3/e2/e2_parity_uniform_data.npz	
reference_results/base3_teacher/e2/e2_summary.json	14202	cc5cf9e38e8278bdbb114ce17e648fea072101443152cb69a4274fe8b9be3d92	outputs_teacher/base3/e2/e2_summary.json	text cleaned
reference_results/base3_teacher/e2/e2_uniform_pred.json	86728	99cca0ff1e4a8907a75ac2658ae4e4eefb2d2004317ff6b36a1b7994d67ef146	outputs_teacher/base3/e2/e2_uniform_pred.json	
reference_results/base3_teacher/e2/e2_uniform_truth.json	86708	55a6f253c13a9e25c20297cc1dbdb33112ce7d4bae9e9fc455e45da60334d03d	outputs_teacher/base3/e2/e2_uniform_truth.json	
reference_results/base3_teacher/e4/config_used.json	2203	1f2c7da4e81500b14600818dc72edf24ec474cbe8a38b0b4f40f3bf2b04bffe6	outputs_teacher/base3/e4/config_used.json	text cleaned
reference_results/base3_teacher/e4/e4_timing.json	1196	0c576cc3721dcf74d4dac35bd18fa5a0c61cc5a0bc2bb50de179701d95fff21e	outputs_teacher/base3/e4/e4_timing.json	text cleaned
reference_results/base3_teacher/e4/e4_timing.pdf	16197	3256aa7014a5d136f3489547d5289ca53e756a00f6c6e01d822be70e71efa541	outputs_teacher/base3/e4/e4_timing.pdf	
reference_results/base3_teacher/e4/e4_timing.png	85738	7f32ee794fa1d3c50e281b9daa159a8cc45394ad53dfdf90a8123122a2025ab4	outputs_teacher/base3/e4/e4_timing.png	
reference_results/base3_teacher/e4/e4_timing_data.json	1205	20a53256d9d7e9a2da883fc5dd2af56119602be2566e357e1f2937667cc79b92	outputs_teacher/base3/e4/e4_timing_data.json	
reference_results/base3_teacher/e4/e4_timing_data.npz	3051	35ea92afe7e981141b8adbd50ecd84a252cb658410d88315fee174ff26e6aa12	outputs_teacher/base3/e4/e4_timing_data.npz	
reference_results/base3_teacher/e5/config_used.json	2203	1f2c7da4e81500b14600818dc72edf24ec474cbe8a38b0b4f40f3bf2b04bffe6	outputs_teacher/base3/e5/config_used.json	text cleaned
reference_results/base3_teacher/e5/e5_budget_trajectory.pdf	17183	d40294c9f9a7b1472faeea1074d8806c0c9d84f393bf3f892185ba2e454d7249	outputs_teacher/base3/e5/e5_budget_trajectory.pdf	
reference_results/base3_teacher/e5/e5_budget_trajectory.png	59595	eb18302be11fb9de1ba507726db1e23442a8bb55a60076c083b9eab5b10eab0c	outputs_teacher/base3/e5/e5_budget_trajectory.png	
reference_results/base3_teacher/e5/e5_budget_trajectory_data.json	862	be271a6f117e0140188c32ddbb797a351d6e6310f3941cecb9c5971dd3d80b16	outputs_teacher/base3/e5/e5_budget_trajectory_data.json	
reference_results/base3_teacher/e5/e5_budget_trajectory_data.npz	2444	4e60189d68f6069afb352abcc811da75e2128ee7f408dd7a6d0fa36e078266d1	outputs_teacher/base3/e5/e5_budget_trajectory_data.npz	
reference_results/base3_teacher/e5/e5_diemaps_optimized.pdf	92568	954a591b90774217ef03d8b35f091c1fb86c4ccb0c095f679a8be8983fc01256	outputs_teacher/base3/e5/e5_diemaps_optimized.pdf	
reference_results/base3_teacher/e5/e5_diemaps_optimized.png	352780	9a88f3ab20ff1a3c5abe83d8802bbed862a23d193082eef7b42181f1117188e0	outputs_teacher/base3/e5/e5_diemaps_optimized.png	
reference_results/base3_teacher/e5/e5_diemaps_optimized_data.json	31301	c405dfffe5ee68b5314b2916577b6396239266083e0509964ced5393c8fd2584	outputs_teacher/base3/e5/e5_diemaps_optimized_data.json	
reference_results/base3_teacher/e5/e5_diemaps_optimized_data.npz	155727	6846bbb939c07853a6d010d728657bb9abdc4925754caf94bfa364b3a1402fe4	outputs_teacher/base3/e5/e5_diemaps_optimized_data.npz	
reference_results/base3_teacher/e5/e5_repair.json	7103	e27be4380761fe810af960963b1edf8d5854f893dbb969d0fe2adf55dd4cabf5	outputs_teacher/base3/e5/e5_repair.json	text cleaned
reference_results/base3_teacher/e5/e5_repair.pdf	18847	6407af2adec1042b56d25fd4435494dd1d0cd83a2731c70d272d13cd943b6cc2	outputs_teacher/base3/e5/e5_repair.pdf	
reference_results/base3_teacher/e5/e5_repair.png	129157	d7f78e024a666eb200761bd9e6356b275af8c23e8fda2cc02f08b1065bb4fd32	outputs_teacher/base3/e5/e5_repair.png	
reference_results/base3_teacher/e5/e5_repair_data.json	19997	effea1970f582615fe77df2f7c27aee93c4c7610e7757381205c3fca9552f28c	outputs_teacher/base3/e5/e5_repair_data.json	
reference_results/base3_teacher/e5/e5_repair_data.npz	68715	fe5454e75c52cc1c6d2d1a4a39a243663d5ec023a9716a0a31d4661d4578f02e	outputs_teacher/base3/e5/e5_repair_data.npz	
reference_results/base3_teacher/e5/e5_sensmap_D1.pdf	19824	aecdf973d2994138d509f450905bacf23462381528f1a68a91318b3338ef1527	outputs_teacher/base3/e5/e5_sensmap_D1.pdf	
reference_results/base3_teacher/e5/e5_sensmap_D1.png	113547	02586409ebfd42129090ddeef0b37cf1fe269ad0490ff80bf27db9b19ed7aeeb	outputs_teacher/base3/e5/e5_sensmap_D1.png	
reference_results/base3_teacher/e5/e5_sensmap_D1_data.json	4649	3901c7258646e0b65bd70c6139d5ca4cf149d9e450af9aed74957155578afcf7	outputs_teacher/base3/e5/e5_sensmap_D1_data.json	
reference_results/base3_teacher/e5/e5_sensmap_D1_data.npz	975	f059e020c6dd4e355be4ac8204fa97205a46c4c9c607dfee57eb6b032012d0dd	outputs_teacher/base3/e5/e5_sensmap_D1_data.npz	
reference_results/base3_teacher/e5/e5_sensmap_D2.pdf	20053	8b02526644b1ddfd70834b596d232397b842dbc9d3c54424237cb08cd6d6666a	outputs_teacher/base3/e5/e5_sensmap_D2.pdf	
reference_results/base3_teacher/e5/e5_sensmap_D2.png	114941	9c40e50a90d851dadf471febe48e9c124338deee3cde67c948ecea87a1672aa1	outputs_teacher/base3/e5/e5_sensmap_D2.png	
reference_results/base3_teacher/e5/e5_sensmap_D2_data.json	4654	33fd7ffacf0b2911dcf62ffaec1a8f23bd5673d821006952758a46ded1ca377d	outputs_teacher/base3/e5/e5_sensmap_D2_data.json	
reference_results/base3_teacher/e5/e5_sensmap_D2_data.npz	1011	c51e9cbb3302f18acddc901d1c1a8a46f60e441beacae738eda3df25f205bbaa	outputs_teacher/base3/e5/e5_sensmap_D2_data.npz	
reference_results/base3_teacher/e5/e5_sensmap_D3.pdf	19539	f206292e7f9f70d509a6e686222a11bf2b049426ad0222b4d4704bd3454d6b43	outputs_teacher/base3/e5/e5_sensmap_D3.pdf	
reference_results/base3_teacher/e5/e5_sensmap_D3.png	112907	e43d00c3fdff012e06f66ce882af3b6ba2d9c4ccc80436c41a6e9ee5fac942f4	outputs_teacher/base3/e5/e5_sensmap_D3.png	
reference_results/base3_teacher/e5/e5_sensmap_D3_data.json	4647	83f49b5e5e9286a62f929707bd5fe1dd42dfcf012868badb9d043fb5580ac190	outputs_teacher/base3/e5/e5_sensmap_D3_data.json	
reference_results/base3_teacher/e5/e5_sensmap_D3_data.npz	1013	2dbeae78439e68ac47d9fd8d4cb0c5f15277c6425abf8c2aba037812a6d9e75c	outputs_teacher/base3/e5/e5_sensmap_D3_data.npz	
reference_results/base3_teacher/e5/e5_summary.json	33395	35d8a9d1c8bcc03e3afaca113527957434da1ad19afd8a14b148da6fb5e7e358	outputs_teacher/base3/e5/e5_summary.json	text cleaned
reference_results/base3_teacher/e8/config_used.json	2203	1f2c7da4e81500b14600818dc72edf24ec474cbe8a38b0b4f40f3bf2b04bffe6	outputs_teacher/base3/e8/config_used.json	text cleaned
reference_results/base3_teacher/e8/e8_cdf.pdf	20372	e72a71c04503ffb65a30dd7b1ddee49dcd25d09d7c0bfe0ad697f2d0c9d22f72	outputs_teacher/base3/e8/e8_cdf.pdf	
reference_results/base3_teacher/e8/e8_cdf.png	93373	37048731f15a7b822935bc0aba2a47977a2e29a404b28d472fc06ce66cedff0e	outputs_teacher/base3/e8/e8_cdf.png	
reference_results/base3_teacher/e8/e8_cdf_data.json	3629	8a5d967c07c3c48805a128839ccba412e01dc616aca7a0b35fec1d9110dccfb5	outputs_teacher/base3/e8/e8_cdf_data.json	text cleaned
reference_results/base3_teacher/e8/e8_cdf_data.npz	46960	eda844c242af0c1fe75b95b29c8c097d4945063563f81d828116af4270472c3c	outputs_teacher/base3/e8/e8_cdf_data.npz	
reference_results/base3_teacher/e8/e8_diemaps_full.pdf	122660	3bb02597a061c8f1d0ba0e5b0190b5c87ce21b445e1312b53d56269d3a2fd89d	outputs_teacher/base3/e8/e8_diemaps_full.pdf	
reference_results/base3_teacher/e8/e8_diemaps_full.png	489188	f33c09b37400fdde083cedb092dc3f5a87bcc21a9c2c90a6db092b8b09bc81b4	outputs_teacher/base3/e8/e8_diemaps_full.png	
reference_results/base3_teacher/e8/e8_diemaps_full_data.json	86186	c6d53ea69a2a3a44aa7a4af0b0039573b3e4978d30372d0788a1a60e6c8708fd	outputs_teacher/base3/e8/e8_diemaps_full_data.json	
reference_results/base3_teacher/e8/e8_diemaps_full_data.npz	461435	c878ac96d8185b17cb415a898962eb06b0c5ded2d97c5b2629179722dd874576	outputs_teacher/base3/e8/e8_diemaps_full_data.npz	
reference_results/base3_teacher/e8/e8_diemaps_others_off.pdf	65033	582f5006b0a1c8cecb52f7ee2888ba2a82bbe1c10165a652e4efb3332a7adf85	outputs_teacher/base3/e8/e8_diemaps_others_off.pdf	
reference_results/base3_teacher/e8/e8_diemaps_others_off.png	247763	44c95c518b890e693cd75b764a51e8b6703e04777c229b3da2dcbd5b107d91ed	outputs_teacher/base3/e8/e8_diemaps_others_off.png	
reference_results/base3_teacher/e8/e8_diemaps_others_off_data.json	86186	5659f221899da72f84a13dd81817bf1f2587098acd4f3938e605e4d827306117	outputs_teacher/base3/e8/e8_diemaps_others_off_data.json	
reference_results/base3_teacher/e8/e8_diemaps_others_off_data.npz	408973	fad7873986be92ecb542bdbedb080bdbf40474b183dd3839eaf78863440f04ef	outputs_teacher/base3/e8/e8_diemaps_others_off_data.npz	
reference_results/base3_teacher/e8/e8_diemaps_uniform.pdf	122606	0b04f7940691f008d867985451f1a1a3ea2c66cfcd4512d3b1599a513f5cff21	outputs_teacher/base3/e8/e8_diemaps_uniform.pdf	
reference_results/base3_teacher/e8/e8_diemaps_uniform.png	487932	d951da1b5226574b9d9bd614bb445c3797b6f0687fca5e1497a0f45ab8aa2df5	outputs_teacher/base3/e8/e8_diemaps_uniform.png	
reference_results/base3_teacher/e8/e8_diemaps_uniform_data.json	86186	5eab911d9fdc851df1516c721d8bb0bb7835140d180a5e2faa88423f0e4da52f	outputs_teacher/base3/e8/e8_diemaps_uniform_data.json	
reference_results/base3_teacher/e8/e8_diemaps_uniform_data.npz	461375	47b76b9a9239dbbc622d5ce5fba79a523e064d8ba95ea1bae7e1c4841111fcb4	outputs_teacher/base3/e8/e8_diemaps_uniform_data.npz	
reference_results/base3_teacher/e8/e8_parity.pdf	19290	1708b3a47f2659c8c30b3757f855fa80f2554f8448d9ab8904e07cdb3b37f3b4	outputs_teacher/base3/e8/e8_parity.pdf	
reference_results/base3_teacher/e8/e8_parity.png	96239	bcbde45ecfa6ce9cb0d870fea00ae5bbb7df95a0c68c871eab69585dca6b95d2	outputs_teacher/base3/e8/e8_parity.png	
reference_results/base3_teacher/e8/e8_parity_data.json	1180	5022eb2de62f88575663772423cb4ccd46d54fa10fa193aae05e14e97a44c295	outputs_teacher/base3/e8/e8_parity_data.json	
reference_results/base3_teacher/e8/e8_parity_data.npz	2522	6a3ae65e04c39adbf480cb2a7adb6e7354aa852fb4fc0a3f8e3b688e965deb47	outputs_teacher/base3/e8/e8_parity_data.npz	
reference_results/base3_teacher/e8/e8_summary.json	4788	1f05f53a79a2b67683b2ef0c3d573bc4e2d6e99f6bbbaba073edc2e4e00e6403	outputs_teacher/base3/e8/e8_summary.json	text cleaned
reference_results/comsol/comsol_rails_compare.json	628	ff03f7dcea405fb69b24fc92b16732ea71d364fb2408c0e922b8455e9bd942cc	StackEM_clean/comsol/comsol_rails_compare_base3.json	
reference_results/comsol/comsol_rails_result.csv	8628	ce6090378e7dedb60c60d05fe4ca60dd5bed0acb9db71cf64c439b1ede9ae160	server/c_drive/stackem_comsol/comsol_rails/comsol_rails_result.csv	
reference_results/comsol/comsol_timing.csv	126	f1b481442880204688293163110afd72e2cd937f3aa1f72f70a9c97d54fc4043	StackEM_clean/comsol/comsol_timing.csv	
reference_results/comsol/constants.json	396	1c9a55674d11f02fa5de39d6a9ac359b02e71fc451788c404c760727415ce678	outputs/base3/comsol_rails/constants.json	
reference_results/comsol/rails.csv	982082	b0383e257a235e63fe82d836b22b560d637d6fc4cc4b533e78b83cbe9aef673f	outputs/base3/comsol_rails/rails.csv	
reference_results/comsol/rails_tnuc.csv	8861	51675a82ef5e2426b44b09b9e3a3a4bea8375d3b75a68c245ca03eb7bb6ef553	outputs/base3/comsol_rails/rails_tnuc.csv	
reference_results/dense3/e2/config_used.json	2384	b48ad93b5c73d7657bbcd1e114047f2cd320b98158bcb753a00c7df422fbc094	outputs/dense3/e2/config_used.json	text cleaned
reference_results/dense3/e2/e2_alone_pred.json	167719	1b9336648407cffec8c99f1c09435a6fac28632dc53d0fd978cdf7247f7613db	outputs/dense3/e2/e2_alone_pred.json	
reference_results/dense3/e2/e2_alone_truth.json	167576	4ae9398485d339f3ad53d100dad2009c0e300b46d1570c91bab1de7b2f982c52	outputs/dense3/e2/e2_alone_truth.json	
reference_results/dense3/e2/e2_full_pred.json	169289	2917ea4761d119aee244a63789f7a1f68a560fef1ba7610c0f7944dca1120a3f	outputs/dense3/e2/e2_full_pred.json	
reference_results/dense3/e2/e2_full_truth.json	169131	51c0a0f5ff4985a3020afe8a3f2a9d7e7eda7efce5775169474cbc7f3a738497	outputs/dense3/e2/e2_full_truth.json	
reference_results/dense3/e2/e2_parity_alone.pdf	21070	4fc0c1b51d0fd4e41b65c1112c680aaf40e9dec103b1620b30d4fda5b57b06bd	outputs/dense3/e2/e2_parity_alone.pdf	
reference_results/dense3/e2/e2_parity_alone.png	91953	dfcc64def2768322edb0e725f68028b515cba86670b97a8d0199ca0ff2931ca2	outputs/dense3/e2/e2_parity_alone.png	
reference_results/dense3/e2/e2_parity_alone_data.json	1601	427c74762f27cd8a7c3c27973b2bea941637d6f51aa9dda4351384ccfda921ea	outputs/dense3/e2/e2_parity_alone_data.json	
reference_results/dense3/e2/e2_parity_alone_data.npz	3964	af2a040c434b1a3227039d5d661caf3ed84bec785de566976ad545df268f68e8	outputs/dense3/e2/e2_parity_alone_data.npz	
reference_results/dense3/e2/e2_parity_full.pdf	24070	1c49204061c7317ea6267630f189f908fa496412f106a2bab52c03aeb30d5dea	outputs/dense3/e2/e2_parity_full.pdf	
reference_results/dense3/e2/e2_parity_full.png	104755	70c77a8088fa028473bea6bb42ab06d08b1fdcd89d200648c49f66a59de58f78	outputs/dense3/e2/e2_parity_full.png	
reference_results/dense3/e2/e2_parity_full_data.json	2010	a6bfe50edea8f040c2e2b4462bc4fff8e9117838e4bb5eb5c844a0ffb233c5f9	outputs/dense3/e2/e2_parity_full_data.json	
reference_results/dense3/e2/e2_parity_full_data.npz	9278	cd9fbbf984e0b048faf317524e52180f0bed1a769828dfa49b5f3f0affc40617	outputs/dense3/e2/e2_parity_full_data.npz	
reference_results/dense3/e2/e2_parity_uniform.pdf	23241	c6b65a66273fe42ab107705917e984cd872023ad95c65a58075e6ce3ca2f9f44	outputs/dense3/e2/e2_parity_uniform.pdf	
reference_results/dense3/e2/e2_parity_uniform.png	105211	36fc5020a31badf903cb6119ce2e96d7f1005caabf0edee267f690fc1cd0dd65	outputs/dense3/e2/e2_parity_uniform.png	
reference_results/dense3/e2/e2_parity_uniform_data.json	2013	1662e153e593b9013b065cbacc3a79d52a8921a7f9321402dd63b9f58b1ff409	outputs/dense3/e2/e2_parity_uniform_data.json	
reference_results/dense3/e2/e2_parity_uniform_data.npz	8913	f1309d3ae82dc58fac0e11e8869fd43d9cf58c1c64b7d4e90c7cf109c853dfbc	outputs/dense3/e2/e2_parity_uniform_data.npz	
reference_results/dense3/e2/e2_summary.json	14264	f34c18b42e0e191aef161a9ef3eb260296166efcfb0e525563f7d4f260321e3a	outputs/dense3/e2/e2_summary.json	text cleaned
reference_results/dense3/e2/e2_uniform_pred.json	168916	d63af52d03e5a2d7eb58e0533fe886120a2e63861974ceb925860c92c08faee2	outputs/dense3/e2/e2_uniform_pred.json	
reference_results/dense3/e2/e2_uniform_truth.json	168591	433a4e8d1c4c4ccc59dd3b36890953ddca35f698808aafe7261e092adc9faee2	outputs/dense3/e2/e2_uniform_truth.json	
reference_results/dense3/e3/config_used.json	2384	b48ad93b5c73d7657bbcd1e114047f2cd320b98158bcb753a00c7df422fbc094	outputs/dense3/e3/config_used.json	text cleaned
reference_results/dense3/e3/e3_alone_truth.json	167576	688a037269c0002bd08c5d80d0ca890c24caa0a81d7e47ae7d8baace66825ce5	outputs/dense3/e3/e3_alone_truth.json	
reference_results/dense3/e3/e3_cdf.pdf	32765	39fa751cbe9d9c3a00f4337329a1e116cd93108aef6fae26c53e6ebd04486a02	outputs/dense3/e3/e3_cdf.pdf	
reference_results/dense3/e3/e3_cdf.png	164486	037925e5aac298f615057055521f456e9268c83d2ae8dc5737242943f818d093	outputs/dense3/e3/e3_cdf.png	
reference_results/dense3/e3/e3_cdf_data.json	6642	285c7b37e3cf487eacb8ff0efb5eb213540f30a492c3c0b282f43db7494fad8d	outputs/dense3/e3/e3_cdf_data.json	text cleaned
reference_results/dense3/e3/e3_cdf_data.npz	99593	e6dc531319d4f9ccf0ed18e90f9ff6ba5886fe516742972e75957c51a3777938	outputs/dense3/e3/e3_cdf_data.npz	
reference_results/dense3/e3/e3_cdf_paper.pdf	31659	825283af02fbd5fe2ece8824d52449c252c33e0637af429d0daeebc3e1b0673b	outputs/dense3/e3/e3_cdf_paper.pdf	
reference_results/dense3/e3/e3_cdf_paper.png	152977	92f704054c3c288eb965a1b6cdaf6a135df733cb95492a6dc63437ab67f5b1ed	outputs/dense3/e3/e3_cdf_paper.png	
reference_results/dense3/e3/e3_cdf_paper_data.json	4881	cadc37894a5d3e20247231f782f2cd3a85415ae38ac161bb83ca5a628040a671	outputs/dense3/e3/e3_cdf_paper_data.json	text cleaned
reference_results/dense3/e3/e3_cdf_paper_data.npz	62692	e342c965b1b01c81af667aeb42d1352fa5fd09519e9bd14c5eb895d2209c5cb9	outputs/dense3/e3/e3_cdf_paper_data.npz	
reference_results/dense3/e3/e3_diemaps_alone.pdf	42769	ef6b9fd8710bd72b526e007b34be4e919aa22f31d5f469471b9718ec4a754c87	outputs/dense3/e3/e3_diemaps_alone.pdf	
reference_results/dense3/e3/e3_diemaps_alone.png	196301	bb39386a48e90f43b38169be6adf41f39536a339eb522a9b00ac74565799e6b9	outputs/dense3/e3/e3_diemaps_alone.png	
reference_results/dense3/e3/e3_diemaps_alone_data.json	56168	f37bf5788e452598d60c9ca5608afc6ae68bd03b33faa561ac1cd3e04ae7a15f	outputs/dense3/e3/e3_diemaps_alone_data.json	
reference_results/dense3/e3/e3_diemaps_alone_data.npz	219733	aee6484164c12eb37cf0086451555ff857c1b37ddbd2e2e76fd55cc4cb0ad779	outputs/dense3/e3/e3_diemaps_alone_data.npz	
reference_results/dense3/e3/e3_diemaps_full.pdf	91602	298b54aea1dd487a3aea2498b1fbedd01e7f2b83cca4984af0498874ea0c9fcb	outputs/dense3/e3/e3_diemaps_full.pdf	
reference_results/dense3/e3/e3_diemaps_full.png	439501	3709b0705b4b62b55e5bbaefab766e2f6c67fec65a10d28a7b9cde6cea54f71f	outputs/dense3/e3/e3_diemaps_full.png	
reference_results/dense3/e3/e3_diemaps_full_data.json	57306	64cba26d0bf834df103b8d3b5077f4c916716057a7b5328008ddcb3f189b9744	outputs/dense3/e3/e3_diemaps_full_data.json	
reference_results/dense3/e3/e3_diemaps_full_data.npz	249651	51d7e83b4bab4a95da9eb5b5678fd458cebebc52e0b500f3bde2462854b5dfe0	outputs/dense3/e3/e3_diemaps_full_data.npz	
reference_results/dense3/e3/e3_effect_ratios.pdf	24761	3ef69902ab193c50ec943722612d83672b964e564cd7745fa50b70d9f57cd7a1	outputs/dense3/e3/e3_effect_ratios.pdf	
reference_results/dense3/e3/e3_effect_ratios.png	84255	56fa60c32ab05eadaf42fb6c7c9612424f40e4861ddbe248ff0154b2d0eeb9c3	outputs/dense3/e3/e3_effect_ratios.png	
reference_results/dense3/e3/e3_effect_ratios_data.json	3364	3df11ce23a9cc1c429e41297671f25e079b89322b9f979112ce9538a402338da	outputs/dense3/e3/e3_effect_ratios_data.json	
reference_results/dense3/e3/e3_effect_ratios_data.npz	4172	19dc339a9e092af8f3ef97f84e77c8f45ed5d302bc93796b3e3e30cd877963d5	outputs/dense3/e3/e3_effect_ratios_data.npz	
reference_results/dense3/e3/e3_full_stackem.json	169290	c15d667dc2cdcf496f7ad3db77213b46a309845473d060f1965e534085ff7f98	outputs/dense3/e3/e3_full_stackem.json	
reference_results/dense3/e3/e3_full_truth.json	169131	758a92eef1e86c8301c284bd332a27541feb0f86b88010d11e8fa03fdeffc9f0	outputs/dense3/e3/e3_full_truth.json	
reference_results/dense3/e3/e3_hotspot_alignment.pdf	77211	07c0041893a7880cc27b6686eb37a269f3edfa54780d6d779c846ebf8f100e97	outputs/dense3/e3/e3_hotspot_alignment.pdf	
reference_results/dense3/e3/e3_hotspot_alignment.png	488628	18bf8184ba096c18ba00fee43020c35833703ddc34bba2b7c6101e4f613304f8	outputs/dense3/e3/e3_hotspot_alignment.png	
reference_results/dense3/e3/e3_hotspot_alignment_data.json	68307	1d8f81f5e3e93ff75bd5fc2a861614306f513b584902bc6ce6fba6571943274b	outputs/dense3/e3/e3_hotspot_alignment_data.json	
reference_results/dense3/e3/e3_hotspot_alignment_data.npz	275224	1ec96af0b6d409fec71a9f2754b1c72ec2e16db3bdb844bcdfc8896bc38f5aea	outputs/dense3/e3/e3_hotspot_alignment_data.npz	
reference_results/dense3/e3/e3_margin_alone.pdf	28932	864d9426f58c18a1a1a6548d25981c0ff88a9b91c3bc868663eb189aba48ce2d	outputs/dense3/e3/e3_margin_alone.pdf	
reference_results/dense3/e3/e3_margin_alone.png	377399	a5511cfe9a69c1caed81e25155cc6ab6beb6e6d4ad00291b591b1fd4b54c559c	outputs/dense3/e3/e3_margin_alone.png	
reference_results/dense3/e3/e3_margin_alone_data.json	55041	f610ae9d2b71aab73c8327fe686c84017ae321b5bfd81b0620babcc6913c4eb0	outputs/dense3/e3/e3_margin_alone_data.json	
reference_results/dense3/e3/e3_margin_alone_data.npz	197944	5fa684c60e16e88032d875bc106ffe24f4d40fc1cfdc3e1ecb44b18611470e4d	outputs/dense3/e3/e3_margin_alone_data.npz	
reference_results/dense3/e3/e3_margin_full.pdf	27340	d3c7d8a386c72dabb357dcae7777312d31d485da032e6d32ebe3a3cd076cc998	outputs/dense3/e3/e3_margin_full.pdf	
reference_results/dense3/e3/e3_margin_full.png	449117	6c6423010c4e6f0a24f73e28ea869dee603fa4a0033babae3cdf5595f25294ec	outputs/dense3/e3/e3_margin_full.png	
reference_results/dense3/e3/e3_margin_full_data.json	55041	48f972a232446130e055129b51a2eec7fa56d249e671e87cf896765ac26eba39	outputs/dense3/e3/e3_margin_full_data.json	
reference_results/dense3/e3/e3_margin_full_data.npz	197944	5fa684c60e16e88032d875bc106ffe24f4d40fc1cfdc3e1ecb44b18611470e4d	outputs/dense3/e3/e3_margin_full_data.npz	
reference_results/dense3/e3/e3_margin_uniform_signoff.pdf	27089	437c7c09201273ac42c5bc25ae0e2da4538be38d7ca08521203c57389f30a941	outputs/dense3/e3/e3_margin_uniform_signoff.pdf	
reference_results/dense3/e3/e3_margin_uniform_signoff.png	245747	2340ad02949b4ae55f95528595663e9b64b5ad6720c05912fa33bea0857284a5	outputs/dense3/e3/e3_margin_uniform_signoff.png	
reference_results/dense3/e3/e3_margin_uniform_signoff_data.json	55044	66ed98e03399868faa36b5c5a513862998fb8007d6cf59be0eba93c743e3dc9b	outputs/dense3/e3/e3_margin_uniform_signoff_data.json	
reference_results/dense3/e3/e3_margin_uniform_signoff_data.npz	197944	5fa684c60e16e88032d875bc106ffe24f4d40fc1cfdc3e1ecb44b18611470e4d	outputs/dense3/e3/e3_margin_uniform_signoff_data.npz	
reference_results/dense3/e3/e3_no_joule_truth.json	163869	52753461d18339084963ca7ea73dad9e21d630000a5df128d6eab267ca202da3	outputs/dense3/e3/e3_no_joule_truth.json	
reference_results/dense3/e3/e3_no_tm_truth.json	169178	d69dbbe8afa553d3645a036955f955833e962c481cdaf2788054b92e11d68b24	outputs/dense3/e3/e3_no_tm_truth.json	
reference_results/dense3/e3/e3_sigmaT_const_truth.json	169767	6c3800a754ad918a48e68b152e9bf41792ff2ad530d062bba639032c66d9618a	outputs/dense3/e3/e3_sigmaT_const_truth.json	
reference_results/dense3/e3/e3_stack3d_full.pdf	351473	ba9f1adcb2ee52db4f6254f1b3f29cad06ddf10299ff83c12afb11315b9e37af	outputs/dense3/e3/e3_stack3d_full.pdf	
reference_results/dense3/e3/e3_stack3d_full.png	1066692	beb8a6769e5a884163e9c1c35640da1f0f8a5a62d6d1156b7d02ae87e52692b8	outputs/dense3/e3/e3_stack3d_full.png	
reference_results/dense3/e3/e3_stack3d_full_data.json	4873	951fc7996e14e7dac06855827bc25c5e7fede002e84adbf893447a01c70d2387	outputs/dense3/e3/e3_stack3d_full_data.json	
reference_results/dense3/e3/e3_stack3d_full_data.npz	41101	d8304935d0ff3decbfa78f7a237da1b6d363f35722fb12edb2124735ff78e11a	outputs/dense3/e3/e3_stack3d_full_data.npz	
reference_results/dense3/e3/e3_stress_surface.pdf	56670	005745cd0f0421838bdccb333aa48cbf106357a4374ad8010a7375f4990cc0fa	outputs/dense3/e3/e3_stress_surface.pdf	
reference_results/dense3/e3/e3_stress_surface.png	224701	5c9a4c30b56dd5125f9de095abbb149cd4879e3d349129ed2823671fabd05e46	outputs/dense3/e3/e3_stress_surface.png	
reference_results/dense3/e3/e3_stress_surface_data.json	10999	4ab9d949ec09523839c4fd86c9c01f93ad37c99826827afa44873ecaa41c2613	outputs/dense3/e3/e3_stress_surface_data.json	
reference_results/dense3/e3/e3_stress_surface_data.npz	1227331	76baa0038e808e83e48e7262ed2345c0ecb18eb1c20b86a1d3c7011521177d7d	outputs/dense3/e3/e3_stress_surface_data.npz	
reference_results/dense3/e3/e3_summary.json	30567	c6cd594f9e33a728116731e088d121996df51048157efbb92b195feca65fa574	outputs/dense3/e3/e3_summary.json	text cleaned
reference_results/dense3/e3/e3_thermal_slice.pdf	30730	110cdcd77711c9ae0c216c68f180c4e36536c4b47adf2659b3ba0e461f4c5359	outputs/dense3/e3/e3_thermal_slice.pdf	
reference_results/dense3/e3/e3_thermal_slice.png	161852	bceb9962c865b34da955e67e54039e9fd198c66d95c96c0d4ffe6adff1b55910	outputs/dense3/e3/e3_thermal_slice.png	
reference_results/dense3/e3/e3_thermal_slice_data.json	2718	cee29daa9fb59d8113a8fc11f4d70bbf8964e5fdcd5476a221265eac33ca0df7	outputs/dense3/e3/e3_thermal_slice_data.json	
reference_results/dense3/e3/e3_thermal_slice_data.npz	12631	6d93604d5fde62ebba0e33468e87a4536f555d8471c55e5699c6e9835bca5f9d	outputs/dense3/e3/e3_thermal_slice_data.npz	
reference_results/dense3/e3/e3_uniform_signoff_truth.json	166115	f5f124841b04bbae9cb5b7e97f27d3ff0d28a96bdce9ceac35aa6edfeacb9986	outputs/dense3/e3/e3_uniform_signoff_truth.json	
reference_results/dense3/e3/e3_uniform_truth.json	168591	489ec169c3662432dbb73a8646b8945869ecd60226558c98b591dd487be6c8f8	outputs/dense3/e3/e3_uniform_truth.json	
reference_results/dense3/e3/hot_00/e3_full_truth.json	168100	7cc815263762bf82877ee6a7662a42b711a290ebff3b8108a9287d0ccf17bce5	outputs/dense3/e3/hot_00/e3_full_truth.json	
reference_results/dense3/e3/hot_03/e3_full_truth.json	169047	eeacd9a9260273ea7f1df273e43dce6db74ba6cf5f64883601a1793dc63763fd	outputs/dense3/e3/hot_03/e3_full_truth.json	
reference_results/dense3/e3/hot_11/e3_full_truth.json	169131	019ba642fd4ae2db21bcadfab9d759a4c33b5e1db3c2ec1d873150fea8f26fbf	outputs/dense3/e3/hot_11/e3_full_truth.json	
reference_results/dense3/e3/hot_22/e3_full_truth.json	168962	567207901f977ec3d7f324896c30d45b4a47f4ce7541db2eb2792a312fccc5e7	outputs/dense3/e3/hot_22/e3_full_truth.json	
reference_results/dense3/e3/hot_33/e3_full_truth.json	170136	0890e009dd552cab7b7554039d238321ea58f3342199f6a43a57fd653bf3226a	outputs/dense3/e3/hot_33/e3_full_truth.json	
reference_results/dense3/e7/config_used.json	2384	b48ad93b5c73d7657bbcd1e114047f2cd320b98158bcb753a00c7df422fbc094	outputs/dense3/e7/config_used.json	text cleaned
reference_results/dense3/e7/e7_confusion.pdf	21822	6db7f85c1e031e801a4cb982a1c0933b335101e19af2681d593da8a51991b286	outputs/dense3/e7/e7_confusion.pdf	
reference_results/dense3/e7/e7_confusion.png	68885	e3b31d4ad0c0eb765bcada1d06c78553047e0ac5d203f186b56692c90fc23dbd	outputs/dense3/e7/e7_confusion.png	
reference_results/dense3/e7/e7_confusion_data.json	3513	37470c0d6996770480870814a4c11136e3b96cc0e3f117dca15d70326b187fcb	outputs/dense3/e7/e7_confusion_data.json	
reference_results/dense3/e7/e7_confusion_data.npz	12989	7e869dfd4faf2601cdb58c90b82c31561e3536b84829f0a0681e2b95b97ca4af	outputs/dense3/e7/e7_confusion_data.npz	
reference_results/dense3/e7/e7_ranking.json	5478	2e6597d975fd409562ce6b918b1a131fc83bc0e179c9ee4640a19b3b0124fe2b	outputs/dense3/e7/e7_ranking.json	text cleaned
reference_results/dense3/e7/e7_ranking.pdf	24834	8726cd8ac80ba068b44cde281253d1d23e88932233fb4413d0835ebfe08caf4a	outputs/dense3/e7/e7_ranking.pdf	
reference_results/dense3/e7/e7_ranking.png	132493	31bf541a695ab3adcfc10732039104098a940f0653fdbd825eae0a2d717d0586	outputs/dense3/e7/e7_ranking.png	
reference_results/dense3/e7/e7_ranking_data.json	4078	bceabe114efdee9651b8a14060094b124c10828ae2b574bd138836473671bb98	outputs/dense3/e7/e7_ranking_data.json	
reference_results/dense3/e7/e7_ranking_data.npz	4308	2b6adfe7a1195244f9d2f566a7ae8521dee76035778b312e37bc90fc67c7872e	outputs/dense3/e7/e7_ranking_data.npz	
reference_results/dense3/signoff/signoff_sizing.json	5645	bf872951d4b1d34775552953b3e27d8b1bd16f39a056928390ae304af72dc7ee	outputs/dense3/signoff/signoff_sizing.json	
reference_results/dense3/signoff/signoff_sizing.pdf	29964	f42bb7333ee9c458446b152eede6ae638513a350a3c79943aea6132f27c8a2e2	outputs/dense3/signoff/signoff_sizing.pdf	
reference_results/dense3/signoff/signoff_sizing.png	180540	45ead47147de6070f35269f2eaed8ee3a333c1d295bc7c1132cbfae2179f1995	outputs/dense3/signoff/signoff_sizing.png	
reference_results/dense3/signoff/signoff_sizing_data.json	2959	1f74dbf54df6e0f3e97d372be3f74cc222f0bdf2909db6cec54e81e1b53df9ac	outputs/dense3/signoff/signoff_sizing_data.json	
reference_results/dense3/signoff/signoff_sizing_data.npz	7369	cedb1d9082c743d994c156f0e8ace0522e57870c6157ae55bdde0b5e4009ecef	outputs/dense3/signoff/signoff_sizing_data.npz	
reference_results/dense3/tables/table_params.json	2814	3425b01873ed53e4073b034c06991a6a82a8af1a476523d9df4d443c9455b7a2	outputs/dense3/tables/table_params.json	
reference_results/dense3/tables/table_params.md	2310	caeb764897a220053f55bbdebb55ba807f92569c3380880095ff4d3f9948545d	outputs/dense3/tables/table_params.md	
reference_results/dense3/tables/table_params.tex	2663	a6b3413e8d61ad51efa51e47e6d9529f8506c22c350fbcafee85d7faadc27de9	outputs/dense3/tables/table_params.tex	
reference_results/ibmpg/ibmpg1/ibmpg_parity.pdf	79875	c4091aed18b08b32371ea9a3b5c248923418dae71208447bf66c87ebef272c06	outputs/base3/ibmpg_top2000/ibmpg1/ibmpg_parity.pdf	
reference_results/ibmpg/ibmpg1/ibmpg_parity.png	126081	a8e08d9cb5bf7f5ba372d32cdc3639f9b49eb69ff893ab35816147c621a054f2	outputs/base3/ibmpg_top2000/ibmpg1/ibmpg_parity.png	
reference_results/ibmpg/ibmpg1/ibmpg_parity_data.json	1601	8cf771c6311bdd1e108109ffbb1b4ab5fbdda1c442b4b780821e0f94e03c7cca	outputs/base3/ibmpg_top2000/ibmpg1/ibmpg_parity_data.json	
reference_results/ibmpg/ibmpg1/ibmpg_parity_data.npz	92323	a6eb563e1bdffb5568011359df98afccd10b6ddcc7d0ff58ae2db2979c952484	outputs/base3/ibmpg_top2000/ibmpg1/ibmpg_parity_data.npz	
reference_results/ibmpg/ibmpg1/ibmpg_rails.npz	173646	4242ccac4c7522775518efb858318f6124fbca3b03163f162b9ce94ce98c5658	outputs/base3/ibmpg_top2000/ibmpg1/ibmpg_rails.npz	
reference_results/ibmpg/ibmpg1/ibmpg_summary.json	769	07e9916f2a2a618bb54b47800643f183ea4e86905179e63d6f5f88fa45067383	outputs/base3/ibmpg_top2000/ibmpg1/ibmpg_summary.json	text cleaned
reference_results/ibmpg/ibmpg2/ibmpg_parity.pdf	57249	02206247fdaeb3144283bd42a7da75f92a72bbe9073099005a92ad95b1587a78	outputs/base3/ibmpg/ibmpg2/ibmpg_parity.pdf	
reference_results/ibmpg/ibmpg2/ibmpg_parity.png	127790	acdcaf68297afa3841c235e4510911134eaf903d7b969b7680f9a893cce0f121	outputs/base3/ibmpg/ibmpg2/ibmpg_parity.png	
reference_results/ibmpg/ibmpg2/ibmpg_parity_data.json	1601	62843a1a84fcc822634399b7715015f127b54a27619180b13eb1454089112af6	outputs/base3/ibmpg/ibmpg2/ibmpg_parity_data.json	
reference_results/ibmpg/ibmpg2/ibmpg_parity_data.npz	57334	06937b42ebd4a5ea0667af26e39ff8447dbd3fde15760a9527983432464af61e	outputs/base3/ibmpg/ibmpg2/ibmpg_parity_data.npz	
reference_results/ibmpg/ibmpg2/ibmpg_rails.npz	106150	351a386eb6d3ce60c51fec062d54ea3d1ff9632f9529f51dd4c753a60f47af18	outputs/base3/ibmpg/ibmpg2/ibmpg_rails.npz	
reference_results/ibmpg/ibmpg2/ibmpg_summary.json	824	c6c0b36ca16a025fe9c8315dacf57e4bd66b271404eb1371b4c244e2961468fe	outputs/base3/ibmpg/ibmpg2/ibmpg_summary.json	text cleaned
reference_results/ibmpg/ibmpg3/ibmpg_parity.pdf	312227	1b6640a63642ae273d32fc9f4c4bb8c5ebb244e13a29d5d97ddc99c7b67f3253	outputs/base3/ibmpg/ibmpg3/ibmpg_parity.pdf	
reference_results/ibmpg/ibmpg3/ibmpg_parity.png	117662	8a9a9b17dcbf4c0b124f77751ada5b14c945bb33227c5a711b0e5a3a63c9485a	outputs/base3/ibmpg/ibmpg3/ibmpg_parity.png	
reference_results/ibmpg/ibmpg3/ibmpg_parity_data.json	1602	7b201d4c907ca97119e72ffc4fad7c334531a093a53548fcde86255a1004bc77	outputs/base3/ibmpg/ibmpg3/ibmpg_parity_data.json	
reference_results/ibmpg/ibmpg3/ibmpg_parity_data.npz	452698	763dde19313c1a8e07173e1438909a15b94b6c49e479150ea88af02817a5d223	outputs/base3/ibmpg/ibmpg3/ibmpg_parity_data.npz	
reference_results/ibmpg/ibmpg3/ibmpg_rails.npz	942502	c2c497952fafd4ba3d95f55bce70dbd350e0d71805c12cd3625c7e8578680901	outputs/base3/ibmpg/ibmpg3/ibmpg_rails.npz	
reference_results/ibmpg/ibmpg3/ibmpg_summary.json	844	9e5c5024bb878787f080df453e39cb9b84efe164abb70017e00976b786308565	outputs/base3/ibmpg/ibmpg3/ibmpg_summary.json	text cleaned
reference_results/ibmpg/ibmpg4/ibmpg_parity.pdf	47877	bad212ec60770c30f7b4d820a40bdffaaffe65bc59f0a587f87d37f2ef58ef86	outputs/base3/ibmpg/ibmpg4/ibmpg_parity.pdf	
reference_results/ibmpg/ibmpg4/ibmpg_parity.png	134601	3b3218d8edf665a22f2277133c8d3013af4481820d356b481373690031f51dd4	outputs/base3/ibmpg/ibmpg4/ibmpg_parity.png	
reference_results/ibmpg/ibmpg4/ibmpg_parity_data.json	1601	cce8be9a2798cbb00cac126ef637756b9c66344fc6e8fc57d64e53a55d3cb9a8	outputs/base3/ibmpg/ibmpg4/ibmpg_parity_data.json	
reference_results/ibmpg/ibmpg4/ibmpg_parity_data.npz	43206	4d44b821cccebba8a4d4552d21d50b56b13e40d777b5a1826ff518be5423c87b	outputs/base3/ibmpg/ibmpg4/ibmpg_parity_data.npz	
reference_results/ibmpg/ibmpg4/ibmpg_rails.npz	451814	856f750b673793a40945b504ad3c63cf4e247ab892c2e8e5342b488ad42d78b9	outputs/base3/ibmpg/ibmpg4/ibmpg_rails.npz	
reference_results/ibmpg/ibmpg4/ibmpg_summary.json	842	92fa8910084aad4772751272a35bd594bbf4ad3466fb74df968292950daa79bc	outputs/base3/ibmpg/ibmpg4/ibmpg_summary.json	text cleaned
reference_results/ibmpg/ibmpg5/ibmpg_parity.pdf	132855	8522eb071989e79dc9ea4e2721cfe4ba6daf6619b6fca850997dffccc0d0fe7a	outputs/base3/ibmpg/ibmpg5/ibmpg_parity.pdf	
reference_results/ibmpg/ibmpg5/ibmpg_parity.png	130927	22db1af885ffab4339340b07b2d4886dfb3651d0fb14eecc3ec5c66e272eacf8	outputs/base3/ibmpg/ibmpg5/ibmpg_parity.png	
reference_results/ibmpg/ibmpg5/ibmpg_parity_data.json	1602	0f295da7af89f3c5790f05fd312c69ebc0dfda9f2afe97655cf63f4ab5026f41	outputs/base3/ibmpg/ibmpg5/ibmpg_parity_data.json	
reference_results/ibmpg/ibmpg5/ibmpg_parity_data.npz	174277	fc68da465c795508870cfb81d807f747937ef148f69b3705f3b3c2e468584a08	outputs/base3/ibmpg/ibmpg5/ibmpg_parity_data.npz	
reference_results/ibmpg/ibmpg5/ibmpg_rails.npz	365574	3a4f2fe7f598952d066fc03ca1b7bdcc65dea55d727d621178e0ed3611d93d5b	outputs/base3/ibmpg/ibmpg5/ibmpg_rails.npz	
reference_results/ibmpg/ibmpg5/ibmpg_summary.json	840	ddaf6c8cfebcca2f3aff3551550eda85aaa0ec16b6696077a274db472ce27334	outputs/base3/ibmpg/ibmpg5/ibmpg_summary.json	text cleaned
reference_results/ibmpg/ibmpg6/ibmpg_parity.pdf	519472	89aae992b08404e934a6a1191c4a492d6546ce8ed1eae0a657b28bcbd9c85078	outputs/base3/ibmpg/ibmpg6/ibmpg_parity.pdf	
reference_results/ibmpg/ibmpg6/ibmpg_parity.png	130013	ad4a28e2e2d5172ad2658cba8924b069cd609b99176e34d08946e0a7f3687f69	outputs/base3/ibmpg/ibmpg6/ibmpg_parity.png	
reference_results/ibmpg/ibmpg6/ibmpg_parity_data.json	1603	695ea7435324b092765b125d503d8bf21ad8d8ea0a2947c8acdc337a7b30ec54	outputs/base3/ibmpg/ibmpg6/ibmpg_parity_data.json	
reference_results/ibmpg/ibmpg6/ibmpg_parity_data.npz	775124	63a080c8af21606531c9c835bc62308340097f521e5f7d1d45436b276c2a03c8	outputs/base3/ibmpg/ibmpg6/ibmpg_parity_data.npz	
reference_results/ibmpg/ibmpg6/ibmpg_rails.npz	1584726	4e6ee062f577fc1481c4dc6d0f69398dec36a577b899adc6451e3c19f596310c	outputs/base3/ibmpg/ibmpg6/ibmpg_rails.npz	
reference_results/ibmpg/ibmpg6/ibmpg_summary.json	864	3abf6ce512bbf20ad48cd3f399d47505ce890a02d657a769ea407f43a7d00b1c	outputs/base3/ibmpg/ibmpg6/ibmpg_summary.json	text cleaned
reference_results/logs/e5_redraw.log	9520	09dcddf6b60e33be3fd9d2ff0e5b2c54fff9828719ad74919172dfd2b0853147	e5_redraw.log	text cleaned
reference_results/logs/final_1_full.log	43730	2de6f08a191757720e4476dc7aa514e7ca22d0aa94e268dd75b0c4421f68b991	final_1_full.log	text cleaned
reference_results/logs/final_2_extras.log	13155	ce5a0769bf5916edae00233582e3d96e9e9adfb2fd4ace12a352b45ac3c70dec	final_2_extras.log	text cleaned
reference_results/logs/final_3_full.log	44192	500c85650d73fd57d5e3b04363a89b83378381c68c6e5f29d7b2167aacd4af69	final_3_full.log	text cleaned
reference_results/logs/final_4_extras.log	21999	3524a6ba45882671309f4b10d27b5e75c1a8a46d00cd117ac5819caaf1b0e83f	final_4_extras.log	text cleaned
reference_results/logs/final_chain.log	919	6f7fafa125d48b4075ffb7884a92d14644a1f2b16bb0c85e95d193a2bf93872c	final_chain.log	text cleaned
reference_results/logs/ibmpg_full.log	40563	c4a36c5bf8d9a1036513727336d5dcb99eff671c9ab38cb2107395873439ca37	ibmpg_full.log	text cleaned
reference_results/logs/kernels_and_teacher_training.log	33173	7c72d20955291bfd7e104d400dda037aa654e8c5b60eee23cff8cc4115836fa6	full.log	excerpt lines 14-37, lines 82-389; text cleaned
reference_results/logs/pde_ablation_training.log	31999	cb6eb593b10eee6d08674c242e0a6a0795372eeda6057903d09849fef3c5e8f1	extras.log	excerpt lines 117-423; text cleaned
reference_results/logs/student_distillation.log	18770	4e3ad706ac41343fa146256e879f9725a9c4768c2f5637a94839063d1f1d9e7a	distill128.log	
reference_results/quad4/e2/config_used.json	2477	6271c43b0ee4f979c262e5d5fcfc7daeb86a28411d59e1f5df419e80b6902323	outputs/quad4/e2/config_used.json	text cleaned
reference_results/quad4/e2/e2_alone_pred.json	170279	6869b612d13e28ea39b89361b42b59f1ec2877c7b562e5c4bd865ff1dcaadbfa	outputs/quad4/e2/e2_alone_pred.json	
reference_results/quad4/e2/e2_alone_truth.json	170312	0d589a93afd5e11d3c48d0b301b2b10d8db3f902ad85ba54eb0c5b6197a08616	outputs/quad4/e2/e2_alone_truth.json	
reference_results/quad4/e2/e2_full_pred.json	173061	a93b71d655d2301427362ea65aa8083a261f7d560ef83e1bc050315c1079e3aa	outputs/quad4/e2/e2_full_pred.json	
reference_results/quad4/e2/e2_full_truth.json	173052	ccd7561d905004b1c200ef2c4da186387ef8b3822a9a387c7bbd58483c6f3d34	outputs/quad4/e2/e2_full_truth.json	
reference_results/quad4/e2/e2_parity_alone.pdf	23011	ddb26b74298bc6afc743db40bdab839ee24f3dde4fa000e909ec70d0125c807f	outputs/quad4/e2/e2_parity_alone.pdf	
reference_results/quad4/e2/e2_parity_alone.png	96444	5201d61ca5030b110e7f4147af507fa352240f078afa0fc1da156ac48bd1be55	outputs/quad4/e2/e2_parity_alone.png	
reference_results/quad4/e2/e2_parity_alone_data.json	1820	f31cb10de21ee7fe002abca34534b1f00652d8af9b696c8d0051dc1fddca0e55	outputs/quad4/e2/e2_parity_alone_data.json	
reference_results/quad4/e2/e2_parity_alone_data.npz	6461	0078a579b2f1a91b6f9555468de36761249d8489de24bf1f706500fd0de0fde3	outputs/quad4/e2/e2_parity_alone_data.npz	
reference_results/quad4/e2/e2_parity_full.pdf	30053	ca341960df5d8d984424c83eceed3aeefeca071c498809459d4ac38511e9679e	outputs/quad4/e2/e2_parity_full.pdf	
reference_results/quad4/e2/e2_parity_full.png	110482	777c74a8919759eafe32e56478983a7ea6c774257597e572ab03acfde1b63d2a	outputs/quad4/e2/e2_parity_full.png	
reference_results/quad4/e2/e2_parity_full_data.json	2229	ba3864611227baa657441b07071b5671488b83487c011ba11921b0999f1d1ef6	outputs/quad4/e2/e2_parity_full_data.json	
reference_results/quad4/e2/e2_parity_full_data.npz	17756	dd6c90f61b79bf93f806fbd30b6210229ad6316a5a35a1b9d744a95361a32787	outputs/quad4/e2/e2_parity_full_data.npz	
reference_results/quad4/e2/e2_parity_uniform.pdf	26775	979a9b3eab8dbc9c2a79351e87487db303f28781d2dcc972c4543af64a38948b	outputs/quad4/e2/e2_parity_uniform.pdf	
reference_results/quad4/e2/e2_parity_uniform.png	107768	325f00cca0472383d9361c689f7cb3e15f2dda647b46159e75eab806b1823889	outputs/quad4/e2/e2_parity_uniform.png	
reference_results/quad4/e2/e2_parity_uniform_data.json	2232	ddf1a11e6886a53cff6a2ecf077a24e3913bf5e1435719f0d5c4becfc6db1eb1	outputs/quad4/e2/e2_parity_uniform_data.json	
reference_results/quad4/e2/e2_parity_uniform_data.npz	14395	8ac288950f934c1e6a5f720783a5b9f027c97d1eec9d7d080297ad9121771cdd	outputs/quad4/e2/e2_parity_uniform_data.npz	
reference_results/quad4/e2/e2_summary.json	18322	0cf79db2fd251ec7776956ebb43fb6a142eea503292af740f044720414dfc74a	outputs/quad4/e2/e2_summary.json	text cleaned
reference_results/quad4/e2/e2_uniform_pred.json	173003	e46e04eaeafa68ac18e36071b0f8e55fe8f42b9cdc24bb6515b30bfc34f94be1	outputs/quad4/e2/e2_uniform_pred.json	
reference_results/quad4/e2/e2_uniform_truth.json	172973	f4a81289df0c22278f5f3314d69bb0db5917a52feebce5996756ab313ded5777	outputs/quad4/e2/e2_uniform_truth.json	
reference_results/quad4/e3/config_used.json	2477	6271c43b0ee4f979c262e5d5fcfc7daeb86a28411d59e1f5df419e80b6902323	outputs/quad4/e3/config_used.json	text cleaned
reference_results/quad4/e3/e3_alone_truth.json	170312	aab27d8334e2364148b426c520fb19449e10ffaad090918726dde30d23124077	outputs/quad4/e3/e3_alone_truth.json	
reference_results/quad4/e3/e3_cdf.pdf	34852	90dca261bfe8fb09d7c74aad64789d34f046db9c988886b924125bf8c9548024	outputs/quad4/e3/e3_cdf.pdf	
reference_results/quad4/e3/e3_cdf.png	200834	724e531fede6e2d0835e72b4b619cd25ab0602b2a0507d4cb821f8d1c5ddd0e3	outputs/quad4/e3/e3_cdf.png	
reference_results/quad4/e3/e3_cdf_data.json	8814	357e8a9ff757d2bba70887715a5ae4cf7bd221c0f8f23a58b64fdc40ecc080f8	outputs/quad4/e3/e3_cdf_data.json	text cleaned
reference_results/quad4/e3/e3_cdf_data.npz	139307	506f93eb9dda90aff33878bfb9430deb9699b12b8a152ab3de7ec340596ebfdf	outputs/quad4/e3/e3_cdf_data.npz	
reference_results/quad4/e3/e3_cdf_paper.pdf	33619	c431424149a570f5f48ef0f88b7889d94fcebcd52bd1f7809b22022b80f9d01f	outputs/quad4/e3/e3_cdf_paper.pdf	
reference_results/quad4/e3/e3_cdf_paper.png	187059	b1c12fc68820243218ffe010ef55178671bae3e66b091c1adc92948082eb5192	outputs/quad4/e3/e3_cdf_paper.png	
reference_results/quad4/e3/e3_cdf_paper_data.json	6466	a29db4e5a3f1beb3961eb0f99710cb9dc4ffff38eb296991bd3f2debb4d356a8	outputs/quad4/e3/e3_cdf_paper_data.json	text cleaned
reference_results/quad4/e3/e3_cdf_paper_data.npz	87405	40ebc551ed17d592e084c111eccb296e572710b71dbfc7d07f64fd0ea11c16c4	outputs/quad4/e3/e3_cdf_paper_data.npz	
reference_results/quad4/e3/e3_diemaps_alone.pdf	44129	158785bf18d6f5e4ed8b19f0c87ede7c2a3c0cf44f3176443d52a5f18166db7e	outputs/quad4/e3/e3_diemaps_alone.pdf	
reference_results/quad4/e3/e3_diemaps_alone.png	207240	38a563ed4275ba2c887472c7c0cc72c35c4960da55dbc0b66452d7ffdf55f03e	outputs/quad4/e3/e3_diemaps_alone.png	
reference_results/quad4/e3/e3_diemaps_alone_data.json	56639	bd002c74a42e2320fe00ed6f50326c0964e59519e448df8a2fe23315bc1495e6	outputs/quad4/e3/e3_diemaps_alone_data.json	
reference_results/quad4/e3/e3_diemaps_alone_data.npz	223712	d7db1025e60e45baec8fc60567922e3ca535ca0f7597dc30b468b2ca099470eb	outputs/quad4/e3/e3_diemaps_alone_data.npz	
reference_results/quad4/e3/e3_diemaps_full.pdf	98665	f5f8abb2dfaf4e7fad2414fafbe7f3e52b19cce284c67ee2195b7a277b46dcbc	outputs/quad4/e3/e3_diemaps_full.pdf	
reference_results/quad4/e3/e3_diemaps_full.png	475943	0a583c1addc256b44c5d10895ea95f6cddcc28476b5ba8cf02bbb08725532eb9	outputs/quad4/e3/e3_diemaps_full.png	
reference_results/quad4/e3/e3_diemaps_full_data.json	61994	f7c3d8f967ed60e91e45cd4185f2508c662a0ee36f57bfcfbfe4c721192afd68	outputs/quad4/e3/e3_diemaps_full_data.json	
reference_results/quad4/e3/e3_diemaps_full_data.npz	278347	5aa4b199bc87d384663344f96106d49b932a05af5f81ef529085de1d1f8d3018	outputs/quad4/e3/e3_diemaps_full_data.npz	
reference_results/quad4/e3/e3_effect_ratios.pdf	25707	5b045fbf074fd77e8572c03304fb80662508eb298bd48dad8e1a5b318574edd0	outputs/quad4/e3/e3_effect_ratios.pdf	
reference_results/quad4/e3/e3_effect_ratios.png	83436	41d2fe5213c128be7d0a56a61e643d874035f2dcfe86ef6cd6d63fcceb2cbb02	outputs/quad4/e3/e3_effect_ratios.png	
reference_results/quad4/e3/e3_effect_ratios_data.json	3881	2dea1a3accb68b07ad0396491b8bd6cd9f8986e9dc0257f693c6df62f4c5de2c	outputs/quad4/e3/e3_effect_ratios_data.json	
reference_results/quad4/e3/e3_effect_ratios_data.npz	4631	c2d16df6fc3708c3a14b805a8e718183a589f4ba158d964ad9908c07d19906e4	outputs/quad4/e3/e3_effect_ratios_data.npz	
reference_results/quad4/e3/e3_full_stackem.json	173061	55091b5973f6a054d1dcadf54772b26793322192479a56f48f60cb7291c7a573	outputs/quad4/e3/e3_full_stackem.json	
reference_results/quad4/e3/e3_full_truth.json	173052	45f1d7f96cbfdf61e9de6c8b6b92ca032b7931659acaba15f2baf5995d06f676	outputs/quad4/e3/e3_full_truth.json	
reference_results/quad4/e3/e3_hotspot_alignment.pdf	93465	6d6f2252d4fae3fbe57e2ca5130ab35346f11df8b6b46e172d97969681311f57	outputs/quad4/e3/e3_hotspot_alignment.pdf	
reference_results/quad4/e3/e3_hotspot_alignment.png	488977	fa3692c4d34783007f1ec6c3c7005334f2a3d47f3b308ffbda88b6c98479ace5	outputs/quad4/e3/e3_hotspot_alignment.png	
reference_results/quad4/e3/e3_hotspot_alignment_data.json	94949	bdffbf7af940865f40f48dc3eabc32fcde7812b7093e4455299c55b32fd32a76	outputs/quad4/e3/e3_hotspot_alignment_data.json	
reference_results/quad4/e3/e3_hotspot_alignment_data.npz	371858	24a79b388df1aeba999a407e0194b7ba71f4ba82a93c2497fe05981abea0b455	outputs/quad4/e3/e3_hotspot_alignment_data.npz	
reference_results/quad4/e3/e3_margin_alone.pdf	28891	bfaac0b51a18dc7de1b40c23d9834114708b5548059452fa937554c20ffb0148	outputs/quad4/e3/e3_margin_alone.pdf	
reference_results/quad4/e3/e3_margin_alone.png	258026	f68bee8c4d8e65c1208b566c9a758e29a39ccd956a8a1c257d7399bef3bbeaab	outputs/quad4/e3/e3_margin_alone.png	
reference_results/quad4/e3/e3_margin_alone_data.json	55136	8c9f1375fd6f11cd60917dbb549a724a7cb28d3c24726caafd047ca931dd6f76	outputs/quad4/e3/e3_margin_alone_data.json	
reference_results/quad4/e3/e3_margin_alone_data.npz	198302	e81ba05263ebe1c2cb378c2c5360c45d68351c2f2a8978e6e85340a0b0f8e2cc	outputs/quad4/e3/e3_margin_alone_data.npz	
reference_results/quad4/e3/e3_margin_full.pdf	27223	51cfa216722af4d9e677fef73d8595ae857de56d8a1cda7cc05705b5f4a8b444	outputs/quad4/e3/e3_margin_full.pdf	
reference_results/quad4/e3/e3_margin_full.png	266464	444ec355a7e0bf37f2dd039009f9852b4f652675646046de3fdc431deff9646e	outputs/quad4/e3/e3_margin_full.png	
reference_results/quad4/e3/e3_margin_full_data.json	55137	fb44495c5384ce8098728b9c46626e2776af3b37b76a437ac43642ca281979f5	outputs/quad4/e3/e3_margin_full_data.json	
reference_results/quad4/e3/e3_margin_full_data.npz	198302	e81ba05263ebe1c2cb378c2c5360c45d68351c2f2a8978e6e85340a0b0f8e2cc	outputs/quad4/e3/e3_margin_full_data.npz	
reference_results/quad4/e3/e3_margin_uniform_signoff.pdf	26641	589bd92578da5e3bba7cb446281a3eb471bd6e029358a516c394f1dfb38e674c	outputs/quad4/e3/e3_margin_uniform_signoff.pdf	
reference_results/quad4/e3/e3_margin_uniform_signoff.png	178684	88f379689d5aabe12580d6a25e27ca3f57257996d62af7b058dfb1515bad6f3e	outputs/quad4/e3/e3_margin_uniform_signoff.png	
reference_results/quad4/e3/e3_margin_uniform_signoff_data.json	55140	801137476d30cf58d437c92ca02cc7881712aa2e87e84554a7b1d616b3f17b32	outputs/quad4/e3/e3_margin_uniform_signoff_data.json	
reference_results/quad4/e3/e3_margin_uniform_signoff_data.npz	198302	e81ba05263ebe1c2cb378c2c5360c45d68351c2f2a8978e6e85340a0b0f8e2cc	outputs/quad4/e3/e3_margin_uniform_signoff_data.npz	
reference_results/quad4/e3/e3_no_joule_truth.json	171693	2146c36555af163e9504d0b7dba63034055cda05f91c3b05e110b6c86f660074	outputs/quad4/e3/e3_no_joule_truth.json	
reference_results/quad4/e3/e3_no_tm_truth.json	173028	a640b46726db7e49e04b477f53029d082085e35d735df370e4b94e20e78296ff	outputs/quad4/e3/e3_no_tm_truth.json	
reference_results/quad4/e3/e3_sigmaT_const_truth.json	173184	1c8ff4eabdc64b507d7980245528cb9a1f23dd20dd9c8a41b4eeb686c32cb5c7	outputs/quad4/e3/e3_sigmaT_const_truth.json	
reference_results/quad4/e3/e3_stack3d_full.pdf	467125	fce76ac3af2229638739206e78dc4d5fb86080e6c9f145cca56c8d033e8ba071	outputs/quad4/e3/e3_stack3d_full.pdf	
reference_results/quad4/e3/e3_stack3d_full.png	1414351	300c5f99f134707004b2f33e17b4a545ca4e80b648fc00be59285f89c631e3b9	outputs/quad4/e3/e3_stack3d_full.png	
reference_results/quad4/e3/e3_stack3d_full_data.json	6135	a497d04188326b30fe53db91e30e64820edd958953d82acd8c62f0f485f7901a	outputs/quad4/e3/e3_stack3d_full_data.json	
reference_results/quad4/e3/e3_stack3d_full_data.npz	55369	51993d8edcdea55bb03c0e279eee5f2a5e7f9801b85e0c5e8a39249f93d46e82	outputs/quad4/e3/e3_stack3d_full_data.npz	
reference_results/quad4/e3/e3_stress_surface.pdf	61000	109fce581be4d661372dec8aecdd65d0e29c2fdacd9556450d50a02a930ef957	outputs/quad4/e3/e3_stress_surface.pdf	
reference_results/quad4/e3/e3_stress_surface.png	275611	90e1f72f665e807867967ea6202eaf30fa6dd11a3b6919252c712bf822156533	outputs/quad4/e3/e3_stress_surface.png	
reference_results/quad4/e3/e3_stress_surface_data.json	8760	8dc172111f9137ecdf38099d95adce3a5fb914fa36ab2bcf902e002bcf82f21c	outputs/quad4/e3/e3_stress_surface_data.json	
reference_results/quad4/e3/e3_stress_surface_data.npz	921692	e6ae3b58ac516d0dfdb708ab1613d0089b7ae0b97c3806d070637319e88c3add	outputs/quad4/e3/e3_stress_surface_data.npz	
reference_results/quad4/e3/e3_summary.json	40077	ca83604ca788c41b8b9518e1485c37aeccaab1571a3dd0c09999fc6e6b19e78c	outputs/quad4/e3/e3_summary.json	text cleaned
reference_results/quad4/e3/e3_thermal_slice.pdf	35452	1f39d73a9958a5e70b1c1c6ce9e689549b3027b392869801ed420bb7cd306c89	outputs/quad4/e3/e3_thermal_slice.pdf	
reference_results/quad4/e3/e3_thermal_slice.png	171010	25c11d223288c73ea67fefea4145f39ad49a25c848720f295015601613a44d27	outputs/quad4/e3/e3_thermal_slice.png	
reference_results/quad4/e3/e3_thermal_slice_data.json	3420	b22444d2c7d257cfe1cd5025ff0e175197d931bfb860036a8c250cb1c2ff3d7e	outputs/quad4/e3/e3_thermal_slice_data.json	
reference_results/quad4/e3/e3_thermal_slice_data.npz	16683	0278260b05fb4b5f92e25b3342efc632fa4a0cf1c3e1b09d6419ecf67366b4e4	outputs/quad4/e3/e3_thermal_slice_data.npz	
reference_results/quad4/e3/e3_uniform_signoff_truth.json	170671	5ed751dc560407fa5b33a00ef81ac07fc91a31379ad2adefe988d4770b706755	outputs/quad4/e3/e3_uniform_signoff_truth.json	
reference_results/quad4/e3/e3_uniform_truth.json	172974	e36f4adb5843935b9e23b722f15c86fffe171222f98c4b3844f182547c5420fa	outputs/quad4/e3/e3_uniform_truth.json	
reference_results/quad4/e3/hot_00/e3_full_truth.json	172953	04b9e8b91049bd7fed87fd6791bea3a7a1a3d3a3a78c26da543b75c533cd8042	outputs/quad4/e3/hot_00/e3_full_truth.json	
reference_results/quad4/e3/hot_03/e3_full_truth.json	173097	09a78400a34740170c3e07ea4b381c9f2072da237fc7c1cfeb09330cc1f36249	outputs/quad4/e3/hot_03/e3_full_truth.json	
reference_results/quad4/e3/hot_11/e3_full_truth.json	173165	1411df38ceac4d7f7590b325403a23c0f5e5007a8fd8fe10554df2eb9fc67bbe	outputs/quad4/e3/hot_11/e3_full_truth.json	
reference_results/quad4/e3/hot_22/e3_full_truth.json	173203	7255084990c5c65456f0def448862d2e096de5e680e5cf0805a71ec67c8edac7	outputs/quad4/e3/hot_22/e3_full_truth.json	
reference_results/quad4/e3/hot_33/e3_full_truth.json	173239	272b63e5b92f0e49aac4c568de4daf12a93f3dab064e7e135dc0b179fac4bce9	outputs/quad4/e3/hot_33/e3_full_truth.json	
reference_results/quad4/e7/config_used.json	2477	6271c43b0ee4f979c262e5d5fcfc7daeb86a28411d59e1f5df419e80b6902323	outputs/quad4/e7/config_used.json	text cleaned
reference_results/quad4/e7/e7_confusion.pdf	21820	c38fe0aed50d1ec0dadb2404c64b6cee3ced8a9241aaa394e23ba09306e0b003	outputs/quad4/e7/e7_confusion.pdf	
reference_results/quad4/e7/e7_confusion.png	69136	3ab6c467389d0b278c2fd7a7c5359011fdc7fcd0d38abc1391d2d98e790fb9d7	outputs/quad4/e7/e7_confusion.png	
reference_results/quad4/e7/e7_confusion_data.json	3513	37470c0d6996770480870814a4c11136e3b96cc0e3f117dca15d70326b187fcb	outputs/quad4/e7/e7_confusion_data.json	
reference_results/quad4/e7/e7_confusion_data.npz	13008	6f1ff6a8d18abf11d7178efcd39c7b864a9edbf309636cb410847ebfe3b0ad80	outputs/quad4/e7/e7_confusion_data.npz	
reference_results/quad4/e7/e7_ranking.json	6314	d29dcdb337da83e2a9aa97423771d1ae8d750d52c23303ccc8bfd006e18999cc	outputs/quad4/e7/e7_ranking.json	text cleaned
reference_results/quad4/e7/e7_ranking.pdf	24561	fab3d8a57e34f66d20b515fc3b5d49227f4aa60ead6d7fb4bbb320551bc80a5b	outputs/quad4/e7/e7_ranking.pdf	
reference_results/quad4/e7/e7_ranking.png	130063	b422706ed1b70d5385e689196896f3903bd243f490d778c8a5fbc565aedcfdec	outputs/quad4/e7/e7_ranking.png	
reference_results/quad4/e7/e7_ranking_data.json	4075	184f77bdb7fe7141393eaecf653393cdf305cae2e61fe0efa5d35ede22c16be2	outputs/quad4/e7/e7_ranking_data.json	
reference_results/quad4/e7/e7_ranking_data.npz	4312	a620af7aa1d840aafc2484c43f7593c35d9fffc3ba155f72a17900bd978f6c6e	outputs/quad4/e7/e7_ranking_data.npz	
reference_results/quad4/signoff/signoff_sizing.json	6933	0035e43f09d85a79859d63e2fa46770bd161733fddbc1e169a62975265dad39d	outputs/quad4/signoff/signoff_sizing.json	
reference_results/quad4/signoff/signoff_sizing.pdf	31600	d33bf0ffc31c4c12870d770effb83a421372717ce7bb40a7c7a610298e4ec24e	outputs/quad4/signoff/signoff_sizing.pdf	
reference_results/quad4/signoff/signoff_sizing.png	206010	8b1c55e3af51e4626a6c087a95f0d5a21eb915eeda230071729adab8022fa9cc	outputs/quad4/signoff/signoff_sizing.png	
reference_results/quad4/signoff/signoff_sizing_data.json	3591	b2c2ac51e8d1619957469d808c93ed3bb0f1df46e759facc2d8e8dd6b989b866	outputs/quad4/signoff/signoff_sizing_data.json	
reference_results/quad4/signoff/signoff_sizing_data.npz	9184	fd988000af456b53568ec0f30b5cc0639224406d4efb92ff9207f0812e78d73d	outputs/quad4/signoff/signoff_sizing_data.npz	
reference_results/quad4/tables/table_params.json	2852	5a82cd192de3ece2a0a748135580d73eb682dd730c51eb986fa8aaa526d0c4e3	outputs/quad4/tables/table_params.json	
reference_results/quad4/tables/table_params.md	2347	19e404889abc613ee2c9c0eb5c22e1283b2c662d9ce2eae766bd0d9396009e64	outputs/quad4/tables/table_params.md	
reference_results/quad4/tables/table_params.tex	2699	f0988016f967618abec2ce2d2abfdfa2cdb1c1ccf99a505cdc23494356eee122	outputs/quad4/tables/table_params.tex	
